{"version":"0.4","title":"Arceus","type":"page","content":[{"id":"76111446","settings":{"gap":"wide","content_position":"top","background_background":"gradient","background_color":"#f97794","background_color_b":"#623aa2","background_gradient_angle":{"unit":"deg","size":200}},"elements":[{"id":"6b2af44f","settings":{"_column_size":100},"elements":[{"id":"9187a1e","settings":{"space":{"unit":"px","size":65},"space_tablet":{"unit":"px","size":65,"sizes":[]},"space_mobile":{"unit":"px","size":65,"sizes":[]}},"elements":[],"isInner":false,"widgetType":"spacer","elType":"widget"},{"id":"2ca86d77","settings":{"gap":"extended","content_position":"top","structure":"20"},"elements":[{"id":"760bb32e","settings":{"_column_size":50,"_inline_size":45,"_inline_size_tablet":100,"_inline_size_mobile":100,"margin_tablet":{"unit":"px","top":"0","right":"0","bottom":"0","left":"0","isLinked":true},"padding_tablet":{"unit":"px","top":"15","right":"15","bottom":"25","left":"15","isLinked":false}},"elements":[{"id":"21ba470e","settings":{"image":{"id":4683,"url":"https:\/\/www.cssigniter.com\/elementor\/wp-content\/uploads\/2018\/10\/logodesign.jpg"},"image_size":"medium_large","align":"center","width":{"unit":"%","size":100},"space":{"unit":"%","size":100},"align_tablet":"center","width_tablet":{"unit":"%","size":100},"space_tablet":{"unit":"%","size":100},"image_border_radius":{"unit":"px","top":"10","right":"10","bottom":"10","left":"10","isLinked":true},"image_box_shadow_box_shadow_type":"yes","image_box_shadow_box_shadow":{"horizontal":26,"vertical":0,"blur":69,"spread":-20,"color":"rgba(0,0,0,0.32)"},"align_mobile":"center","width_mobile":{"unit":"%","size":100,"sizes":[]},"space_mobile":{"unit":"%","size":100,"sizes":[]}},"elements":[],"isInner":false,"widgetType":"image","elType":"widget"}],"isInner":true,"elType":"column"},{"id":"1a7dbba0","settings":{"_column_size":50,"_inline_size":55,"content_position":"center","space_between_widgets":40,"padding":{"unit":"px","top":"15","right":"15","bottom":"15","left":"105","isLinked":false},"_inline_size_tablet":100,"_inline_size_mobile":100,"padding_tablet":{"unit":"px","top":"15","right":"15","bottom":"15","left":"15","isLinked":true},"padding_mobile":{"unit":"px","top":"15","right":"15","bottom":"15","left":"15","isLinked":true}},"elements":[{"id":"77305431","settings":{"title":"Everything there is to know about logo design","header_size":"h1","align":"left","title_color":"#ffffff","typography_typography":"custom","typography_font_family":"Roboto","typography_font_size":{"unit":"px","size":45},"typography_font_weight":"500","typography_text_transform":"none","typography_font_style":"normal","typography_line_height":{"unit":"em","size":1.100000000000000088817841970012523233890533447265625},"align_tablet":"left","align_mobile":"left","typography_font_size_tablet":{"unit":"px","size":60},"typography_font_size_mobile":{"unit":"px","size":38},"typography_text_decoration":"none","typography_line_height_tablet":{"unit":"em","size":1.100000000000000088817841970012523233890533447265625},"typography_line_height_mobile":{"unit":"em","size":1.100000000000000088817841970012523233890533447265625}},"elements":[],"isInner":false,"widgetType":"heading","elType":"widget"},{"id":"139b46bd","settings":{"title":"Learn everything you\u2019d ever need to learn about logo design","header_size":"p","align":"left","title_color":"#ffffff","typography_typography":"custom","typography_font_family":"Roboto","typography_font_size":{"unit":"px","size":24},"typography_font_weight":"300","typography_text_transform":"none","typography_font_style":"normal","typography_line_height":{"unit":"em","size":1.3000000000000000444089209850062616169452667236328125},"align_tablet":"left","align_mobile":"left","typography_font_size_tablet":{"unit":"px","size":24},"typography_font_size_mobile":{"unit":"px","size":18},"typography_text_decoration":"none","typography_line_height_tablet":{"unit":"em","size":1.3000000000000000444089209850062616169452667236328125},"typography_line_height_mobile":{"unit":"em","size":1.5}},"elements":[],"isInner":false,"widgetType":"heading","elType":"widget"},{"id":"5a7a69f3","settings":{"editor":"<p>Design is now a discipline in its own right and its expertise can be incorporated within interdisciplinary processes. The most important fundamental principles of design theory and methodology are presented, looking in particular at the communicative function of products and highlighting aspects such as corporate and service design, design management, strategic design, interface\/interaction design and human design.<\/p>","align":"left","text_color":"#ffffff","typography_typography":"custom","typography_font_family":"Roboto","typography_font_size":{"unit":"px","size":16},"typography_font_weight":"300","typography_text_transform":"none","typography_font_style":"normal","typography_line_height":{"unit":"em","size":1.5},"align_tablet":"left","align_mobile":"left","typography_font_size_tablet":{"unit":"px","size":16},"typography_font_size_mobile":{"unit":"px","size":16},"typography_text_decoration":"none","typography_line_height_tablet":{"unit":"em","size":1.5},"typography_line_height_mobile":{"unit":"em","size":1.5},"custom_css":"p {\n    margin: 0;\n}"},"elements":[],"isInner":false,"widgetType":"text-editor","elType":"widget"},{"id":"20eb64f7","settings":{"button_type":"success","text":"Download","align":"left","size":"lg","typography_typography":"custom","typography_font_family":"Roboto","typography_font_size":{"unit":"px","size":14},"typography_font_weight":"700","typography_text_transform":"uppercase","typography_font_style":"normal","typography_line_height":{"unit":"em","size":1},"button_text_color":"#ffffff","background_color":"#f97794","hover_color":"rgba(255,255,255,0.9)","button_background_hover_color":"rgba(249,119,148,0.9)","border_radius":{"unit":"px","top":"3","right":"3","bottom":"3","left":"3","isLinked":true},"text_padding":{"unit":"px","top":"22","right":"60","bottom":"22","left":"60","isLinked":false},"align_tablet":"left","align_mobile":"left","link":{"url":"#book","is_external":"","nofollow":""},"button_box_shadow_box_shadow_type":"yes","button_box_shadow_box_shadow":{"horizontal":0,"vertical":0,"blur":45,"spread":0,"color":"rgba(0,0,0,0.07)"},"typography_font_size_tablet":{"unit":"px","size":14,"sizes":[]},"typography_font_size_mobile":{"unit":"px","size":14,"sizes":[]},"typography_text_decoration":"none","typography_line_height_tablet":{"unit":"em","size":1,"sizes":[]},"typography_line_height_mobile":{"unit":"em","size":1,"sizes":[]},"text_padding_tablet":{"unit":"px","top":"22","right":"60","bottom":"22","left":"60","isLinked":false},"text_padding_mobile":{"unit":"px","top":"22","right":"60","bottom":"22","left":"60","isLinked":false}},"elements":[],"isInner":false,"widgetType":"button","elType":"widget"}],"isInner":true,"elType":"column"}],"isInner":true,"elType":"section"},{"id":"4fca266f","settings":{"space":{"unit":"px","size":85},"space_tablet":{"unit":"px","size":85},"space_mobile":{"unit":"px","size":35}},"elements":[],"isInner":false,"widgetType":"spacer","elType":"widget"}],"isInner":false,"elType":"column"}],"isInner":false,"elType":"section"},{"id":"4b27cbed","settings":{"gap":"wide","content_position":"middle","background_background":"gradient","background_color":"#f97794","background_color_b":"#623aa2","background_gradient_angle":{"unit":"deg","size":300}},"elements":[{"id":"1762aa56","settings":{"_column_size":100},"elements":[{"id":"4ddfb303","settings":{"space":{"unit":"px","size":65},"space_tablet":{"unit":"px","size":65},"space_mobile":{"unit":"px","size":15}},"elements":[],"isInner":false,"widgetType":"spacer","elType":"widget"},{"id":"40362f84","settings":{"content_width":{"unit":"px","size":750},"gap":"extended","content_position":"top","background_background":"classic","border_radius":{"unit":"px","top":"5","right":"5","bottom":"5","left":"5","isLinked":true},"padding":{"unit":"px","top":"30","right":"30","bottom":"30","left":"30","isLinked":true},"padding_tablet":{"unit":"px","top":"30","right":"30","bottom":"30","left":"30","isLinked":true},"padding_mobile":{"unit":"px","top":"30","right":"30","bottom":"30","left":"30","isLinked":true}},"elements":[{"id":"25f8d2fc","settings":{"_column_size":100,"_inline_size":null},"elements":[{"id":"339df33c","settings":{"title":"How Do I Get The Ebook?","align":"center","title_color":"#ffffff","typography_typography":"custom","typography_font_family":"Roboto","typography_font_size":{"unit":"px","size":38},"typography_font_weight":"500","typography_text_transform":"none","typography_font_style":"normal","typography_line_height":{"unit":"em","size":1},"align_tablet":"center","align_mobile":"center","typography_font_size_tablet":{"unit":"px","size":38},"typography_font_size_mobile":{"unit":"px","size":33},"typography_text_decoration":"none","typography_line_height_tablet":{"unit":"em","size":1},"typography_line_height_mobile":{"unit":"em","size":1.1999999999999999555910790149937383830547332763671875}},"elements":[],"isInner":false,"widgetType":"heading","elType":"widget"},{"id":"46e9b14f","settings":{"title":"Fill out and submit the form below in order to receive the Ebook link by email","header_size":"p","align":"center","title_color":"#ffffff","typography_typography":"custom","typography_font_family":"Roboto","typography_font_size":{"unit":"px","size":18},"typography_font_weight":"300","typography_text_transform":"none","typography_font_style":"normal","typography_line_height":{"unit":"em","size":1},"align_tablet":"center","align_mobile":"center","typography_font_size_tablet":{"unit":"px","size":18},"typography_font_size_mobile":{"unit":"px","size":16},"typography_text_decoration":"none","typography_line_height_tablet":{"unit":"em","size":1},"typography_line_height_mobile":{"unit":"em","size":1.399999999999999911182158029987476766109466552734375}},"elements":[],"isInner":false,"widgetType":"heading","elType":"widget"},{"id":"3293116b","settings":{"space":{"unit":"px","size":15},"space_mobile":{"unit":"px","size":15},"space_tablet":{"unit":"px","size":15,"sizes":[]}},"elements":[],"isInner":false,"widgetType":"spacer","elType":"widget"},{"id":"3aa46ff6","settings":{"form_name":"New Form","form_fields":[{"_id":"email","field_type":"email","required":"true","field_label":"Email","placeholder":"Enter your Email","width":"75","field_value":"","min_date":"","max_date":"","field_options":"","allow_multiple":"","select_size":"","inline_list":"","field_html":"","width_tablet":"66","width_mobile":"100","rows":4,"recaptcha_size":"normal","recaptcha_style":"light","css_classes":"","file_sizes":"","file_types":"","allow_multiple_upload":"","max_files":"","acceptance_text":"","checked_by_default":"","field_min":"","field_max":"","use_native_date":"","use_native_time":"","custom_id":"email","recaptcha_badge":"bottomright"}],"input_size":"md","show_labels":"","button_text":"GET THE BOOK","button_size":"md","button_width":"25","email_content":"[all-fields]","email_content_2":"[all-fields]","success_message":"The form was sent successfully.","error_message":"An error occured.","required_field_message":"This field is required.","invalid_message":"There's something wrong. The form is invalid.","field_text_color":"#585858","field_typography_typography":"custom","field_typography_font_family":"Roboto","field_typography_font_size":{"unit":"px","size":15},"field_typography_font_weight":"400","field_typography_text_transform":"none","field_typography_font_style":"normal","field_typography_line_height":{"unit":"em","size":1},"field_border_width":{"unit":"px","top":"0","right":"0","bottom":"0","left":"0","isLinked":true},"field_border_radius":{"unit":"px","top":"3","right":"3","bottom":"3","left":"3","isLinked":true},"button_background_color":"#f97794","button_text_color":"#ffffff","button_typography_typography":"custom","button_typography_font_family":"Roboto","button_typography_font_size":{"unit":"px","size":14},"button_typography_font_weight":"700","button_typography_text_transform":"none","button_typography_font_style":"normal","button_typography_line_height":{"unit":"em","size":1.399999999999999911182158029987476766109466552734375},"_margin":{"unit":"px","top":"0","right":"0","bottom":"20","left":"0","isLinked":false},"button_background_hover_color":"rgba(249,119,148,0.9)","button_hover_color":"rgba(255,255,255,0.9)","button_width_tablet":"33","button_width_mobile":"100","button_align_tablet":"center","button_align_mobile":"center","field_typography_font_size_tablet":{"unit":"px","size":15,"sizes":[]},"field_typography_font_size_mobile":{"unit":"px","size":15,"sizes":[]},"field_typography_line_height_tablet":{"unit":"em","size":1,"sizes":[]},"field_typography_line_height_mobile":{"unit":"em","size":1,"sizes":[]},"button_typography_font_size_tablet":{"unit":"px","size":14,"sizes":[]},"button_typography_font_size_mobile":{"unit":"px","size":14,"sizes":[]},"button_typography_line_height_tablet":{"unit":"em","size":1.399999999999999911182158029987476766109466552734375,"sizes":[]},"button_typography_line_height_mobile":{"unit":"em","size":1.399999999999999911182158029987476766109466552734375,"sizes":[]},"button_border_border":"solid","button_border_width":{"unit":"px","top":"0","right":"0","bottom":"0","left":"0","isLinked":true},"button_border_width_tablet":{"unit":"px","top":"0","right":"0","bottom":"0","left":"0","isLinked":true},"button_border_width_mobile":{"unit":"px","top":"0","right":"0","bottom":"0","left":"0","isLinked":true},"button_hover_border_color":"rgba(249,119,148,0)","_margin_tablet":{"unit":"px","top":"0","right":"0","bottom":"20","left":"0","isLinked":false},"_margin_mobile":{"unit":"px","top":"0","right":"0","bottom":"20","left":"0","isLinked":false}},"elements":[],"isInner":false,"widgetType":"form","elType":"widget"},{"id":"39ad0040","settings":{"title":"Please note","header_size":"p","align":"center","title_color":"#ffffff","typography_typography":"custom","typography_font_family":"Roboto","typography_font_size":{"unit":"px","size":14},"typography_font_weight":"300","typography_text_transform":"none","typography_font_style":"normal","typography_line_height":{"unit":"em","size":1},"_margin":{"unit":"px","top":"0","right":"0","bottom":"-10","left":"0","isLinked":false},"align_tablet":"center","align_mobile":"center","typography_font_size_tablet":{"unit":"px","size":14},"typography_font_size_mobile":{"unit":"px","size":14},"typography_text_decoration":"none","typography_line_height_tablet":{"unit":"em","size":1},"typography_line_height_mobile":{"unit":"em","size":1},"_margin_tablet":{"unit":"px","top":"0","right":"0","bottom":"-10","left":"0","isLinked":false},"_margin_mobile":{"unit":"px","top":"0","right":"0","bottom":"-10","left":"0","isLinked":false}},"elements":[],"isInner":false,"widgetType":"heading","elType":"widget"},{"id":"3777d5f3","settings":{"title":"The form above right requires Elementor Pro. You can, of course, use any other free contact form plugins like Contact form 7 or WPForms","header_size":"p","align":"center","title_color":"#ffffff","typography_typography":"custom","typography_font_family":"Roboto","typography_font_size":{"unit":"px","size":14},"typography_font_weight":"300","typography_text_transform":"none","typography_font_style":"normal","typography_line_height":{"unit":"em","size":1.600000000000000088817841970012523233890533447265625},"_padding":{"unit":"px","top":"0","right":"130","bottom":"0","left":"130","isLinked":false},"_padding_tablet":{"unit":"px","top":"0","right":"50","bottom":"0","left":"50","isLinked":false},"_padding_mobile":{"unit":"px","top":"0","right":"10","bottom":"0","left":"10","isLinked":false},"align_tablet":"center","align_mobile":"center","typography_font_size_tablet":{"unit":"px","size":14},"typography_font_size_mobile":{"unit":"px","size":12},"typography_text_decoration":"none","typography_line_height_tablet":{"unit":"em","size":1.600000000000000088817841970012523233890533447265625},"typography_line_height_mobile":{"unit":"em","size":1.600000000000000088817841970012523233890533447265625}},"elements":[],"isInner":false,"widgetType":"heading","elType":"widget"}],"isInner":true,"elType":"column"}],"isInner":true,"elType":"section"},{"id":"7d86682c","settings":{"space":{"unit":"px","size":85},"space_tablet":{"unit":"px","size":85},"space_mobile":{"unit":"px","size":35}},"elements":[],"isInner":false,"widgetType":"spacer","elType":"widget"}],"isInner":false,"elType":"column"}],"isInner":false,"elType":"section"},{"id":"11306b58","settings":{"gap":"wide","content_position":"middle","background_background":"gradient","background_color":"#f97794","background_color_b":"#623aa2","background_gradient_angle":{"unit":"deg","size":210}},"elements":[{"id":"9716861","settings":{"_column_size":100},"elements":[{"id":"6865e1a8","settings":{"space":{"unit":"px","size":15},"_margin":{"unit":"px","top":"0","right":"0","bottom":"-20","left":"0","isLinked":false},"space_tablet":{"unit":"px","size":15},"space_mobile":{"unit":"px","size":35}},"elements":[],"isInner":false,"widgetType":"spacer","elType":"widget"},{"id":"11b0d7ba","settings":{"gap":"extended","content_position":"top","structure":"60"},"elements":[{"id":"283232d0","settings":{"_column_size":16,"_inline_size":null,"_inline_size_tablet":33,"_inline_size_mobile":100,"padding_tablet":{"unit":"px","top":"15","right":"15","bottom":"25","left":"15","isLinked":false},"padding_mobile":{"unit":"px","top":"15","right":"15","bottom":"25","left":"15","isLinked":false}},"elements":[{"id":"5d894489","settings":{"image":{"id":4684,"url":"https:\/\/www.cssigniter.com\/elementor\/wp-content\/uploads\/2018\/10\/book_logo3.png"},"image_size":"full","align":"center","width":{"unit":"%","size":100},"space":{"unit":"%","size":100},"align_tablet":"center","align_mobile":"center","width_tablet":{"unit":"%","size":100,"sizes":[]},"width_mobile":{"unit":"%","size":50,"sizes":[]},"space_tablet":{"unit":"%","size":100,"sizes":[]},"space_mobile":{"unit":"%","size":50,"sizes":[]}},"elements":[],"isInner":false,"widgetType":"image","elType":"widget"}],"isInner":true,"elType":"column"},{"id":"7c257e3b","settings":{"_column_size":16,"_inline_size":null,"_inline_size_tablet":33,"_inline_size_mobile":100,"padding_tablet":{"unit":"px","top":"15","right":"15","bottom":"25","left":"15","isLinked":false},"padding_mobile":{"unit":"px","top":"15","right":"15","bottom":"25","left":"15","isLinked":false}},"elements":[{"id":"4e5580d9","settings":{"image":{"id":4685,"url":"https:\/\/www.cssigniter.com\/elementor\/wp-content\/uploads\/2018\/10\/book_logo2.png"},"image_size":"full","align":"center","width":{"unit":"%","size":100},"space":{"unit":"%","size":100},"align_tablet":"center","align_mobile":"center","width_tablet":{"unit":"%","size":100,"sizes":[]},"width_mobile":{"unit":"%","size":50,"sizes":[]},"space_tablet":{"unit":"%","size":100,"sizes":[]},"space_mobile":{"unit":"%","size":50,"sizes":[]}},"elements":[],"isInner":false,"widgetType":"image","elType":"widget"}],"isInner":true,"elType":"column"},{"id":"78f054fc","settings":{"_column_size":16,"_inline_size":null,"_inline_size_tablet":33,"_inline_size_mobile":100,"padding_tablet":{"unit":"px","top":"15","right":"15","bottom":"25","left":"15","isLinked":false},"padding_mobile":{"unit":"px","top":"15","right":"15","bottom":"25","left":"15","isLinked":false}},"elements":[{"id":"77b98750","settings":{"image":{"id":4686,"url":"https:\/\/www.cssigniter.com\/elementor\/wp-content\/uploads\/2018\/10\/book_logo4.png"},"image_size":"medium","align":"center","width":{"unit":"%","size":100},"space":{"unit":"%","size":100},"align_tablet":"center","align_mobile":"center","width_tablet":{"unit":"%","size":100,"sizes":[]},"width_mobile":{"unit":"%","size":50,"sizes":[]},"space_tablet":{"unit":"%","size":100,"sizes":[]},"space_mobile":{"unit":"%","size":50,"sizes":[]}},"elements":[],"isInner":false,"widgetType":"image","elType":"widget"}],"isInner":true,"elType":"column"},{"id":"6c852a3a","settings":{"_column_size":16,"_inline_size":null,"_inline_size_tablet":33,"_inline_size_mobile":100,"padding_tablet":{"unit":"px","top":"15","right":"15","bottom":"25","left":"15","isLinked":false},"padding_mobile":{"unit":"px","top":"15","right":"15","bottom":"25","left":"15","isLinked":false}},"elements":[{"id":"5d309cbb","settings":{"image":{"id":4687,"url":"https:\/\/www.cssigniter.com\/elementor\/wp-content\/uploads\/2018\/10\/book_logo5.png"},"image_size":"medium","align":"center","width":{"unit":"%","size":100},"space":{"unit":"%","size":100},"align_tablet":"center","align_mobile":"center","width_tablet":{"unit":"%","size":100,"sizes":[]},"width_mobile":{"unit":"%","size":50,"sizes":[]},"space_tablet":{"unit":"%","size":100,"sizes":[]},"space_mobile":{"unit":"%","size":50,"sizes":[]}},"elements":[],"isInner":false,"widgetType":"image","elType":"widget"}],"isInner":true,"elType":"column"},{"id":"40e65f8a","settings":{"_column_size":16,"_inline_size":null,"_inline_size_tablet":33,"_inline_size_mobile":100,"padding_tablet":{"unit":"px","top":"15","right":"15","bottom":"25","left":"15","isLinked":false},"padding_mobile":{"unit":"px","top":"15","right":"15","bottom":"25","left":"15","isLinked":false}},"elements":[{"id":"539a3676","settings":{"image":{"id":4688,"url":"https:\/\/www.cssigniter.com\/elementor\/wp-content\/uploads\/2018\/10\/arceus-img01.png"},"image_size":"full","align":"center","width":{"unit":"%","size":100},"space":{"unit":"%","size":100},"align_tablet":"center","align_mobile":"center","width_tablet":{"unit":"%","size":100,"sizes":[]},"width_mobile":{"unit":"%","size":50,"sizes":[]},"space_tablet":{"unit":"%","size":100,"sizes":[]},"space_mobile":{"unit":"%","size":50,"sizes":[]}},"elements":[],"isInner":false,"widgetType":"image","elType":"widget"}],"isInner":true,"elType":"column"},{"id":"54f2b3e","settings":{"_column_size":16,"_inline_size":null,"_inline_size_tablet":33,"_inline_size_mobile":100,"padding_tablet":{"unit":"px","top":"15","right":"15","bottom":"25","left":"15","isLinked":false},"padding_mobile":{"unit":"px","top":"15","right":"15","bottom":"25","left":"15","isLinked":false}},"elements":[{"id":"6832479e","settings":{"image":{"id":4689,"url":"https:\/\/www.cssigniter.com\/elementor\/wp-content\/uploads\/2018\/10\/book_logo6.png"},"image_size":"medium","align":"center","width":{"unit":"%","size":100},"space":{"unit":"%","size":100},"align_tablet":"center","align_mobile":"center","width_tablet":{"unit":"%","size":100,"sizes":[]},"width_mobile":{"unit":"%","size":50,"sizes":[]},"space_tablet":{"unit":"%","size":100,"sizes":[]},"space_mobile":{"unit":"%","size":50,"sizes":[]}},"elements":[],"isInner":false,"widgetType":"image","elType":"widget"}],"isInner":true,"elType":"column"}],"isInner":true,"elType":"section"},{"id":"1dcfeb81","settings":{"space":{"unit":"px","size":15},"space_tablet":{"unit":"px","size":15},"space_mobile":{"unit":"px","size":25}},"elements":[],"isInner":false,"widgetType":"spacer","elType":"widget"}],"isInner":false,"elType":"column"}],"isInner":false,"elType":"section"},{"id":"6691fb3b","settings":{"gap":"wide","content_position":"top","background_background":"gradient","background_color":"#f97794","background_color_b":"#623aa2","background_gradient_angle":{"unit":"deg","size":260}},"elements":[{"id":"270bc281","settings":{"_column_size":100,"padding_tablet":{"unit":"px","top":"20","right":"20","bottom":"20","left":"20","isLinked":true}},"elements":[{"id":"21882979","settings":{"space":{"unit":"px","size":65},"space_tablet":{"unit":"px","size":55},"space_mobile":{"unit":"px","size":15}},"elements":[],"isInner":false,"widgetType":"spacer","elType":"widget"},{"id":"630cd6e3","settings":{"gap":"extended","content_position":"top","structure":"20","reverse_order_tablet":"reverse-tablet","reverse_order_mobile":"reverse-mobile"},"elements":[{"id":"2e8296c6","settings":{"_column_size":50,"_inline_size":null,"content_position":"center","space_between_widgets":40,"padding":{"unit":"px","top":"15","right":"105","bottom":"15","left":"15","isLinked":false},"_inline_size_tablet":100,"_inline_size_mobile":100,"padding_tablet":{"unit":"px","top":"15","right":"15","bottom":"15","left":"15","isLinked":true}},"elements":[{"id":"7d920e4f","settings":{"title":"What\u2019s Inside","align":"left","title_color":"#ffffff","typography_typography":"custom","typography_font_family":"Roboto","typography_font_size":{"unit":"px","size":38},"typography_font_weight":"500","typography_text_transform":"none","typography_font_style":"normal","typography_line_height":{"unit":"em","size":1},"align_tablet":"left","align_mobile":"left","typography_font_size_tablet":{"unit":"px","size":38},"typography_font_size_mobile":{"unit":"px","size":34},"typography_text_decoration":"none","typography_line_height_tablet":{"unit":"em","size":1},"typography_line_height_mobile":{"unit":"em","size":1.1999999999999999555910790149937383830547332763671875}},"elements":[],"isInner":false,"widgetType":"heading","elType":"widget"},{"id":"6cc784c3","settings":{"editor":"<p>In our 25 page guide to logo design you\u2019ll learn the basics of what a logo is, rules for creating a logo and other things to consider like colors and typography. Have a laugh at some awesome-ly bad logos and the story behind some of the world\u2019s most famous brands. Adding a universal quality to a logo provides the broadest communicative reach, what almost all identities are intended to accomplish. The intellectual exercise of connecting the dots of \u201cthinking\u201d is not irrelevant in design, of course \u2014 particularly when it comes to branding.<\/p>","align":"left","text_color":"#ffffff","typography_typography":"custom","typography_font_family":"Roboto","typography_font_size":{"unit":"px","size":16},"typography_font_weight":"300","typography_text_transform":"none","typography_font_style":"normal","typography_line_height":{"unit":"em","size":1.5},"align_tablet":"left","align_mobile":"left","typography_font_size_tablet":{"unit":"px","size":16},"typography_font_size_mobile":{"unit":"px","size":16},"typography_text_decoration":"none","typography_line_height_tablet":{"unit":"em","size":1.5},"typography_line_height_mobile":{"unit":"em","size":1.5}},"elements":[],"isInner":false,"widgetType":"text-editor","elType":"widget"}],"isInner":true,"elType":"column"},{"id":"1eaae0e7","settings":{"_column_size":50,"_inline_size":null,"_inline_size_tablet":100,"_inline_size_mobile":100,"padding_tablet":{"unit":"px","top":"15","right":"15","bottom":"25","left":"15","isLinked":false}},"elements":[{"id":"70d4706f","settings":{"image":{"id":5057,"url":"https:\/\/www.cssigniter.com\/elementor\/wp-content\/uploads\/2019\/05\/pagesb.png"},"image_size":"medium_large","align":"center","width":{"unit":"%","size":100},"space":{"unit":"%","size":100},"align_tablet":"center","align_mobile":"center","width_tablet":{"unit":"%","size":100,"sizes":[]},"width_mobile":{"unit":"%","size":100,"sizes":[]},"space_tablet":{"unit":"%","size":100,"sizes":[]},"space_mobile":{"unit":"%","size":100,"sizes":[]}},"elements":[],"isInner":false,"widgetType":"image","elType":"widget"}],"isInner":true,"elType":"column"}],"isInner":true,"elType":"section"},{"id":"3cf1261","settings":{"space":{"unit":"px","size":10}},"elements":[],"isInner":false,"widgetType":"spacer","elType":"widget"},{"id":"219ec5f0","settings":{"gap":"extended","content_position":"top","structure":"20"},"elements":[{"id":"1956c900","settings":{"_column_size":50,"_inline_size":40,"_inline_size_tablet":100,"_inline_size_mobile":100,"padding_tablet":{"unit":"px","top":"15","right":"15","bottom":"25","left":"15","isLinked":false}},"elements":[{"id":"8d97b9c","settings":{"image":{"id":4683,"url":"https:\/\/www.cssigniter.com\/elementor\/wp-content\/uploads\/2018\/10\/logodesign.jpg"},"image_size":"medium_large","align":"center","width":{"unit":"%","size":100},"space":{"unit":"%","size":100},"align_tablet":"center","width_tablet":{"unit":"%","size":100},"space_tablet":{"unit":"%","size":100},"image_border_radius":{"unit":"px","top":"10","right":"10","bottom":"10","left":"10","isLinked":true},"image_box_shadow_box_shadow_type":"yes","image_box_shadow_box_shadow":{"horizontal":26,"vertical":0,"blur":69,"spread":-20,"color":"rgba(0,0,0,0.32)"},"align_mobile":"center","width_mobile":{"unit":"%","size":100,"sizes":[]},"space_mobile":{"unit":"%","size":100,"sizes":[]}},"elements":[],"isInner":false,"widgetType":"image","elType":"widget"}],"isInner":true,"elType":"column"},{"id":"2801cd0c","settings":{"_column_size":50,"_inline_size":60,"content_position":"center","space_between_widgets":40,"padding":{"unit":"px","top":"15","right":"15","bottom":"15","left":"105","isLinked":false},"_inline_size_tablet":100,"_inline_size_mobile":100,"padding_tablet":{"unit":"px","top":"15","right":"15","bottom":"15","left":"15","isLinked":true},"padding_mobile":{"unit":"px","top":"15","right":"15","bottom":"15","left":"15","isLinked":true}},"elements":[{"id":"9df649","settings":{"title":"Key Takeaways","align":"left","title_color":"#ffffff","typography_typography":"custom","typography_font_family":"Roboto","typography_font_size":{"unit":"px","size":38},"typography_font_weight":"500","typography_text_transform":"none","typography_font_style":"normal","typography_line_height":{"unit":"em","size":1},"align_tablet":"left","align_mobile":"left","typography_font_size_tablet":{"unit":"px","size":38},"typography_font_size_mobile":{"unit":"px","size":34},"typography_text_decoration":"none","typography_line_height_tablet":{"unit":"em","size":1},"typography_line_height_mobile":{"unit":"em","size":1.1999999999999999555910790149937383830547332763671875}},"elements":[],"isInner":false,"widgetType":"heading","elType":"widget"},{"id":"2faf7932","settings":{"editor":"<p>Adding a universal quality to a logo provides the broadest communicative reach, what almost all identities are intended to accomplish. The intellectual exercise of connecting the dots of \u201cthinking\u201d is not irrelevant in design, of course \u2014 particularly when it comes to branding \u2014 but by combining the intuitive immediacy of symbols and metaphors with strategic thinking, you integrate essential information that helps your logo stand out and be remembered.<\/p>","align":"left","text_color":"#ffffff","typography_typography":"custom","typography_font_family":"Roboto","typography_font_size":{"unit":"px","size":16},"typography_font_weight":"300","typography_text_transform":"none","typography_font_style":"normal","typography_line_height":{"unit":"em","size":1.5},"align_tablet":"left","align_mobile":"left","typography_font_size_tablet":{"unit":"px","size":16},"typography_font_size_mobile":{"unit":"px","size":16},"typography_text_decoration":"none","typography_line_height_tablet":{"unit":"em","size":1.5},"typography_line_height_mobile":{"unit":"em","size":1.5},"_margin":{"unit":"px","top":"0","right":"0","bottom":"-20","left":"0","isLinked":false},"_margin_tablet":{"unit":"px","top":"0","right":"0","bottom":"-20","left":"0","isLinked":false},"_margin_mobile":{"unit":"px","top":"0","right":"0","bottom":"-20","left":"0","isLinked":false}},"elements":[],"isInner":false,"widgetType":"text-editor","elType":"widget"},{"id":"7eb26a06","settings":{"editor":"<p>The intellectual exercise of connecting the dots of \u201cthinking\u201d is not irrelevant in design, of course \u2014 particularly when it comes to branding \u2014 but by combining the intuitive immediacy of symbols and metaphors with strategic thinking.<\/p>","align":"left","text_color":"#ffffff","typography_typography":"custom","typography_font_family":"Roboto","typography_font_size":{"unit":"px","size":16},"typography_font_weight":"300","typography_text_transform":"none","typography_font_style":"normal","typography_line_height":{"unit":"em","size":1.5},"align_tablet":"left","align_mobile":"left","typography_font_size_tablet":{"unit":"px","size":16},"typography_font_size_mobile":{"unit":"px","size":16},"typography_text_decoration":"none","typography_line_height_tablet":{"unit":"em","size":1.5},"typography_line_height_mobile":{"unit":"em","size":1.5}},"elements":[],"isInner":false,"widgetType":"text-editor","elType":"widget"}],"isInner":true,"elType":"column"}],"isInner":true,"elType":"section"},{"id":"314dcc06","settings":{"space":{"unit":"px","size":85},"space_tablet":{"unit":"px","size":85},"space_mobile":{"unit":"px","size":10}},"elements":[],"isInner":false,"widgetType":"spacer","elType":"widget"}],"isInner":false,"elType":"column"}],"isInner":false,"elType":"section"},{"id":"4ef4858d","settings":{"gap":"wide","content_position":"top","background_background":"gradient","background_color":"#f97794","background_color_b":"#623aa2","background_gradient_angle":{"unit":"deg","size":270}},"elements":[{"id":"31e4bb65","settings":{"_column_size":100},"elements":[{"id":"2437d8ab","settings":{"space":{"unit":"px","size":65},"space_tablet":{"unit":"px","size":65},"space_mobile":{"unit":"px","size":15}},"elements":[],"isInner":false,"widgetType":"spacer","elType":"widget"},{"id":"1833867d","settings":{"gap":"extended","content_position":"top"},"elements":[{"id":"18810e73","settings":{"_column_size":100,"_inline_size":null,"padding":{"unit":"px","top":"15","right":"15","bottom":"25","left":"15","isLinked":false},"padding_mobile":{"unit":"px","top":"15","right":"15","bottom":"5","left":"15","isLinked":false}},"elements":[{"id":"3912cbe7","settings":{"title":"Testimonials","align":"center","title_color":"#ffffff","typography_typography":"custom","typography_font_family":"Roboto","typography_font_size":{"unit":"px","size":38},"typography_font_weight":"500","typography_text_transform":"none","typography_font_style":"normal","typography_line_height":{"unit":"em","size":1},"align_tablet":"center","align_mobile":"center","typography_font_size_tablet":{"unit":"px","size":38},"typography_font_size_mobile":{"unit":"px","size":33},"typography_text_decoration":"none","typography_line_height_tablet":{"unit":"em","size":1},"typography_line_height_mobile":{"unit":"em","size":1.1999999999999999555910790149937383830547332763671875}},"elements":[],"isInner":false,"widgetType":"heading","elType":"widget"},{"id":"19f76492","settings":{"title":"Here's what our clients say about our book","header_size":"p","align":"center","title_color":"#ffffff","typography_typography":"custom","typography_font_family":"Roboto","typography_font_size":{"unit":"px","size":18},"typography_font_weight":"300","typography_text_transform":"none","typography_font_style":"normal","typography_line_height":{"unit":"em","size":1},"align_tablet":"center","align_mobile":"center","typography_font_size_tablet":{"unit":"px","size":18},"typography_font_size_mobile":{"unit":"px","size":16},"typography_text_decoration":"none","typography_line_height_tablet":{"unit":"em","size":1},"typography_line_height_mobile":{"unit":"em","size":1.399999999999999911182158029987476766109466552734375}},"elements":[],"isInner":false,"widgetType":"heading","elType":"widget"}],"isInner":true,"elType":"column"}],"isInner":true,"elType":"section"},{"id":"19d18816","settings":{"gap":"extended","content_position":"top","structure":"20"},"elements":[{"id":"345ed937","settings":{"_column_size":50,"_inline_size":null,"padding":{"unit":"px","top":"15","right":"15","bottom":"25","left":"15","isLinked":false},"padding_mobile":{"unit":"px","top":"15","right":"15","bottom":"5","left":"15","isLinked":false}},"elements":[],"isInner":true,"elType":"column"},{"id":"7e49460f","settings":{"_column_size":50,"_inline_size":null,"padding":{"unit":"px","top":"15","right":"15","bottom":"25","left":"15","isLinked":false},"padding_mobile":{"unit":"px","top":"15","right":"15","bottom":"5","left":"15","isLinked":false}},"elements":[],"isInner":true,"elType":"column"}],"isInner":true,"elType":"section"}],"isInner":false,"elType":"column"}],"isInner":false,"elType":"section"},{"id":"3ee68f92","settings":{"gap":"wide","structure":"20","background_background":"gradient","background_color":"#f97794","background_color_b":"#623aa2","background_gradient_angle":{"unit":"deg","size":270},"content_position":"top"},"elements":[{"id":"42ab6305","settings":{"_column_size":50,"_inline_size":null,"_inline_size_tablet":100},"elements":[{"id":"1bd7337c","settings":{"gap":"extended","structure":"20"},"elements":[{"id":"631df9b2","settings":{"_column_size":50,"_inline_size":13.961999999999999744204615126363933086395263671875,"_inline_size_tablet":10,"_inline_size_mobile":100},"elements":[{"id":"4056ba45","settings":{"icon":"fa fa-quote-left","align":"left","primary_color":"#ffffff","size":{"unit":"px","size":40},"align_tablet":"left","align_mobile":"left","selected_icon":{"value":"fas fa-quote-left","library":"fa-solid"},"size_tablet":{"unit":"px","size":40,"sizes":[]},"size_mobile":{"unit":"px","size":40,"sizes":[]},"rotate_tablet":{"unit":"deg","size":0,"sizes":[]},"rotate_mobile":{"unit":"deg","size":0,"sizes":[]},"__fa4_migrated":{"selected_icon":true}},"elements":[],"isInner":false,"widgetType":"icon","elType":"widget"}],"isInner":true,"elType":"column"},{"id":"78964da6","settings":{"_column_size":50,"_inline_size":86.0379999999999967030817060731351375579833984375,"_inline_size_mobile":100},"elements":[{"id":"2bf7f0aa","settings":{"testimonial_content":"Really good. I will recommend you to \nmy colleagues. No matter where you go, this book is the coolest, most happening thing around! It impressed me on multiple levels.","testimonial_image":{"id":"4606","url":"https:\/\/www.cssigniter.com\/elementor\/wp-content\/uploads\/2018\/07\/weddym02.jpg"},"testimonial_image_size":"thumbnail","testimonial_name":"John Hafrey","testimonial_job":"CTO - Venture VC","testimonial_alignment":"left","content_content_color":"#ffffff","content_typography_typography":"custom","content_typography_font_family":"Roboto","content_typography_font_size":{"unit":"px","size":22},"content_typography_font_weight":"300","content_typography_text_transform":"none","content_typography_font_style":"normal","content_typography_line_height":{"unit":"em","size":1.399999999999999911182158029987476766109466552734375},"image_size":{"unit":"px","size":64},"name_text_color":"#ffffff","name_typography_typography":"custom","name_typography_font_family":"Roboto","name_typography_font_size":{"unit":"px","size":16},"name_typography_font_weight":"300","name_typography_text_transform":"none","name_typography_font_style":"normal","name_typography_line_height":{"unit":"em","size":1.1999999999999999555910790149937383830547332763671875},"job_text_color":"#ffffff","job_typography_typography":"custom","job_typography_font_family":"Roboto","job_typography_font_size":{"unit":"px","size":13},"job_typography_font_weight":"300","job_typography_text_transform":"none","job_typography_font_style":"normal","job_typography_line_height":{"unit":"em","size":1.399999999999999911182158029987476766109466552734375},"content_typography_font_size_tablet":{"unit":"px","size":22,"sizes":[]},"content_typography_font_size_mobile":{"unit":"px","size":22,"sizes":[]},"content_typography_text_decoration":"none","content_typography_line_height_tablet":{"unit":"em","size":1.399999999999999911182158029987476766109466552734375,"sizes":[]},"content_typography_line_height_mobile":{"unit":"em","size":1.399999999999999911182158029987476766109466552734375,"sizes":[]},"name_typography_font_size_tablet":{"unit":"px","size":16,"sizes":[]},"name_typography_font_size_mobile":{"unit":"px","size":16,"sizes":[]},"name_typography_text_decoration":"none","name_typography_line_height_tablet":{"unit":"em","size":1.1999999999999999555910790149937383830547332763671875,"sizes":[]},"name_typography_line_height_mobile":{"unit":"em","size":1.1999999999999999555910790149937383830547332763671875,"sizes":[]},"job_typography_font_size_tablet":{"unit":"px","size":13,"sizes":[]},"job_typography_font_size_mobile":{"unit":"px","size":13,"sizes":[]},"job_typography_line_height_tablet":{"unit":"em","size":1.399999999999999911182158029987476766109466552734375,"sizes":[]},"job_typography_line_height_mobile":{"unit":"em","size":1.399999999999999911182158029987476766109466552734375,"sizes":[]}},"elements":[],"isInner":false,"widgetType":"testimonial","elType":"widget"}],"isInner":true,"elType":"column"}],"isInner":true,"elType":"section"}],"isInner":false,"elType":"column"},{"id":"10a0108d","settings":{"_column_size":50,"_inline_size":null,"_inline_size_tablet":100},"elements":[{"id":"7cb8b2de","settings":{"gap":"extended","structure":"20"},"elements":[{"id":"2976458","settings":{"_column_size":50,"_inline_size":13.961999999999999744204615126363933086395263671875,"_inline_size_tablet":10,"_inline_size_mobile":100},"elements":[{"id":"408272a9","settings":{"icon":"fa fa-quote-left","align":"left","primary_color":"#ffffff","size":{"unit":"px","size":40},"align_tablet":"left","align_mobile":"left","selected_icon":{"value":"fas fa-quote-left","library":"fa-solid"},"size_tablet":{"unit":"px","size":40,"sizes":[]},"size_mobile":{"unit":"px","size":40,"sizes":[]},"rotate_tablet":{"unit":"deg","size":0,"sizes":[]},"rotate_mobile":{"unit":"deg","size":0,"sizes":[]},"__fa4_migrated":{"selected_icon":true}},"elements":[],"isInner":false,"widgetType":"icon","elType":"widget"}],"isInner":true,"elType":"column"},{"id":"24c7d7d4","settings":{"_column_size":50,"_inline_size":86.0379999999999967030817060731351375579833984375,"_inline_size_mobile":100},"elements":[{"id":"28236728","settings":{"testimonial_content":"This book is the most valuable business \nresource we have EVER purchased. It saved my business","testimonial_image":{"id":"4602","url":"https:\/\/www.cssigniter.com\/elementor\/wp-content\/uploads\/2018\/07\/weddyw01.jpg"},"testimonial_image_size":"thumbnail","testimonial_name":"Katerina Papadopoulou","testimonial_job":"CTO - Venture VC","testimonial_alignment":"left","content_content_color":"#ffffff","content_typography_typography":"custom","content_typography_font_family":"Roboto","content_typography_font_size":{"unit":"px","size":22},"content_typography_font_weight":"300","content_typography_text_transform":"none","content_typography_font_style":"normal","content_typography_line_height":{"unit":"em","size":1.399999999999999911182158029987476766109466552734375},"image_size":{"unit":"px","size":64},"name_text_color":"#ffffff","name_typography_typography":"custom","name_typography_font_family":"Roboto","name_typography_font_size":{"unit":"px","size":16},"name_typography_font_weight":"300","name_typography_text_transform":"none","name_typography_font_style":"normal","name_typography_line_height":{"unit":"em","size":1.1999999999999999555910790149937383830547332763671875},"job_text_color":"#ffffff","job_typography_typography":"custom","job_typography_font_family":"Roboto","job_typography_font_size":{"unit":"px","size":13},"job_typography_font_weight":"300","job_typography_text_transform":"none","job_typography_font_style":"normal","job_typography_line_height":{"unit":"em","size":1.399999999999999911182158029987476766109466552734375},"content_typography_font_size_tablet":{"unit":"px","size":22,"sizes":[]},"content_typography_font_size_mobile":{"unit":"px","size":22,"sizes":[]},"content_typography_text_decoration":"none","content_typography_line_height_tablet":{"unit":"em","size":1.399999999999999911182158029987476766109466552734375,"sizes":[]},"content_typography_line_height_mobile":{"unit":"em","size":1.399999999999999911182158029987476766109466552734375,"sizes":[]},"name_typography_font_size_tablet":{"unit":"px","size":16,"sizes":[]},"name_typography_font_size_mobile":{"unit":"px","size":16,"sizes":[]},"name_typography_line_height_tablet":{"unit":"em","size":1.1999999999999999555910790149937383830547332763671875,"sizes":[]},"name_typography_line_height_mobile":{"unit":"em","size":1.1999999999999999555910790149937383830547332763671875,"sizes":[]},"job_typography_font_size_tablet":{"unit":"px","size":13,"sizes":[]},"job_typography_font_size_mobile":{"unit":"px","size":13,"sizes":[]},"job_typography_line_height_tablet":{"unit":"em","size":1.399999999999999911182158029987476766109466552734375,"sizes":[]},"job_typography_line_height_mobile":{"unit":"em","size":1.399999999999999911182158029987476766109466552734375,"sizes":[]}},"elements":[],"isInner":false,"widgetType":"testimonial","elType":"widget"}],"isInner":true,"elType":"column"}],"isInner":true,"elType":"section"}],"isInner":false,"elType":"column"}],"isInner":false,"elType":"section"},{"id":"d7520af","settings":{"gap":"wide","background_background":"gradient","background_color":"#f97794","background_color_b":"#623aa2","background_gradient_angle":{"unit":"deg","size":270},"content_position":"top"},"elements":[{"id":"119fb491","settings":{"_column_size":100,"_inline_size":null,"_inline_size_tablet":100},"elements":[{"id":"3eaef284","settings":{"space":{"unit":"px","size":65},"space_tablet":{"unit":"px","size":65},"space_mobile":{"unit":"px","size":15}},"elements":[],"isInner":false,"widgetType":"spacer","elType":"widget"}],"isInner":false,"elType":"column"}],"isInner":false,"elType":"section"},{"id":"158b2110","settings":{"gap":"wide","content_position":"top","background_background":"gradient","background_color":"#f97794","background_color_b":"#623aa2","background_gradient_angle":{"unit":"deg","size":240}},"elements":[{"id":"2a6eda88","settings":{"_column_size":100},"elements":[{"id":"71c1d49","settings":{"space":{"unit":"px","size":65},"space_tablet":{"unit":"px","size":150},"space_mobile":{"unit":"px","size":50}},"elements":[],"isInner":false,"widgetType":"spacer","elType":"widget"},{"id":"d360050","settings":{"gap":"extended","content_position":"top","structure":"21"},"elements":[{"id":"6cf39258","settings":{"_column_size":33,"_inline_size":45,"_inline_size_tablet":100,"_inline_size_mobile":100,"padding_tablet":{"unit":"px","top":"15","right":"15","bottom":"25","left":"15","isLinked":false}},"elements":[{"id":"77ddc3a0","settings":{"image":{"id":"4607","url":"https:\/\/www.cssigniter.com\/elementor\/wp-content\/uploads\/2018\/07\/weddym03.jpg"},"image_size":"medium_large","align":"center","width":{"unit":"%","size":100},"space":{"unit":"%","size":100},"align_tablet":"center","align_mobile":"center","width_tablet":{"unit":"%","size":100},"width_mobile":{"unit":"%","size":100},"space_tablet":{"unit":"%","size":100},"space_mobile":{"unit":"%","size":100},"image_border_radius":{"unit":"px","top":"15","right":"15","bottom":"15","left":"15","isLinked":true},"image_border_radius_tablet":{"unit":"px","top":"15","right":"15","bottom":"15","left":"15","isLinked":true},"image_border_radius_mobile":{"unit":"px","top":"15","right":"15","bottom":"15","left":"15","isLinked":true}},"elements":[],"isInner":false,"widgetType":"image","elType":"widget"}],"isInner":true,"elType":"column"},{"id":"4abe27f4","settings":{"_column_size":66,"_inline_size":54.9969999999999998863131622783839702606201171875,"content_position":"center","space_between_widgets":40,"padding":{"unit":"px","top":"15","right":"15","bottom":"15","left":"105","isLinked":false},"_inline_size_tablet":100,"_inline_size_mobile":100,"padding_tablet":{"unit":"px","top":"15","right":"15","bottom":"15","left":"15","isLinked":true}},"elements":[{"id":"355cc482","settings":{"title":"About The Author","align":"left","title_color":"#ffffff","typography_typography":"custom","typography_font_family":"Roboto","typography_font_size":{"unit":"px","size":38},"typography_font_weight":"500","typography_text_transform":"none","typography_font_style":"normal","typography_line_height":{"unit":"em","size":1},"align_tablet":"left","align_mobile":"left","typography_font_size_tablet":{"unit":"px","size":38},"typography_font_size_mobile":{"unit":"px","size":34},"typography_text_decoration":"none","typography_line_height_tablet":{"unit":"em","size":1},"typography_line_height_mobile":{"unit":"em","size":1.1999999999999999555910790149937383830547332763671875}},"elements":[],"isInner":false,"widgetType":"heading","elType":"widget"},{"id":"6ed4d28c","settings":{"editor":"<p>George Summer was an internationally recognized graphic designer. Summer\u2019s projects included logo design, posters, packaging, annual reports and branding. His clients included AT&amp;T, GM, Pfizer, Mobil, Revlon and Mercedes-Benz. He built a reputation as a designer who \u201cmakes type talk,\u201d by using letterforms to solve design problems, for indeed he was passionate about type. When traveling he kept both his eyes and his camera lens open to record a phenomenon that can be seen along the roads, in small villages as well as urban centers. Huge painted ads on walls conveying messages from producers of food, drinks, gasoline and automobiles.<\/p>","align":"left","text_color":"#ffffff","typography_typography":"custom","typography_font_family":"Roboto","typography_font_size":{"unit":"px","size":16},"typography_font_weight":"300","typography_text_transform":"none","typography_font_style":"normal","typography_line_height":{"unit":"em","size":1.5},"align_tablet":"left","align_mobile":"left","typography_font_size_tablet":{"unit":"px","size":16},"typography_font_size_mobile":{"unit":"px","size":16},"typography_text_decoration":"none","typography_line_height_tablet":{"unit":"em","size":1.5},"typography_line_height_mobile":{"unit":"em","size":1.5}},"elements":[],"isInner":false,"widgetType":"text-editor","elType":"widget"},{"id":"73585099","settings":{"image":{"id":4691,"url":"https:\/\/www.cssigniter.com\/elementor\/wp-content\/uploads\/2018\/10\/arceus-signature.png"},"image_size":"medium","align":"left","width":{"unit":"%","size":50},"space":{"unit":"%","size":100},"align_tablet":"left","align_mobile":"left","width_tablet":{"unit":"%","size":35},"width_mobile":{"unit":"%","size":70},"space_tablet":{"unit":"%","size":100},"space_mobile":{"unit":"%","size":100}},"elements":[],"isInner":false,"widgetType":"image","elType":"widget"},{"id":"b9ec657","settings":{"social_icon_list":[{"social":"fa fa-facebook","_id":"0eaf4e3","link":{"url":"","is_external":"true","nofollow":""},"social_icon":{"value":"fab fa-facebook-f","library":"fa-brands"},"item_icon_color":"default","item_icon_primary_color":"","item_icon_secondary_color":"","__fa4_migrated":{"social_icon":true}},{"social":"fa fa-twitter","_id":"d013f45","link":{"url":"","is_external":"true","nofollow":""},"social_icon":{"value":"fab fa-twitter","library":"fa-brands"},"item_icon_color":"default","item_icon_primary_color":"","item_icon_secondary_color":"","__fa4_migrated":{"social_icon":true}},{"social":"fa fa-instagram","_id":"bc3facc","link":{"url":"","is_external":"true","nofollow":""},"social_icon":{"value":"fab fa-instagram","library":"fa-brands"},"item_icon_color":"default","item_icon_primary_color":"","item_icon_secondary_color":"","__fa4_migrated":{"social_icon":true}},{"social":"fa fa-linkedin","_id":"9b7b678","link":{"url":"","is_external":"true","nofollow":""},"social_icon":{"value":"fab fa-linkedin-in","library":"fa-brands"},"item_icon_color":"default","item_icon_primary_color":"","item_icon_secondary_color":"","__fa4_migrated":{"social_icon":true}}],"shape":"circle","align":"left","icon_color":"custom","icon_primary_color":"#f97794","icon_secondary_color":"#ffffff","icon_size":{"unit":"px","size":14},"icon_padding":{"unit":"em","size":0.6999999999999999555910790149937383830547332763671875},"hover_primary_color":"rgba(249,119,148,0.9)","hover_secondary_color":"rgba(255,255,255,0.9)","align_tablet":"left","align_mobile":"left","icon_size_tablet":{"unit":"px","size":14,"sizes":[]},"icon_size_mobile":{"unit":"px","size":14,"sizes":[]},"icon_padding_tablet":{"unit":"em","size":0.6999999999999999555910790149937383830547332763671875,"sizes":[]},"icon_padding_mobile":{"unit":"em","size":0.6999999999999999555910790149937383830547332763671875,"sizes":[]},"icon_spacing":{"unit":"px","size":5,"sizes":[]},"icon_spacing_tablet":{"unit":"px","size":5,"sizes":[]},"icon_spacing_mobile":{"unit":"px","size":5,"sizes":[]}},"elements":[],"isInner":false,"widgetType":"social-icons","elType":"widget"}],"isInner":true,"elType":"column"}],"isInner":true,"elType":"section"},{"id":"7f300874","settings":{"space":{"unit":"px","size":85},"space_tablet":{"unit":"px","size":85},"space_mobile":{"unit":"px","size":35}},"elements":[],"isInner":false,"widgetType":"spacer","elType":"widget"}],"isInner":false,"elType":"column"}],"isInner":false,"elType":"section"},{"id":"12acfaf9","settings":{"gap":"wide","content_position":"middle","background_background":"gradient","background_color":"#f97794","background_color_b":"#623aa2","background_gradient_angle":{"unit":"deg","size":270}},"elements":[{"id":"1701f3f6","settings":{"_column_size":100},"elements":[{"id":"3d2b542e","settings":{"space":{"unit":"px","size":65},"space_tablet":{"unit":"px","size":65},"space_mobile":{"unit":"px","size":15}},"elements":[],"isInner":false,"widgetType":"spacer","elType":"widget"},{"id":"736842","settings":{"content_width":{"unit":"px","size":750},"gap":"extended","content_position":"top","background_background":"classic","border_radius":{"unit":"px","top":"5","right":"5","bottom":"5","left":"5","isLinked":true},"padding":{"unit":"px","top":"30","right":"30","bottom":"30","left":"30","isLinked":true},"padding_tablet":{"unit":"px","top":"30","right":"30","bottom":"30","left":"30","isLinked":true},"padding_mobile":{"unit":"px","top":"30","right":"30","bottom":"30","left":"30","isLinked":true}},"elements":[{"id":"3741d6a1","settings":{"_column_size":100,"_inline_size":null},"elements":[{"id":"5d3128f9","settings":{"anchor":"book"},"elements":[],"isInner":false,"widgetType":"menu-anchor","elType":"widget"},{"id":"4faef970","settings":{"title":"How Do I Get The Ebook?","align":"center","title_color":"#ffffff","typography_typography":"custom","typography_font_family":"Roboto","typography_font_size":{"unit":"px","size":38},"typography_font_weight":"500","typography_text_transform":"none","typography_font_style":"normal","typography_line_height":{"unit":"em","size":1},"align_tablet":"center","align_mobile":"center","typography_font_size_tablet":{"unit":"px","size":38},"typography_font_size_mobile":{"unit":"px","size":33},"typography_text_decoration":"none","typography_line_height_tablet":{"unit":"em","size":1},"typography_line_height_mobile":{"unit":"em","size":1.1999999999999999555910790149937383830547332763671875}},"elements":[],"isInner":false,"widgetType":"heading","elType":"widget"},{"id":"19183be7","settings":{"title":"Fill out and submit the form below in order to receive the Ebook link by email","header_size":"p","align":"center","title_color":"#ffffff","typography_typography":"custom","typography_font_family":"Roboto","typography_font_size":{"unit":"px","size":18},"typography_font_weight":"300","typography_text_transform":"none","typography_font_style":"normal","typography_line_height":{"unit":"em","size":1},"align_tablet":"center","align_mobile":"center","typography_font_size_tablet":{"unit":"px","size":18},"typography_font_size_mobile":{"unit":"px","size":16},"typography_text_decoration":"none","typography_line_height_tablet":{"unit":"em","size":1},"typography_line_height_mobile":{"unit":"em","size":1.399999999999999911182158029987476766109466552734375}},"elements":[],"isInner":false,"widgetType":"heading","elType":"widget"},{"id":"64e08e73","settings":{"space":{"unit":"px","size":15},"space_mobile":{"unit":"px","size":20}},"elements":[],"isInner":false,"widgetType":"spacer","elType":"widget"},{"id":"4d063d29","settings":{"form_name":"New Form","form_fields":[{"_id":"email","field_type":"email","required":"true","field_label":"Email","placeholder":"Enter your Email","width":"75","field_value":"","min_date":"","max_date":"","field_options":"","allow_multiple":"","select_size":"","inline_list":"","field_html":"","width_tablet":"66","width_mobile":"100","rows":4,"recaptcha_size":"normal","recaptcha_style":"light","css_classes":"","file_sizes":"","file_types":"","allow_multiple_upload":"","max_files":"","acceptance_text":"","checked_by_default":"","field_min":"","field_max":"","use_native_date":"","use_native_time":"","custom_id":"email","recaptcha_badge":"bottomright"}],"input_size":"md","show_labels":"","button_text":"GET THE BOOK","button_size":"md","button_width":"25","email_content":"[all-fields]","email_content_2":"[all-fields]","success_message":"The form was sent successfully.","error_message":"An error occured.","required_field_message":"This field is required.","invalid_message":"There's something wrong. The form is invalid.","field_text_color":"#585858","field_typography_typography":"custom","field_typography_font_family":"Roboto","field_typography_font_size":{"unit":"px","size":15},"field_typography_font_weight":"400","field_typography_text_transform":"none","field_typography_font_style":"normal","field_typography_line_height":{"unit":"em","size":1},"field_border_width":{"unit":"px","top":"0","right":"0","bottom":"0","left":"0","isLinked":true},"field_border_radius":{"unit":"px","top":"3","right":"3","bottom":"3","left":"3","isLinked":true},"button_background_color":"#f97794","button_text_color":"#ffffff","button_typography_typography":"custom","button_typography_font_family":"Roboto","button_typography_font_size":{"unit":"px","size":14},"button_typography_font_weight":"700","button_typography_text_transform":"none","button_typography_font_style":"normal","button_typography_line_height":{"unit":"em","size":1.399999999999999911182158029987476766109466552734375},"_margin":{"unit":"px","top":"0","right":"0","bottom":"20","left":"0","isLinked":false},"button_background_hover_color":"rgba(249,119,148,0.9)","button_hover_color":"rgba(255,255,255,0.9)","button_width_tablet":"33","button_width_mobile":"100","button_align_tablet":"center","button_align_mobile":"center","field_typography_font_size_tablet":{"unit":"px","size":15,"sizes":[]},"field_typography_font_size_mobile":{"unit":"px","size":15,"sizes":[]},"field_typography_line_height_tablet":{"unit":"em","size":1,"sizes":[]},"field_typography_line_height_mobile":{"unit":"em","size":1,"sizes":[]},"button_typography_font_size_tablet":{"unit":"px","size":14,"sizes":[]},"button_typography_font_size_mobile":{"unit":"px","size":14,"sizes":[]},"button_typography_line_height_tablet":{"unit":"em","size":1.399999999999999911182158029987476766109466552734375,"sizes":[]},"button_typography_line_height_mobile":{"unit":"em","size":1.399999999999999911182158029987476766109466552734375,"sizes":[]},"button_border_border":"solid","button_border_width":{"unit":"px","top":"0","right":"0","bottom":"0","left":"0","isLinked":true},"button_border_width_tablet":{"unit":"px","top":"0","right":"0","bottom":"0","left":"0","isLinked":true},"button_border_width_mobile":{"unit":"px","top":"0","right":"0","bottom":"0","left":"0","isLinked":true},"button_hover_border_color":"rgba(249,119,148,0)","_margin_tablet":{"unit":"px","top":"0","right":"0","bottom":"20","left":"0","isLinked":false},"_margin_mobile":{"unit":"px","top":"0","right":"0","bottom":"20","left":"0","isLinked":false}},"elements":[],"isInner":false,"widgetType":"form","elType":"widget"},{"id":"6c0ff3fd","settings":{"title":"Please note","header_size":"p","align":"center","title_color":"#ffffff","typography_typography":"custom","typography_font_family":"Roboto","typography_font_size":{"unit":"px","size":14},"typography_font_weight":"300","typography_text_transform":"none","typography_font_style":"normal","typography_line_height":{"unit":"em","size":1},"_margin":{"unit":"px","top":"0","right":"0","bottom":"-10","left":"0","isLinked":false},"align_tablet":"center","align_mobile":"center","typography_font_size_tablet":{"unit":"px","size":14},"typography_font_size_mobile":{"unit":"px","size":14},"typography_text_decoration":"none","typography_line_height_tablet":{"unit":"em","size":1},"typography_line_height_mobile":{"unit":"em","size":1},"_margin_tablet":{"unit":"px","top":"0","right":"0","bottom":"-10","left":"0","isLinked":false},"_margin_mobile":{"unit":"px","top":"0","right":"0","bottom":"-10","left":"0","isLinked":false}},"elements":[],"isInner":false,"widgetType":"heading","elType":"widget"},{"id":"3ad68e13","settings":{"title":"The form above right requires Elementor Pro. You can, of course, use any other free contact form plugins like Contact form 7 or WPForms","header_size":"p","align":"center","title_color":"#ffffff","typography_typography":"custom","typography_font_family":"Roboto","typography_font_size":{"unit":"px","size":14},"typography_font_weight":"300","typography_text_transform":"none","typography_font_style":"normal","typography_line_height":{"unit":"em","size":1.600000000000000088817841970012523233890533447265625},"_padding":{"unit":"px","top":"0","right":"130","bottom":"0","left":"130","isLinked":false},"_padding_tablet":{"unit":"px","top":"0","right":"50","bottom":"0","left":"50","isLinked":false},"_padding_mobile":{"unit":"px","top":"0","right":"10","bottom":"0","left":"10","isLinked":false},"align_tablet":"center","align_mobile":"center","typography_font_size_tablet":{"unit":"px","size":14},"typography_font_size_mobile":{"unit":"px","size":12},"typography_text_decoration":"none","typography_line_height_tablet":{"unit":"em","size":1.600000000000000088817841970012523233890533447265625},"typography_line_height_mobile":{"unit":"em","size":1.600000000000000088817841970012523233890533447265625}},"elements":[],"isInner":false,"widgetType":"heading","elType":"widget"}],"isInner":true,"elType":"column"}],"isInner":true,"elType":"section"},{"id":"62a36562","settings":{"space":{"unit":"px","size":85},"space_tablet":{"unit":"px","size":85},"space_mobile":{"unit":"px","size":35}},"elements":[],"isInner":false,"widgetType":"spacer","elType":"widget"}],"isInner":false,"elType":"column"}],"isInner":false,"elType":"section"},{"id":"33d56533","settings":{"gap":"wide","content_position":"top","background_background":"gradient","background_color":"#f97794","background_color_b":"#623aa2","background_gradient_angle":{"unit":"deg","size":240}},"elements":[{"id":"6dcfcfc6","settings":{"_column_size":100},"elements":[{"id":"46336b46","settings":{"space":{"unit":"px","size":15},"_margin":{"unit":"px","top":"0","right":"0","bottom":"-10","left":"0","isLinked":false},"space_tablet":{"unit":"px","size":15,"sizes":[]},"space_mobile":{"unit":"px","size":15,"sizes":[]},"_margin_tablet":{"unit":"px","top":"0","right":"0","bottom":"-10","left":"0","isLinked":false},"_margin_mobile":{"unit":"px","top":"0","right":"0","bottom":"-10","left":"0","isLinked":false}},"elements":[],"isInner":false,"widgetType":"spacer","elType":"widget"},{"id":"79271277","settings":{"gap":"extended","content_position":"middle"},"elements":[{"id":"60080792","settings":{"_column_size":100,"_inline_size":null},"elements":[{"id":"60e628b7","settings":{"title":"\u00a9 2018 Arceus All rights reserved","header_size":"p","align":"center","title_color":"#ffffff","typography_typography":"custom","typography_font_family":"Roboto","typography_font_size":{"unit":"px","size":13},"typography_font_weight":"300","typography_text_transform":"none","typography_font_style":"normal","typography_line_height":{"unit":"em","size":1},"align_tablet":"center","align_mobile":"center","typography_font_size_tablet":{"unit":"px","size":13,"sizes":[]},"typography_font_size_mobile":{"unit":"px","size":13,"sizes":[]},"typography_text_decoration":"none","typography_line_height_tablet":{"unit":"em","size":1,"sizes":[]},"typography_line_height_mobile":{"unit":"em","size":1.1999999999999999555910790149937383830547332763671875,"sizes":[]}},"elements":[],"isInner":false,"widgetType":"heading","elType":"widget"}],"isInner":true,"elType":"column"}],"isInner":true,"elType":"section"},{"id":"204c1eef","settings":{"space":{"unit":"px","size":25},"space_tablet":{"unit":"px","size":25,"sizes":[]},"space_mobile":{"unit":"px","size":25,"sizes":[]}},"elements":[],"isInner":false,"widgetType":"spacer","elType":"widget"}],"isInner":false,"elType":"column"}],"isInner":false,"elType":"section"}]}