{"version":"0.4","title":"Henry &#8211; Production","type":"page","content":[{"id":"4a5a66d6","settings":{"content_width":{"unit":"px","size":1450,"sizes":[]},"gap":"extended","background_background":"classic","background_color":"#ffda00"},"elements":[{"id":"31601a13","settings":{"_column_size":100,"background_background":"classic"},"elements":[{"id":"62923e2f","settings":{"space":{"unit":"px","size":25,"sizes":[]}},"elements":[],"isInner":false,"widgetType":"spacer","elType":"widget"},{"id":"48f0f12c","settings":{"title":"Henry.Design","title_color":"#000000","typography_typography":"custom","typography_font_family":"Montserrat","typography_font_size":{"unit":"px","size":22,"sizes":[]},"_padding":{"unit":"px","top":"20","right":"20","bottom":"20","left":"20","isLinked":true},"_padding_tablet":{"unit":"px","top":"5","right":"5","bottom":"5","left":"5","isLinked":true},"_padding_mobile":{"unit":"px","top":"0","right":"0","bottom":"0","left":"0","isLinked":true}},"elements":[],"isInner":false,"widgetType":"heading","elType":"widget"},{"id":"a8b60ec","settings":{"content_width":{"unit":"px","size":1450,"sizes":[]},"gap":"extended","structure":"20"},"elements":[{"id":"75c69ffb","settings":{"_column_size":50,"_inline_size":null,"_inline_size_tablet":100,"content_position":"center","margin":{"unit":"px","top":"0","right":"50","bottom":"0","left":"0","isLinked":false},"margin_tablet":{"unit":"px","top":"0","right":"0","bottom":"30","left":"0","isLinked":false},"margin_mobile":{"unit":"px","top":"0","right":"0","bottom":"0","left":"0","isLinked":true},"padding_tablet":{"unit":"px","top":"0","right":"0","bottom":"0","left":"0","isLinked":true},"padding_mobile":{"unit":"px","top":"0","right":"0","bottom":"30","left":"0","isLinked":false}},"elements":[{"id":"4989fe34","settings":{"space_mobile":{"unit":"px","size":20,"sizes":[]}},"elements":[],"isInner":false,"widgetType":"spacer","elType":"widget"},{"id":"2c992fb7","settings":{"title":"Hello, I\u2019m Henry Green. ","header_size":"h1","title_color":"#000000","typography_typography":"custom","typography_font_family":"Montserrat","typography_font_size":{"unit":"px","size":90,"sizes":[]},"typography_font_weight":"bold","typography_letter_spacing":{"unit":"px","size":-3,"sizes":[]},"typography_font_size_mobile":{"unit":"px","size":69,"sizes":[]}},"elements":[],"isInner":false,"widgetType":"heading","elType":"widget"},{"id":"20c392ad","settings":{"space":{"unit":"px","size":25,"sizes":[]}},"elements":[],"isInner":false,"widgetType":"spacer","elType":"widget"},{"id":"5ae13b39","settings":{"title":"UI\/UX Designer & Frontend Developer \nfrom Whitechapel, London.","header_size":"p","title_color":"#000000","typography_typography":"custom","typography_font_family":"Open Sans","typography_font_size":{"unit":"px","size":26,"sizes":[]},"typography_font_weight":"normal","typography_line_height":{"unit":"em","size":1.5,"sizes":[]}},"elements":[],"isInner":false,"widgetType":"heading","elType":"widget"},{"id":"790dba17","settings":{"space":{"unit":"px","size":25,"sizes":[]}},"elements":[],"isInner":false,"widgetType":"spacer","elType":"widget"},{"id":"7869c60d","settings":{"text":"View Work","size":"lg","typography_typography":"custom","typography_font_family":"Montserrat","typography_font_size":{"unit":"px","size":14,"sizes":[]},"button_text_color":"#ffffff","background_color":"#fc3e7a","border_radius":{"unit":"px","top":"100","right":"100","bottom":"100","left":"100","isLinked":true},"link":{"url":"#form","is_external":"","nofollow":""},"typography_text_transform":"uppercase"},"elements":[],"isInner":false,"widgetType":"button","elType":"widget"},{"id":"2ff9a524","settings":{"space_mobile":{"unit":"px","size":30,"sizes":[]}},"elements":[],"isInner":false,"widgetType":"spacer","elType":"widget"},{"id":"d77556c","settings":{"social_icon_list":[{"social_icon":{"value":"fab fa-twitter","library":"fa-brands"},"_id":"730fb9f","link":{"url":"","is_external":"true","nofollow":""},"item_icon_color":"default","item_icon_primary_color":"","item_icon_secondary_color":"","social":"fa fa-twitter"},{"social_icon":{"value":"fab fa-facebook","library":"fa-brands"},"_id":"356a866","link":{"url":"","is_external":"true","nofollow":""},"item_icon_color":"default","item_icon_primary_color":"","item_icon_secondary_color":"","social":"fa fa-facebook"},{"social_icon":{"value":"fab fa-instagram","library":"fa-brands"},"_id":"41e0f30","link":{"url":"","is_external":"true","nofollow":""},"item_icon_color":"default","item_icon_primary_color":"","item_icon_secondary_color":"","social":"fa fa-instagram"},{"social_icon":{"value":"fab fa-dribbble","library":"fa-brands"},"_id":"318f061","link":{"url":"","is_external":"true","nofollow":""},"item_icon_color":"default","item_icon_primary_color":"","item_icon_secondary_color":"","social":"fa fa-dribbble"},{"social_icon":{"value":"fab fa-linkedin","library":"fa-brands"},"_id":"4dcf2e5","link":{"url":"","is_external":"true","nofollow":""},"item_icon_color":"default","item_icon_primary_color":"","item_icon_secondary_color":"","social":"fa fa-wordpress"}],"align":"left","icon_color":"custom","icon_primary_color":"rgba(0,0,0,0)","icon_secondary_color":"#0c0c0c"},"elements":[],"isInner":false,"widgetType":"social-icons","elType":"widget"}],"isInner":true,"elType":"column"},{"id":"235d8fea","settings":{"_column_size":50,"_inline_size":null,"content_position":"center","_inline_size_tablet":100,"margin":{"unit":"px","top":"0","right":"0","bottom":"0","left":"0","isLinked":false},"padding_tablet":{"unit":"px","top":"0","right":"0","bottom":"0","left":"0","isLinked":true},"padding_mobile":{"unit":"px","top":"0","right":"0","bottom":"0","left":"0","isLinked":true}},"elements":[{"id":"7de89f1e","settings":{"image":{"id":5246,"url":"https:\/\/www.cssigniter.com\/elementor\/wp-content\/uploads\/2019\/07\/henry_hero2.jpg"},"image_size":"custom","image_border_radius":{"unit":"px","top":"30","right":"30","bottom":"30","left":"30","isLinked":true},"image_box_shadow_box_shadow_type":"yes","image_box_shadow_box_shadow":{"horizontal":0,"vertical":0,"blur":69,"spread":0,"color":"rgba(0,0,0,0.17)"},"_margin":{"unit":"px","top":"0","right":"0","bottom":"-120","left":"0","isLinked":false},"_z_index":1},"elements":[],"isInner":false,"widgetType":"image","elType":"widget"}],"isInner":true,"elType":"column"}],"isInner":true,"elType":"section"}],"isInner":false,"elType":"column"}],"isInner":false,"elType":"section"},{"id":"4260afed","settings":{"content_width":{"unit":"px","size":1450,"sizes":[]},"gap":"extended","background_background":"classic","background_color":"#f6f6f6","padding":{"unit":"px","top":"150","right":"0","bottom":"100","left":"0","isLinked":false}},"elements":[{"id":"f467588","settings":{"_column_size":100,"padding_tablet":{"unit":"px","top":"0","right":"0","bottom":"0","left":"0","isLinked":true}},"elements":[{"id":"3676f98b","settings":{"title":"Profile","header_size":"p","align":"center","title_color":"#efefef","typography_typography":"custom","typography_font_family":"Montserrat","typography_font_size":{"unit":"px","size":210,"sizes":[]},"typography_font_weight":"bold","typography_letter_spacing":{"unit":"px","size":-3,"sizes":[]},"_margin":{"unit":"px","top":"0","right":"0","bottom":"-111","left":"0","isLinked":false},"hide_mobile":"hidden-phone"},"elements":[],"isInner":false,"widgetType":"heading","elType":"widget"},{"id":"1cc94ae5","settings":{"title":"About me. ","align":"center","title_color":"#000000","typography_typography":"custom","typography_font_family":"Montserrat","typography_font_size":{"unit":"px","size":70,"sizes":[]},"typography_font_weight":"bold","typography_letter_spacing":{"unit":"px","size":-2.899999999999999911182158029987476766109466552734375,"sizes":[]},"typography_font_size_mobile":{"unit":"px","size":42,"sizes":[]}},"elements":[],"isInner":false,"widgetType":"heading","elType":"widget"},{"id":"19560284","settings":{"weight":{"unit":"px","size":5,"sizes":[]},"color":"#ffda00","width":{"unit":"%","size":5,"sizes":[]},"align":"center","gap":{"unit":"px","size":0,"sizes":[]},"_margin":{"unit":"px","top":"0","right":"0","bottom":"0","left":"0","isLinked":false}},"elements":[],"isInner":false,"widgetType":"divider","elType":"widget"},{"id":"6470742d","settings":{"space_mobile":{"unit":"px","size":30,"sizes":[]}},"elements":[],"isInner":false,"widgetType":"spacer","elType":"widget"},{"id":"5b148fb6","settings":{"content_width":{"unit":"px","size":1450,"sizes":[]},"gap":"extended","structure":"20"},"elements":[{"id":"1db931e4","settings":{"_column_size":50,"_inline_size":null,"margin_mobile":{"unit":"px","top":"0","right":"0","bottom":"030","left":"0","isLinked":false},"padding_mobile":{"unit":"px","top":"0","right":"0","bottom":"0","left":"0","isLinked":true}},"elements":[{"id":"42260482","settings":{"text_color":"#606060","typography_typography":"custom","typography_font_family":"Open Sans","typography_font_size":{"unit":"px","size":18,"sizes":[]},"editor":"I am a Front-End Developer and UI Designer based in London. \nI am founder and CEO at Henry Green Creative Agency. I am a dreamer and a fanatic of all digital things. I have many years of experience in consulting in all areas of digital. I love minimal design and pizza. Judge at CSSDA. I am also an Envato Author."},"elements":[],"isInner":false,"widgetType":"text-editor","elType":"widget"}],"isInner":true,"elType":"column"},{"id":"104e5362","settings":{"_column_size":50,"_inline_size":null,"padding_mobile":{"unit":"px","top":"0","right":"0","bottom":"0","left":"0","isLinked":true}},"elements":[{"id":"458b52bb","settings":{"text_color":"#606060","typography_typography":"custom","typography_font_family":"Open Sans","typography_font_size":{"unit":"px","size":18,"sizes":[]},"editor":"I am a Front-End Developer and UI Designer based in London. \nI am founder and CEO at Henry Green Creative Agency. I am a dreamer and a fanatic of all digital things. I have many years of experience in consulting in all areas of digital. I love minimal design and pizza. Judge at CSSDA. I am also an Envato Author."},"elements":[],"isInner":false,"widgetType":"text-editor","elType":"widget"}],"isInner":true,"elType":"column"}],"isInner":true,"elType":"section"},{"id":"4c539f99","settings":[],"elements":[],"isInner":false,"widgetType":"spacer","elType":"widget"},{"id":"3cfdb65d","settings":{"text":"Download CV","align":"center","size":"lg","typography_typography":"custom","typography_font_family":"Montserrat","typography_font_size":{"unit":"px","size":14,"sizes":[]},"button_text_color":"#ffffff","background_color":"#fc3e7a","border_radius":{"unit":"px","top":"100","right":"100","bottom":"100","left":"100","isLinked":true},"typography_text_transform":"uppercase"},"elements":[],"isInner":false,"widgetType":"button","elType":"widget"}],"isInner":false,"elType":"column"}],"isInner":false,"elType":"section"},{"id":"696a52bf","settings":{"content_width":{"unit":"px","size":1450,"sizes":[]},"gap":"extended","background_background":"classic","background_color":"#f6f6f6","padding":{"unit":"px","top":"0","right":"0","bottom":"0","left":"0","isLinked":false}},"elements":[{"id":"3268d51a","settings":{"_column_size":100,"padding_mobile":{"unit":"px","top":"30","right":"30","bottom":"30","left":"30","isLinked":true}},"elements":[{"id":"48de65dc","settings":{"title":"Services","header_size":"p","align":"left","title_color":"#efefef","typography_typography":"custom","typography_font_family":"Montserrat","typography_font_size":{"unit":"px","size":210,"sizes":[]},"typography_font_weight":"bold","typography_letter_spacing":{"unit":"px","size":-3,"sizes":[]},"_margin":{"unit":"px","top":"0","right":"0","bottom":"-111","left":"0","isLinked":false},"typography_font_size_tablet":{"unit":"px","size":150,"sizes":[]},"hide_mobile":"hidden-phone"},"elements":[],"isInner":false,"widgetType":"heading","elType":"widget"},{"id":"286980c3","settings":{"title":"What can I do?","align":"left","title_color":"#000000","typography_typography":"custom","typography_font_family":"Montserrat","typography_font_size":{"unit":"px","size":70,"sizes":[]},"typography_font_weight":"bold","typography_letter_spacing":{"unit":"px","size":-2.899999999999999911182158029987476766109466552734375,"sizes":[]},"typography_font_size_mobile":{"unit":"px","size":42,"sizes":[]}},"elements":[],"isInner":false,"widgetType":"heading","elType":"widget"},{"id":"5621d272","settings":{"space":{"unit":"px","size":30,"sizes":[]}},"elements":[],"isInner":false,"widgetType":"spacer","elType":"widget"}],"isInner":false,"elType":"column"}],"isInner":false,"elType":"section"},{"id":"97fc76a","settings":{"content_width":{"unit":"px","size":1450,"sizes":[]},"gap":"extended","structure":"20","background_background":"classic","background_color":"#f6f6f6","padding":{"unit":"px","top":"0","right":"0","bottom":"100","left":"0","isLinked":false}},"elements":[{"id":"4ba455b2","settings":{"_column_size":50,"_inline_size":null,"_inline_size_tablet":100},"elements":[{"id":"1d0b4ad6","settings":{"text_color":"#606060","typography_typography":"custom","typography_font_family":"Open Sans","typography_font_size":{"unit":"px","size":18,"sizes":[]},"editor":"<p>Digital is undergoing radical changes and becoming more competitive. Simple web creation is now but a small part of the digital ecosystem. I understand that in order to make our relationship more effective and long-lasting, I need to offer a different value.<\/p>"},"elements":[],"isInner":false,"widgetType":"text-editor","elType":"widget"},{"id":"78e967bb","settings":{"space":{"unit":"px","size":25,"sizes":[]}},"elements":[],"isInner":false,"widgetType":"spacer","elType":"widget"},{"id":"53153c9e","settings":{"text":"Get in touch","size":"lg","typography_typography":"custom","typography_font_family":"Montserrat","typography_font_size":{"unit":"px","size":14,"sizes":[]},"button_text_color":"#ffffff","background_color":"#fc3e7a","border_radius":{"unit":"px","top":"100","right":"100","bottom":"100","left":"100","isLinked":true},"link":{"url":"#form","is_external":"","nofollow":""},"typography_text_transform":"uppercase","hide_tablet":"hidden-tablet","hide_mobile":"hidden-phone"},"elements":[],"isInner":false,"widgetType":"button","elType":"widget"}],"isInner":false,"elType":"column"},{"id":"401e1374","settings":{"_column_size":50,"_inline_size":null,"_inline_size_tablet":100,"margin":{"unit":"px","top":"-100","right":"0","bottom":"0","left":"50","isLinked":false},"margin_tablet":{"unit":"px","top":"0","right":"0","bottom":"0","left":"0","isLinked":true}},"elements":[{"id":"8311e35","settings":{"gap":"wide","structure":"20","margin_tablet":{"unit":"px","top":"0","right":0,"bottom":"0","left":0,"isLinked":true},"padding_tablet":{"unit":"px","top":"0","right":"0","bottom":"0","left":"0","isLinked":true}},"elements":[{"id":"5eab227a","settings":{"_column_size":50,"_inline_size":null,"background_background":"classic","background_color":"#ffffff","border_radius":{"unit":"px","top":"15","right":"0","bottom":"0","left":"0","isLinked":false},"margin":{"unit":"px","top":"0","right":"0","bottom":"0","left":"0","isLinked":true},"padding":{"unit":"px","top":"30","right":"30","bottom":"30","left":"30","isLinked":true}},"elements":[{"id":"2c493b2b","settings":{"title":"Design","title_color":"#fc3e7a","typography_typography":"custom","typography_font_family":"Open Sans","typography_font_size":{"unit":"px","size":22,"sizes":[]},"typography_font_weight":"normal","_padding":{"unit":"px","top":"0","right":"0","bottom":"15","left":"0","isLinked":false},"_border_border":"solid","_border_width":{"unit":"px","top":"0","right":"0","bottom":"1","left":"0","isLinked":false},"_border_color":"#efefef"},"elements":[],"isInner":false,"widgetType":"heading","elType":"widget"},{"id":"71ef38c5","settings":{"icon_list":[{"text":"Web Design","selected_icon":{"value":"","library":""},"_id":"277a591","link":{"url":"","is_external":"","nofollow":""},"icon":"fa fa-check"},{"text":"Logo & Branding","selected_icon":{"value":"","library":""},"_id":"0881395","link":{"url":"","is_external":"","nofollow":""},"icon":"fa fa-check"},{"text":"UI & UX","selected_icon":{"value":"","library":""},"_id":"dd2a33e","link":{"url":"","is_external":"","nofollow":""},"icon":"fa fa-check"}],"space_between":{"unit":"px","size":11,"sizes":[]},"icon_size":{"unit":"px","size":0,"sizes":[]},"text_color":"#000000","icon_typography_typography":"custom","icon_typography_font_family":"Montserrat","icon_typography_font_size":{"unit":"px","size":18,"sizes":[]},"icon_typography_font_weight":"normal"},"elements":[],"isInner":false,"widgetType":"icon-list","elType":"widget"}],"isInner":true,"elType":"column"},{"id":"2246283a","settings":{"_column_size":50,"_inline_size":null,"background_background":"classic","background_color":"#ffffff","border_radius":{"unit":"px","top":"0","right":"15","bottom":"0","left":"0","isLinked":false},"padding":{"unit":"px","top":"30","right":"30","bottom":"30","left":"30","isLinked":true}},"elements":[{"id":"662eaabd","settings":{"title":"Digital &amp; Mobile","title_color":"#fc3e7a","typography_typography":"custom","typography_font_family":"Open Sans","typography_font_size":{"unit":"px","size":22,"sizes":[]},"typography_font_weight":"normal","_padding":{"unit":"px","top":"0","right":"0","bottom":"15","left":"0","isLinked":false},"_border_border":"solid","_border_width":{"unit":"px","top":"0","right":"0","bottom":"1","left":"0","isLinked":false},"_border_color":"#efefef"},"elements":[],"isInner":false,"widgetType":"heading","elType":"widget"},{"id":"51a8178a","settings":{"icon_list":[{"text":"Websites","selected_icon":{"value":"","library":""},"_id":"277a591","link":{"url":"","is_external":"","nofollow":""},"icon":"fa fa-check"},{"text":"Responsive Design","selected_icon":{"value":"","library":""},"_id":"0881395","link":{"url":"","is_external":"","nofollow":""},"icon":"fa fa-check"},{"text":"Mobile Apps","selected_icon":{"value":"","library":""},"_id":"dd2a33e","link":{"url":"","is_external":"","nofollow":""},"icon":"fa fa-check"}],"space_between":{"unit":"px","size":11,"sizes":[]},"icon_size":{"unit":"px","size":0,"sizes":[]},"text_color":"#000000","icon_typography_typography":"custom","icon_typography_font_family":"Montserrat","icon_typography_font_size":{"unit":"px","size":18,"sizes":[]},"icon_typography_font_weight":"normal"},"elements":[],"isInner":false,"widgetType":"icon-list","elType":"widget"}],"isInner":true,"elType":"column"}],"isInner":true,"elType":"section"},{"id":"39b12bd5","settings":{"gap":"wide","structure":"20"},"elements":[{"id":"4e4920be","settings":{"_column_size":50,"_inline_size":null,"background_background":"classic","background_color":"#ffffff","border_radius":{"unit":"px","top":"0","right":"0","bottom":"0","left":"15","isLinked":false},"padding":{"unit":"px","top":"30","right":"30","bottom":"30","left":"30","isLinked":true}},"elements":[{"id":"656b9f62","settings":{"title":"Web Development","title_color":"#fc3e7a","typography_typography":"custom","typography_font_family":"Open Sans","typography_font_size":{"unit":"px","size":22,"sizes":[]},"typography_font_weight":"normal","_padding":{"unit":"px","top":"0","right":"0","bottom":"15","left":"0","isLinked":false},"_border_border":"solid","_border_width":{"unit":"px","top":"0","right":"0","bottom":"1","left":"0","isLinked":false},"_border_color":"#efefef"},"elements":[],"isInner":false,"widgetType":"heading","elType":"widget"},{"id":"201d2829","settings":{"icon_list":[{"text":"WordPress Development","selected_icon":{"value":"","library":""},"_id":"277a591","link":{"url":"","is_external":"","nofollow":""},"icon":"fa fa-check"},{"text":"Front-end Development","selected_icon":{"value":"","library":""},"_id":"0881395","link":{"url":"","is_external":"","nofollow":""},"icon":"fa fa-check"},{"text":"Elementor Development","selected_icon":{"value":"","library":""},"_id":"dd2a33e","link":{"url":"","is_external":"","nofollow":""},"icon":"fa fa-check"}],"space_between":{"unit":"px","size":11,"sizes":[]},"icon_size":{"unit":"px","size":0,"sizes":[]},"text_color":"#000000","icon_typography_typography":"custom","icon_typography_font_family":"Montserrat","icon_typography_font_size":{"unit":"px","size":18,"sizes":[]},"icon_typography_font_weight":"normal"},"elements":[],"isInner":false,"widgetType":"icon-list","elType":"widget"}],"isInner":true,"elType":"column"},{"id":"27b3ab3b","settings":{"_column_size":50,"_inline_size":null,"background_background":"classic","background_color":"#ffffff","border_radius":{"unit":"px","top":"0","right":"0","bottom":"15","left":"0","isLinked":false},"padding":{"unit":"px","top":"30","right":"30","bottom":"30","left":"30","isLinked":true}},"elements":[{"id":"4c3a2ffd","settings":{"title":"Social Media","title_color":"#fc3e7a","typography_typography":"custom","typography_font_family":"Open Sans","typography_font_size":{"unit":"px","size":22,"sizes":[]},"typography_font_weight":"normal","_padding":{"unit":"px","top":"0","right":"0","bottom":"15","left":"0","isLinked":false},"_border_border":"solid","_border_width":{"unit":"px","top":"0","right":"0","bottom":"1","left":"0","isLinked":false},"_border_color":"#efefef"},"elements":[],"isInner":false,"widgetType":"heading","elType":"widget"},{"id":"324c9f54","settings":{"icon_list":[{"text":"Social Media Strategy","selected_icon":{"value":"","library":""},"_id":"277a591","link":{"url":"","is_external":"","nofollow":""},"icon":"fa fa-check"},{"text":"Blogging Strategy","selected_icon":{"value":"","library":""},"_id":"0881395","link":{"url":"","is_external":"","nofollow":""},"icon":"fa fa-check"},{"text":"Mailing List Strategy","selected_icon":{"value":"","library":""},"_id":"dd2a33e","link":{"url":"","is_external":"","nofollow":""},"icon":"fa fa-check"}],"space_between":{"unit":"px","size":11,"sizes":[]},"icon_size":{"unit":"px","size":0,"sizes":[]},"text_color":"#000000","icon_typography_typography":"custom","icon_typography_font_family":"Montserrat","icon_typography_font_size":{"unit":"px","size":18,"sizes":[]},"icon_typography_font_weight":"normal"},"elements":[],"isInner":false,"widgetType":"icon-list","elType":"widget"}],"isInner":true,"elType":"column"}],"isInner":true,"elType":"section"}],"isInner":false,"elType":"column"}],"isInner":false,"elType":"section"},{"id":"4e86523c","settings":{"content_width":{"unit":"px","size":1450,"sizes":[]},"gap":"extended","structure":"20","background_background":"classic","background_color":"#eeeeee","padding":{"unit":"px","top":"100","right":"0","bottom":"100","left":"0","isLinked":false}},"elements":[{"id":"2f1dfa20","settings":{"_column_size":50,"_inline_size":null,"_inline_size_tablet":100,"padding_tablet":{"unit":"px","top":"0","right":"0","bottom":"0","left":"0","isLinked":true}},"elements":[{"id":"763fdf52","settings":{"gap":"extended","structure":"20"},"elements":[{"id":"598b2a87","settings":{"_column_size":50,"_inline_size":null,"margin_mobile":{"unit":"px","top":"0","right":"0","bottom":"30","left":"0","isLinked":false},"padding_mobile":{"unit":"px","top":"0","right":"0","bottom":"0","left":"0","isLinked":true}},"elements":[{"id":"3e447b40","settings":{"image":{"id":5247,"url":"https:\/\/www.cssigniter.com\/elementor\/wp-content\/uploads\/2019\/07\/034.jpg"},"image_border_radius":{"unit":"px","top":"15","right":"15","bottom":"0","left":"0","isLinked":false},"link_to":"file"},"elements":[],"isInner":false,"widgetType":"image","elType":"widget"},{"id":"717a2526","settings":{"title":"The Vegan","align":"center","title_color":"#000000","typography_typography":"custom","typography_font_family":"Montserrat","typography_font_size":{"unit":"px","size":18,"sizes":[]},"typography_font_weight":"normal","typography_letter_spacing":{"unit":"px","size":-0.1000000000000000055511151231257827021181583404541015625,"sizes":[]},"header_size":"h3","_margin":{"unit":"px","top":"-20","right":"0","bottom":"0","left":"0","isLinked":false},"_padding":{"unit":"px","top":"25","right":"15","bottom":"25","left":"15","isLinked":false},"_background_background":"classic","_background_color":"#ffffff","_border_radius":{"unit":"px","top":"0","right":"0","bottom":"10","left":"10","isLinked":false}},"elements":[],"isInner":false,"widgetType":"heading","elType":"widget"}],"isInner":true,"elType":"column"},{"id":"36844f43","settings":{"_column_size":50,"_inline_size":null,"margin_mobile":{"unit":"px","top":"0","right":"0","bottom":"30","left":"0","isLinked":false},"padding_mobile":{"unit":"px","top":"0","right":"0","bottom":"0","left":"0","isLinked":true}},"elements":[{"id":"40b8c582","settings":{"image":{"id":5248,"url":"https:\/\/www.cssigniter.com\/elementor\/wp-content\/uploads\/2019\/07\/011.jpg"},"image_border_radius":{"unit":"px","top":"15","right":"15","bottom":"0","left":"0","isLinked":false},"link_to":"file"},"elements":[],"isInner":false,"widgetType":"image","elType":"widget"},{"id":"58b8910a","settings":{"title":"Cinco de Mayo","align":"center","title_color":"#000000","typography_typography":"custom","typography_font_family":"Montserrat","typography_font_size":{"unit":"px","size":18,"sizes":[]},"typography_font_weight":"normal","typography_letter_spacing":{"unit":"px","size":-0.1000000000000000055511151231257827021181583404541015625,"sizes":[]},"header_size":"h3","_margin":{"unit":"px","top":"-20","right":"0","bottom":"0","left":"0","isLinked":false},"_padding":{"unit":"px","top":"25","right":"15","bottom":"25","left":"15","isLinked":false},"_background_background":"classic","_background_color":"#ffffff","_border_radius":{"unit":"px","top":"0","right":"0","bottom":"10","left":"10","isLinked":false}},"elements":[],"isInner":false,"widgetType":"heading","elType":"widget"}],"isInner":true,"elType":"column"}],"isInner":true,"elType":"section"},{"id":"6b5140aa","settings":{"gap":"extended","structure":"20"},"elements":[{"id":"7c1c86c0","settings":{"_column_size":50,"_inline_size":null,"margin_mobile":{"unit":"px","top":"0","right":"0","bottom":"30","left":"0","isLinked":false},"padding_mobile":{"unit":"px","top":"0","right":"0","bottom":"0","left":"0","isLinked":true}},"elements":[{"id":"32769680","settings":{"image":{"id":5249,"url":"https:\/\/www.cssigniter.com\/elementor\/wp-content\/uploads\/2019\/07\/030.jpg"},"image_border_radius":{"unit":"px","top":"15","right":"15","bottom":"0","left":"0","isLinked":false},"link_to":"file"},"elements":[],"isInner":false,"widgetType":"image","elType":"widget"},{"id":"2470a003","settings":{"title":"Project Spartans","align":"center","title_color":"#000000","typography_typography":"custom","typography_font_family":"Montserrat","typography_font_size":{"unit":"px","size":18,"sizes":[]},"typography_font_weight":"normal","typography_letter_spacing":{"unit":"px","size":-0.1000000000000000055511151231257827021181583404541015625,"sizes":[]},"header_size":"h3","_margin":{"unit":"px","top":"-20","right":"0","bottom":"0","left":"0","isLinked":false},"_padding":{"unit":"px","top":"25","right":"15","bottom":"25","left":"15","isLinked":false},"_background_background":"classic","_background_color":"#ffffff","_border_radius":{"unit":"px","top":"0","right":"0","bottom":"10","left":"10","isLinked":false}},"elements":[],"isInner":false,"widgetType":"heading","elType":"widget"}],"isInner":true,"elType":"column"},{"id":"5936e45b","settings":{"_column_size":50,"_inline_size":null,"padding_mobile":{"unit":"px","top":"0","right":"0","bottom":"0","left":"0","isLinked":true}},"elements":[{"id":"6530329e","settings":{"image":{"id":5250,"url":"https:\/\/www.cssigniter.com\/elementor\/wp-content\/uploads\/2019\/07\/035.jpg"},"image_border_radius":{"unit":"px","top":"15","right":"15","bottom":"0","left":"0","isLinked":false},"link_to":"file"},"elements":[],"isInner":false,"widgetType":"image","elType":"widget"},{"id":"6ee2448e","settings":{"title":"True Hipsters","align":"center","title_color":"#000000","typography_typography":"custom","typography_font_family":"Montserrat","typography_font_size":{"unit":"px","size":18,"sizes":[]},"typography_font_weight":"normal","typography_letter_spacing":{"unit":"px","size":-0.1000000000000000055511151231257827021181583404541015625,"sizes":[]},"header_size":"h3","_margin":{"unit":"px","top":"-20","right":"0","bottom":"0","left":"0","isLinked":false},"_padding":{"unit":"px","top":"25","right":"15","bottom":"25","left":"15","isLinked":false},"_background_background":"classic","_background_color":"#ffffff","_border_radius":{"unit":"px","top":"0","right":"0","bottom":"10","left":"10","isLinked":false}},"elements":[],"isInner":false,"widgetType":"heading","elType":"widget"}],"isInner":true,"elType":"column"}],"isInner":true,"elType":"section"}],"isInner":false,"elType":"column"},{"id":"33222b1f","settings":{"_column_size":50,"_inline_size":null,"_inline_size_tablet":100,"margin":{"unit":"px","top":"0","right":"0","bottom":"0","left":"50","isLinked":false},"margin_tablet":{"unit":"px","top":"15","right":"15","bottom":"15","left":"15","isLinked":true},"margin_mobile":{"unit":"px","top":"15","right":"15","bottom":"15","left":"15","isLinked":true},"padding_tablet":{"unit":"px","top":"0","right":"0","bottom":"0","left":"0","isLinked":true},"padding_mobile":{"unit":"px","top":"0","right":"0","bottom":"0","left":"0","isLinked":true}},"elements":[{"id":"3487141d","settings":{"title":"Portfolio","header_size":"p","align":"left","title_color":"#e5e5e5","typography_typography":"custom","typography_font_family":"Montserrat","typography_font_size":{"unit":"px","size":148,"sizes":[]},"typography_font_weight":"bold","typography_letter_spacing":{"unit":"px","size":-3,"sizes":[]},"_margin":{"unit":"px","top":"0","right":"0","bottom":"-110","left":"-10","isLinked":false},"hide_mobile":"hidden-phone"},"elements":[],"isInner":false,"widgetType":"heading","elType":"widget"},{"id":"1cd411ad","settings":{"title":"Creative<br>Works.","align":"left","title_color":"#000000","typography_typography":"custom","typography_font_family":"Montserrat","typography_font_size":{"unit":"px","size":70,"sizes":[]},"typography_font_weight":"bold","typography_letter_spacing":{"unit":"px","size":-2.899999999999999911182158029987476766109466552734375,"sizes":[]},"align_mobile":"center","typography_font_size_mobile":{"unit":"px","size":42,"sizes":[]}},"elements":[],"isInner":false,"widgetType":"heading","elType":"widget"},{"id":"6847265d","settings":{"weight":{"unit":"px","size":5,"sizes":[]},"color":"#ffda00","width":{"unit":"%","size":5,"sizes":[]},"align":"left","gap":{"unit":"px","size":0,"sizes":[]},"_margin":{"unit":"px","top":"0","right":"0","bottom":"0","left":"0","isLinked":false},"align_mobile":"center"},"elements":[],"isInner":false,"widgetType":"divider","elType":"widget"},{"id":"3fb9f293","settings":{"space":{"unit":"px","size":25,"sizes":[]}},"elements":[],"isInner":false,"widgetType":"spacer","elType":"widget"},{"id":"736c9bcd","settings":{"text_color":"#606060","typography_typography":"custom","typography_font_family":"Open Sans","typography_font_size":{"unit":"px","size":18,"sizes":[]},"editor":"<p>With over 300 projects for more than 200 clients, I can\u2019t show you everything. So I\u2019ve made a brief selection. Enjoy!<\/p>"},"elements":[],"isInner":false,"widgetType":"text-editor","elType":"widget"},{"id":"12fc1a8c","settings":{"space":{"unit":"px","size":25,"sizes":[]}},"elements":[],"isInner":false,"widgetType":"spacer","elType":"widget"},{"id":"772bbc57","settings":{"title":"\"","align":"left","title_color":"#ffda00","typography_typography":"custom","typography_font_family":"Montserrat","typography_font_size":{"unit":"px","size":120,"sizes":[]},"typography_font_weight":"bold","typography_letter_spacing":{"unit":"px","size":0,"sizes":[]},"typography_font_style":"oblique","typography_line_height":{"unit":"em","size":1,"sizes":[]},"_margin":{"unit":"px","top":"0","right":"0","bottom":"-65","left":"-10","isLinked":false}},"elements":[],"isInner":false,"widgetType":"heading","elType":"widget"},{"id":"6fd98cce","settings":{"testimonial_content":"Click edit button to change this text. Lorem ipsum dolor sit amet, consectetur adipiscing elit. Ut elit tellus, luctus nec ullamcorper mattis, pulvinar dapibus leo.","testimonial_image":{"id":5251,"url":"https:\/\/www.cssigniter.com\/elementor\/wp-content\/uploads\/2019\/07\/michael-dam-258165-unsplash-1.jpg"},"testimonial_name":"John Doe","testimonial_job":"Designer","testimonial_alignment":"left","content_content_color":"#000000","content_typography_typography":"custom","content_typography_font_family":"Open Sans","content_typography_font_size":{"unit":"px","size":22,"sizes":[]},"content_typography_font_style":"italic","name_text_color":"#000000","name_typography_typography":"custom","name_typography_font_family":"Montserrat","name_typography_font_size":{"unit":"px","size":18,"sizes":[]},"name_typography_font_weight":"normal","job_text_color":"#777777","job_typography_typography":"custom","job_typography_font_family":"Open Sans","job_typography_font_size":{"unit":"px","size":14,"sizes":[]}},"elements":[],"isInner":false,"widgetType":"testimonial","elType":"widget"},{"id":"7659aae3","settings":{"space":{"unit":"px","size":25,"sizes":[]}},"elements":[],"isInner":false,"widgetType":"spacer","elType":"widget"}],"isInner":false,"elType":"column"}],"isInner":false,"elType":"section"},{"id":"64dbfb4b","settings":{"content_width":{"unit":"px","size":1450,"sizes":[]},"gap":"extended","background_background":"classic","background_color":"#f6f6f6","padding":{"unit":"px","top":"100","right":"0","bottom":"100","left":"0","isLinked":false}},"elements":[{"id":"120f6c67","settings":{"_column_size":100},"elements":[{"id":"210d63e6","settings":{"title":"Contact","header_size":"p","align":"center","title_color":"#efefef","typography_typography":"custom","typography_font_family":"Montserrat","typography_font_size":{"unit":"px","size":210,"sizes":[]},"typography_font_weight":"bold","typography_letter_spacing":{"unit":"px","size":-3,"sizes":[]},"_margin":{"unit":"px","top":"0","right":"0","bottom":"-111","left":"0","isLinked":false},"typography_font_size_tablet":{"unit":"px","size":123,"sizes":[]},"hide_mobile":"hidden-phone"},"elements":[],"isInner":false,"widgetType":"heading","elType":"widget"},{"id":"1308fb90","settings":{"title":"Let's talk. ","align":"center","title_color":"#000000","typography_typography":"custom","typography_font_family":"Montserrat","typography_font_size":{"unit":"px","size":70,"sizes":[]},"typography_font_weight":"bold","typography_letter_spacing":{"unit":"px","size":-2.899999999999999911182158029987476766109466552734375,"sizes":[]},"typography_font_size_mobile":{"unit":"px","size":42,"sizes":[]}},"elements":[],"isInner":false,"widgetType":"heading","elType":"widget"},{"id":"6bf82b43","settings":{"weight":{"unit":"px","size":5,"sizes":[]},"color":"#ffda00","width":{"unit":"%","size":5,"sizes":[]},"align":"center","gap":{"unit":"px","size":0,"sizes":[]},"_margin":{"unit":"px","top":"0","right":"0","bottom":"0","left":"0","isLinked":false}},"elements":[],"isInner":false,"widgetType":"divider","elType":"widget"},{"id":"347b4e3b","settings":{"anchor":"form"},"elements":[],"isInner":false,"widgetType":"menu-anchor","elType":"widget"},{"id":"f708cc7","settings":[],"elements":[],"isInner":false,"widgetType":"spacer","elType":"widget"},{"id":"160505d9","settings":{"content_width":{"unit":"px","size":800,"sizes":[]},"gap":"extended"},"elements":[{"id":"5a528853","settings":{"_column_size":100,"_inline_size":null,"margin_mobile":{"unit":"px","top":"0","right":"0","bottom":"0","left":"0","isLinked":true},"padding_tablet":{"unit":"px","top":"0","right":"0","bottom":"0","left":"0","isLinked":true},"padding_mobile":{"unit":"px","top":"0","right":"0","bottom":"0","left":"0","isLinked":true}},"elements":[{"id":"70a6f5e6","settings":{"form_name":"New Form","form_fields":[{"_id":"name","field_type":"text","field_label":"","placeholder":"Name","width":"100","required":"","field_options":"","allow_multiple":"","select_size":"","inline_list":"","field_html":"","width_tablet":"","width_mobile":"","rows":4,"recaptcha_size":"normal","recaptcha_style":"light","css_classes":"","field_value":"","file_sizes":"","file_types":"","allow_multiple_upload":"","max_files":"","acceptance_text":"","checked_by_default":"","field_min":"","field_max":"","min_date":"","max_date":"","use_native_date":"","use_native_time":""},{"_id":"email","field_type":"email","required":"true","field_label":"","placeholder":"Email","width":"100","field_options":"","allow_multiple":"","select_size":"","inline_list":"","field_html":"","width_tablet":"","width_mobile":"","rows":4,"recaptcha_size":"normal","recaptcha_style":"light","css_classes":"","field_value":"","file_sizes":"","file_types":"","allow_multiple_upload":"","max_files":"","acceptance_text":"","checked_by_default":"","field_min":"","field_max":"","min_date":"","max_date":"","use_native_date":"","use_native_time":""},{"_id":"message","field_type":"textarea","field_label":"","placeholder":"Message","width":"100","required":"","field_options":"","allow_multiple":"","select_size":"","inline_list":"","field_html":"","width_tablet":"","width_mobile":"","rows":4,"recaptcha_size":"normal","recaptcha_style":"light","css_classes":"","field_value":"","file_sizes":"","file_types":"","allow_multiple_upload":"","max_files":"","acceptance_text":"","checked_by_default":"","field_min":"","field_max":"","min_date":"","max_date":"","use_native_date":"","use_native_time":""}],"input_size":"lg","button_text":"Submit Form","button_size":"lg","button_align":"center","email_content":"[all-fields]","email_content_2":"[all-fields]","success_message":"The form was sent successfully.","error_message":"An error occured.","required_field_message":"This field is required.","invalid_message":"There's something wrong. The form is invalid.","row_gap":{"unit":"px","size":29,"sizes":[]},"label_typography_typography":"custom","label_typography_font_family":"Open Sans","label_typography_font_size":{"unit":"px","size":16,"sizes":[]},"field_text_color":"#2b2b2b","field_typography_typography":"custom","field_typography_font_family":"Open Sans","field_typography_font_size":{"unit":"px","size":16,"sizes":[]},"field_border_width":{"unit":"px","top":"0","right":"0","bottom":"0","left":"0","isLinked":true},"button_background_color":"#fc3e7a","button_text_color":"#ffffff","button_typography_typography":"custom","button_typography_font_family":"Montserrat","button_typography_font_size":{"unit":"px","size":14,"sizes":[]},"button_typography_text_transform":"uppercase","button_border_radius":{"unit":"px","top":"50","right":"50","bottom":"50","left":"50","isLinked":true}},"elements":[],"isInner":false,"widgetType":"form","elType":"widget"},{"id":"4d9480ba","settings":{"text_color":"#606060","typography_typography":"custom","typography_font_family":"Open Sans","typography_font_size":{"unit":"px","size":12,"sizes":[]},"editor":"The form above requires Elementor Pro. You can, of course, use any other free contact form plugins like Contact form 7 or WPForms","align":"center"},"elements":[],"isInner":false,"widgetType":"text-editor","elType":"widget"}],"isInner":true,"elType":"column"}],"isInner":true,"elType":"section"},{"id":"68b9a706","settings":[],"elements":[],"isInner":false,"widgetType":"spacer","elType":"widget"}],"isInner":false,"elType":"column"}],"isInner":false,"elType":"section"},{"id":"407bed3b","settings":{"content_width":{"unit":"px","size":1450,"sizes":[]},"gap":"extended","background_background":"classic","background_color":"#ffda00","padding":{"unit":"px","top":"100","right":"0","bottom":"100","left":"0","isLinked":false}},"elements":[{"id":"40dcf112","settings":{"_column_size":100},"elements":[{"id":"54dc2a9b","settings":{"content_width":{"unit":"px","size":1450,"sizes":[]},"gap":"extended","structure":"30"},"elements":[{"id":"2aa98d97","settings":{"_column_size":33,"_inline_size":25,"_inline_size_tablet":100},"elements":[{"id":"52e32044","settings":{"title":"+Feel like talking?","header_size":"p","title_color":"rgba(12,12,12,0.45)","typography_typography":"custom","typography_font_family":"Open Sans","typography_font_size":{"unit":"px","size":14,"sizes":[]},"typography_font_weight":"normal","typography_line_height":{"unit":"em","size":1,"sizes":[]},"_margin":{"unit":"px","top":"0","right":"0","bottom":"-15","left":"0","isLinked":false},"align_tablet":"center"},"elements":[],"isInner":false,"widgetType":"heading","elType":"widget"},{"id":"4eeecbd7","settings":{"title":"+1 2345 67890","header_size":"p","title_color":"#000000","typography_typography":"custom","typography_font_family":"Open Sans","typography_font_size":{"unit":"px","size":22,"sizes":[]},"typography_font_weight":"normal","typography_line_height":{"unit":"em","size":1.5,"sizes":[]},"align_tablet":"center"},"elements":[],"isInner":false,"widgetType":"heading","elType":"widget"}],"isInner":true,"elType":"column"},{"id":"36309016","settings":{"_column_size":33,"_inline_size":49.332999999999998408384271897375583648681640625,"content_position":"center","_inline_size_tablet":100},"elements":[{"id":"66b74554","settings":{"social_icon_list":[{"social_icon":{"value":"fab fa-twitter","library":"fa-brands"},"_id":"730fb9f","link":{"url":"","is_external":"true","nofollow":""},"item_icon_color":"default","item_icon_primary_color":"","item_icon_secondary_color":"","social":"fa fa-twitter"},{"social_icon":{"value":"fab fa-facebook","library":"fa-brands"},"_id":"356a866","link":{"url":"","is_external":"true","nofollow":""},"item_icon_color":"default","item_icon_primary_color":"","item_icon_secondary_color":"","social":"fa fa-facebook"},{"social_icon":{"value":"fab fa-instagram","library":"fa-brands"},"_id":"41e0f30","link":{"url":"","is_external":"true","nofollow":""},"item_icon_color":"default","item_icon_primary_color":"","item_icon_secondary_color":"","social":"fa fa-instagram"},{"social_icon":{"value":"fab fa-dribbble","library":"fa-brands"},"_id":"318f061","link":{"url":"","is_external":"true","nofollow":""},"item_icon_color":"default","item_icon_primary_color":"","item_icon_secondary_color":"","social":"fa fa-dribbble"},{"social_icon":{"value":"fab fa-linkedin","library":"fa-brands"},"_id":"4dcf2e5","link":{"url":"","is_external":"true","nofollow":""},"item_icon_color":"default","item_icon_primary_color":"","item_icon_secondary_color":"","social":"fa fa-wordpress"}],"icon_color":"custom","icon_primary_color":"rgba(0,0,0,0)","icon_secondary_color":"#0c0c0c"},"elements":[],"isInner":false,"widgetType":"social-icons","elType":"widget"}],"isInner":true,"elType":"column"},{"id":"5dd2717b","settings":{"_column_size":33,"_inline_size":25,"_inline_size_tablet":100},"elements":[{"id":"27068c58","settings":{"title":"+Feel like writing?","header_size":"p","title_color":"rgba(12,12,12,0.45)","typography_typography":"custom","typography_font_family":"Open Sans","typography_font_size":{"unit":"px","size":14,"sizes":[]},"typography_font_weight":"normal","typography_line_height":{"unit":"em","size":1,"sizes":[]},"_margin":{"unit":"px","top":"0","right":"0","bottom":"-15","left":"0","isLinked":false},"align_tablet":"center"},"elements":[],"isInner":false,"widgetType":"heading","elType":"widget"},{"id":"cac6817","settings":{"title":"henry@example.com","header_size":"p","title_color":"#000000","typography_typography":"custom","typography_font_family":"Open Sans","typography_font_size":{"unit":"px","size":22,"sizes":[]},"typography_font_weight":"normal","typography_line_height":{"unit":"em","size":1.5,"sizes":[]},"align_tablet":"center"},"elements":[],"isInner":false,"widgetType":"heading","elType":"widget"}],"isInner":true,"elType":"column"}],"isInner":true,"elType":"section"}],"isInner":false,"elType":"column"}],"isInner":false,"elType":"section"}]}