{"version":"0.4","title":"Collins","type":"page","content":[{"id":"28f67582","settings":{"layout":"full_width","gap":"wider","height":"full","custom_height":{"unit":"px","size":800},"column_position":"stretch","content_position":"middle","structure":"20","background_background":"classic","background_image":{"url":"https:\/\/www.cssigniter.com\/elementor\/wp-content\/uploads\/2017\/09\/img01_bw.jpg","id":2776},"background_position":"center center","background_attachment":"fixed","background_repeat":"no-repeat","background_size":"cover","background_overlay_background":"classic","background_overlay_color":"rgba(0,0,0,0.9)","background_overlay_color_b":"rgba(224,26,0,0)","background_overlay_opacity":{"unit":"px","size":0.59999999999999997779553950749686919152736663818359375},"border_border":"solid","border_width":{"unit":"px","top":"5","right":"0","bottom":"0","left":"0","isLinked":false},"border_color":"#d84800","shape_divider_top":"arrow","shape_divider_top_color":"#d84800","shape_divider_top_width":{"unit":"%","size":100},"shape_divider_top_height":{"unit":"px","size":10},"shape_divider_top_above_content":"yes","shape_divider_bottom":"arrow","shape_divider_bottom_color":"#d84800","shape_divider_bottom_width":{"unit":"%","size":130},"shape_divider_bottom_height":{"unit":"px","size":5},"shape_divider_bottom_negative":"yes"},"elements":[{"id":"54a3422d","settings":{"_column_size":50,"_inline_size":50,"space_between_widgets":20,"background_background":"classic","padding_mobile":{"unit":"px","top":"70","right":"0","bottom":"50","left":"0","isLinked":false}},"elements":[{"id":"5cc7066a","settings":{"image":{"url":"https:\/\/www.cssigniter.com\/elementor\/wp-content\/uploads\/2017\/09\/collins_logo.png","id":2781},"image_size":"full","space_mobile":{"unit":"%","size":50},"align":"center","align_tablet":"center","align_mobile":"center"},"elements":[],"isInner":false,"widgetType":"image","elType":"widget"}],"isInner":false,"elType":"column"},{"id":"47c9a2cf","settings":{"_column_size":50,"_inline_size":50,"background_background":"classic","background_color":"#ffffff","border_radius":{"unit":"px","top":"0","right":"0","bottom":"0","left":"0","isLinked":false},"box_shadow_box_shadow":{"horizontal":0,"vertical":0,"blur":50,"spread":0,"color":"rgba(0,0,0,0.06)"},"padding":{"unit":"px","top":"0","right":"30","bottom":"0","left":"30","isLinked":false},"padding_mobile":{"unit":"px","top":"50","right":"30","bottom":"50","left":"30","isLinked":false},"padding_tablet":{"unit":"px","top":"0","right":"30","bottom":"0","left":"30","isLinked":false}},"elements":[{"id":"1d3d7310","settings":{"title":"Leather Products Is","align":"center","title_color":"#d84800","typography_typography":"custom","typography_font_size":{"unit":"px","size":38},"typography_font_size_mobile":{"unit":"px","size":20},"typography_font_family":"Oswald","typography_font_weight":"normal","typography_text_transform":"uppercase","typography_letter_spacing":{"unit":"px","size":3},"_margin":{"unit":"px","top":"0","right":"0","bottom":"-15","left":"0","isLinked":false},"align_tablet":"center","align_mobile":"center","typography_font_size_tablet":{"unit":"px","size":38,"sizes":[]},"typography_font_style":"normal","typography_text_decoration":"none","typography_line_height":{"unit":"em","size":1,"sizes":[]},"typography_line_height_tablet":{"unit":"em","size":1.1999999999999999555910790149937383830547332763671875,"sizes":[]},"typography_line_height_mobile":{"unit":"em","size":1.1999999999999999555910790149937383830547332763671875,"sizes":[]},"typography_letter_spacing_tablet":{"unit":"px","size":3,"sizes":[]},"typography_letter_spacing_mobile":{"unit":"px","size":3,"sizes":[]},"_margin_tablet":{"unit":"px","top":"0","right":"0","bottom":"-15","left":"0","isLinked":false},"_margin_mobile":{"unit":"px","top":"0","right":"0","bottom":"-15","left":"0","isLinked":false}},"elements":[],"isInner":false,"widgetType":"heading","elType":"widget"},{"id":"76c64a67","settings":{"title":"What we do","align":"center","title_color":"#004759","typography_typography":"custom","typography_font_size":{"unit":"px","size":74},"typography_font_size_mobile":{"unit":"px","size":44},"typography_font_family":"Oswald","typography_font_weight":"bold","typography_text_transform":"uppercase","typography_letter_spacing":{"unit":"px","size":0},"_margin":{"unit":"px","top":"0","right":"0","bottom":"50","left":"0","isLinked":false},"_margin_mobile":{"unit":"px","top":"0","right":"0","bottom":"0","left":"0","isLinked":true},"align_tablet":"center","align_mobile":"center","typography_font_size_tablet":{"unit":"px","size":70,"sizes":[]},"typography_font_style":"normal","typography_text_decoration":"none","typography_line_height":{"unit":"em","size":1,"sizes":[]},"typography_line_height_tablet":{"unit":"em","size":1,"sizes":[]},"typography_line_height_mobile":{"unit":"em","size":1.100000000000000088817841970012523233890533447265625,"sizes":[]},"_margin_tablet":{"unit":"px","top":"0","right":"0","bottom":"50","left":"0","isLinked":false}},"elements":[],"isInner":false,"widgetType":"heading","elType":"widget"},{"id":"58cb51a0","settings":{"style":"double","weight":{"unit":"px","size":3},"color":"#e5e5e5","width":{"unit":"%","size":3},"width_mobile":{"unit":"%","size":10},"align":"center","gap":{"unit":"px","size":10},"width_tablet":{"unit":"%","size":3,"sizes":[]},"align_tablet":"center","align_mobile":"center","text":"Divider","gap_tablet":{"unit":"px","size":10,"sizes":[]},"gap_mobile":{"unit":"px","size":10,"sizes":[]}},"elements":[],"isInner":false,"widgetType":"divider","elType":"widget"},{"id":"1c302462","settings":{"title":"Autumn \/ winter collection 2017","header_size":"p","align":"center","title_color":"#a8a8a8","typography_typography":"custom","typography_font_size":{"unit":"px","size":20},"typography_font_family":"Oswald","typography_font_weight":"300","typography_text_transform":"uppercase","typography_letter_spacing":{"unit":"px","size":3.399999999999999911182158029987476766109466552734375},"_margin":{"unit":"px","top":"0","right":"0","bottom":"0","left":"0","isLinked":false},"align_tablet":"center","align_mobile":"center","typography_font_size_tablet":{"unit":"px","size":20,"sizes":[]},"typography_font_size_mobile":{"unit":"px","size":20,"sizes":[]},"typography_font_style":"normal","typography_text_decoration":"none","typography_line_height":{"unit":"em","size":1,"sizes":[]},"typography_line_height_tablet":{"unit":"em","size":1.399999999999999911182158029987476766109466552734375,"sizes":[]},"typography_line_height_mobile":{"unit":"em","size":1.399999999999999911182158029987476766109466552734375,"sizes":[]},"typography_letter_spacing_tablet":{"unit":"px","size":3.399999999999999911182158029987476766109466552734375,"sizes":[]},"typography_letter_spacing_mobile":{"unit":"px","size":3.399999999999999911182158029987476766109466552734375,"sizes":[]}},"elements":[],"isInner":false,"widgetType":"heading","elType":"widget"}],"isInner":false,"elType":"column"}],"isInner":false,"elType":"section"},{"id":"16e7eb0a","settings":{"layout":"full_width","gap":"wider","height":"full","custom_height":{"unit":"px","size":800},"column_position":"stretch","content_position":"middle","structure":"20","background_background":"classic","background_image":{"url":"https:\/\/www.cssigniter.com\/elementor\/wp-content\/uploads\/2017\/09\/img01_bw.jpg","id":2776},"background_position":"center center","background_attachment":"fixed","background_repeat":"no-repeat","background_size":"cover","background_overlay_background":"classic","background_overlay_color":"rgba(0,0,0,0.9)","background_overlay_color_b":"#e01a00","background_overlay_opacity":{"unit":"px","size":0.5300000000000000266453525910037569701671600341796875},"shape_divider_top":"arrow","shape_divider_top_color":"#d84800","shape_divider_top_width":{"unit":"%","size":100},"shape_divider_top_width_mobile":{"unit":"%","size":0},"shape_divider_top_height":{"unit":"px","size":5},"shape_divider_top_height_mobile":{"unit":"px","size":0},"shape_divider_top_negative":"yes","shape_divider_bottom":"arrow","shape_divider_bottom_color":"#d84800","shape_divider_bottom_width":{"unit":"%","size":100},"shape_divider_bottom_width_mobile":{"unit":"%","size":0},"shape_divider_bottom_height":{"unit":"px","size":5},"shape_divider_bottom_height_mobile":{"unit":"px","size":0},"shape_divider_bottom_negative":"yes"},"elements":[{"id":"1fe01974","settings":{"_column_size":50,"_inline_size":50,"background_background":"classic","background_color":"#ffffff","box_shadow_box_shadow":{"horizontal":0,"vertical":0,"blur":50,"spread":0,"color":"rgba(0,0,0,0.06)"},"padding":{"unit":"px","top":"80","right":"30","bottom":"80","left":"030","isLinked":false},"padding_tablet":{"unit":"px","top":"80","right":"30","bottom":"80","left":"30","isLinked":false},"padding_mobile":{"unit":"px","top":"50","right":"30","bottom":"50","left":"30","isLinked":false}},"elements":[{"id":"21fe3724","settings":{"image":{"url":"https:\/\/www.cssigniter.com\/elementor\/wp-content\/uploads\/2017\/09\/img02.jpg","id":2808},"link_to":"file","open_lightbox":"yes","space":{"unit":"%","size":50},"align":"center","align_tablet":"center","align_mobile":"center","space_tablet":{"unit":"%","size":70,"sizes":[]},"space_mobile":{"unit":"%","size":65,"sizes":[]}},"elements":[],"isInner":false,"widgetType":"image","elType":"widget"},{"id":"14e80e30","settings":{"title":"Coach","align":"center","title_color":"#d84800","typography_typography":"custom","typography_font_size":{"unit":"px","size":36},"typography_font_family":"Oswald","typography_font_weight":"normal","typography_text_transform":"uppercase","typography_letter_spacing":{"unit":"px","size":3},"_margin":{"unit":"px","top":"0","right":"0","bottom":"-15","left":"0","isLinked":false},"align_tablet":"center","align_mobile":"center","typography_font_size_tablet":{"unit":"px","size":36,"sizes":[]},"typography_font_size_mobile":{"unit":"px","size":36,"sizes":[]},"typography_font_style":"normal","typography_text_decoration":"none","typography_line_height":{"unit":"em","size":1,"sizes":[]},"typography_line_height_tablet":{"unit":"em","size":1,"sizes":[]},"typography_line_height_mobile":{"unit":"em","size":1,"sizes":[]},"typography_letter_spacing_tablet":{"unit":"px","size":3,"sizes":[]},"typography_letter_spacing_mobile":{"unit":"px","size":3,"sizes":[]},"_margin_tablet":{"unit":"px","top":"0","right":"0","bottom":"-15","left":"0","isLinked":false},"_margin_mobile":{"unit":"px","top":"0","right":"0","bottom":"-15","left":"0","isLinked":false}},"elements":[],"isInner":false,"widgetType":"heading","elType":"widget"},{"id":"1f5ff377","settings":{"title":"Across body bag - Brown","align":"center","title_color":"#004759","typography_typography":"custom","typography_font_size":{"unit":"px","size":24},"typography_font_family":"Oswald","typography_font_weight":"100","typography_text_transform":"uppercase","typography_letter_spacing":{"unit":"px","size":0},"align_tablet":"center","align_mobile":"center","typography_font_size_tablet":{"unit":"px","size":24,"sizes":[]},"typography_font_size_mobile":{"unit":"px","size":24,"sizes":[]},"typography_font_style":"normal","typography_text_decoration":"none","typography_line_height":{"unit":"em","size":1,"sizes":[]},"typography_line_height_tablet":{"unit":"em","size":1,"sizes":[]},"typography_line_height_mobile":{"unit":"em","size":1.1999999999999999555910790149937383830547332763671875,"sizes":[]}},"elements":[],"isInner":false,"widgetType":"heading","elType":"widget"},{"id":"6d215c38","settings":{"title":"$149,95","align":"center","title_color":"#5b5b5b","typography_typography":"custom","typography_font_size":{"unit":"px","size":20},"typography_font_family":"Oswald","typography_font_weight":"300","typography_text_transform":"uppercase","typography_letter_spacing":{"unit":"px","size":0},"_margin":{"unit":"px","top":"0","right":"0","bottom":"0","left":"0","isLinked":false},"align_tablet":"center","align_mobile":"center","typography_font_size_tablet":{"unit":"px","size":20,"sizes":[]},"typography_font_size_mobile":{"unit":"px","size":20,"sizes":[]},"typography_font_style":"normal","typography_text_decoration":"none","typography_line_height":{"unit":"em","size":1,"sizes":[]},"typography_line_height_tablet":{"unit":"em","size":1,"sizes":[]},"typography_line_height_mobile":{"unit":"em","size":1,"sizes":[]},"_margin_tablet":{"unit":"px","top":"0","right":"0","bottom":"0","left":"0","isLinked":false},"_margin_mobile":{"unit":"px","top":"0","right":"0","bottom":"0","left":"0","isLinked":false}},"elements":[],"isInner":false,"widgetType":"heading","elType":"widget"},{"id":"5332feab","settings":{"style":"double","weight":{"unit":"px","size":3},"color":"#e5e5e5","width":{"unit":"%","size":3},"align":"center","gap":{"unit":"px","size":10},"width_tablet":{"unit":"%","size":3,"sizes":[]},"width_mobile":{"unit":"%","size":3,"sizes":[]},"align_tablet":"center","align_mobile":"center","text":"Divider","gap_tablet":{"unit":"px","size":10,"sizes":[]},"gap_mobile":{"unit":"px","size":10,"sizes":[]}},"elements":[],"isInner":false,"widgetType":"divider","elType":"widget"},{"id":"4c6a2c7","settings":{"text":"Buy Now","align":"center","typography_typography":"custom","typography_font_size":{"unit":"px","size":14},"typography_font_family":"Oswald","typography_font_weight":"300","typography_text_transform":"uppercase","typography_letter_spacing":{"unit":"px","size":6},"button_text_color":"#2d2d2d","background_color":"#eaeaea","hover_color":"#ffffff","button_background_hover_color":"#d84800","border_radius":{"unit":"px","top":"0","right":"0","bottom":"0","left":"0","isLinked":true},"align_tablet":"center","align_mobile":"center","typography_font_size_tablet":{"unit":"px","size":14,"sizes":[]},"typography_font_size_mobile":{"unit":"px","size":14,"sizes":[]},"typography_font_style":"normal","typography_text_decoration":"none","typography_line_height":{"unit":"em","size":1,"sizes":[]},"typography_line_height_tablet":{"unit":"em","size":1,"sizes":[]},"typography_line_height_mobile":{"unit":"em","size":1,"sizes":[]},"button_hover_border_color":"rgba(216,72,0,0)","border_border":"solid","border_width":{"unit":"px","top":"0","right":"0","bottom":"0","left":"0","isLinked":true},"border_width_tablet":{"unit":"px","top":"0","right":"0","bottom":"0","left":"0","isLinked":true},"border_width_mobile":{"unit":"px","top":"0","right":"0","bottom":"0","left":"0","isLinked":true}},"elements":[],"isInner":false,"widgetType":"button","elType":"widget"}],"isInner":false,"elType":"column"},{"id":"7388f61f","settings":{"_column_size":50,"_inline_size":50,"space_between_widgets":20,"background_background":"classic","background_overlay_hover_background":"classic","hide_mobile":"hidden-phone"},"elements":[],"isInner":false,"elType":"column"}],"isInner":false,"elType":"section"},{"id":"50f03507","settings":{"layout":"full_width","gap":"wider","height":"full","custom_height":{"unit":"px","size":800},"column_position":"stretch","content_position":"middle","structure":"20","background_background":"classic","background_image":{"url":"https:\/\/www.cssigniter.com\/elementor\/wp-content\/uploads\/2017\/09\/img01_bw.jpg","id":2776},"background_position":"top right","background_attachment":"fixed","background_repeat":"no-repeat","background_size":"cover","background_overlay_background":"classic","background_overlay_color":"rgba(0,0,0,0.9)","background_overlay_color_b":"#e01a00","background_overlay_opacity":{"unit":"px","size":0.5300000000000000266453525910037569701671600341796875},"shape_divider_top":"arrow","shape_divider_top_color":"#d84800","shape_divider_top_width":{"unit":"%","size":100},"shape_divider_top_width_mobile":{"unit":"%","size":0},"shape_divider_top_height":{"unit":"px","size":5},"shape_divider_top_height_mobile":{"unit":"px","size":0},"shape_divider_top_negative":"yes","shape_divider_bottom":"arrow","shape_divider_bottom_color":"#d84800","shape_divider_bottom_width":{"unit":"%","size":100},"shape_divider_bottom_width_mobile":{"unit":"%","size":0},"shape_divider_bottom_height":{"unit":"px","size":5},"shape_divider_bottom_height_mobile":{"unit":"px","size":0},"shape_divider_bottom_negative":"yes"},"elements":[{"id":"44b7509b","settings":{"_column_size":50,"_inline_size":50,"space_between_widgets":20,"background_background":"classic","background_overlay_hover_background":"classic","hide_mobile":"hidden-phone"},"elements":[],"isInner":false,"elType":"column"},{"id":"4e59202e","settings":{"_column_size":50,"_inline_size":50,"background_background":"classic","background_color":"#ffffff","box_shadow_box_shadow":{"horizontal":0,"vertical":0,"blur":50,"spread":0,"color":"rgba(0,0,0,0.06)"},"padding":{"unit":"px","top":"80","right":"30","bottom":"80","left":"030","isLinked":false},"padding_tablet":{"unit":"px","top":"80","right":"30","bottom":"80","left":"30","isLinked":false},"padding_mobile":{"unit":"px","top":"50","right":"30","bottom":"50","left":"30","isLinked":false}},"elements":[{"id":"45488d25","settings":{"image":{"url":"https:\/\/www.cssigniter.com\/elementor\/wp-content\/uploads\/2017\/09\/col_bag01.jpg","id":2831},"image_size":"full","link_to":"file","open_lightbox":"yes","space":{"unit":"%","size":50},"align":"center","align_tablet":"center","align_mobile":"center","space_tablet":{"unit":"%","size":70,"sizes":[]},"space_mobile":{"unit":"%","size":65,"sizes":[]}},"elements":[],"isInner":false,"widgetType":"image","elType":"widget"},{"id":"4a37b308","settings":{"title":"KIOMA","align":"center","title_color":"#d84800","typography_typography":"custom","typography_font_size":{"unit":"px","size":36},"typography_font_family":"Oswald","typography_font_weight":"normal","typography_text_transform":"uppercase","typography_letter_spacing":{"unit":"px","size":3},"_margin":{"unit":"px","top":"0","right":"0","bottom":"-15","left":"0","isLinked":false},"align_tablet":"center","align_mobile":"center","typography_font_size_tablet":{"unit":"px","size":36,"sizes":[]},"typography_font_size_mobile":{"unit":"px","size":36,"sizes":[]},"typography_font_style":"normal","typography_text_decoration":"none","typography_line_height":{"unit":"em","size":1,"sizes":[]},"typography_line_height_tablet":{"unit":"em","size":1,"sizes":[]},"typography_line_height_mobile":{"unit":"em","size":1,"sizes":[]},"typography_letter_spacing_tablet":{"unit":"px","size":3,"sizes":[]},"typography_letter_spacing_mobile":{"unit":"px","size":3,"sizes":[]},"_margin_tablet":{"unit":"px","top":"0","right":"0","bottom":"-15","left":"0","isLinked":false},"_margin_mobile":{"unit":"px","top":"0","right":"0","bottom":"-15","left":"0","isLinked":false}},"elements":[],"isInner":false,"widgetType":"heading","elType":"widget"},{"id":"7e960db8","settings":{"title":"Across body bag - Brown","align":"center","title_color":"#004759","typography_typography":"custom","typography_font_size":{"unit":"px","size":24},"typography_font_family":"Oswald","typography_font_weight":"100","typography_text_transform":"uppercase","typography_letter_spacing":{"unit":"px","size":0},"_margin":{"unit":"px","top":"0","right":"0","bottom":"0","left":"0","isLinked":true},"align_tablet":"center","align_mobile":"center","typography_font_size_tablet":{"unit":"px","size":24,"sizes":[]},"typography_font_size_mobile":{"unit":"px","size":24,"sizes":[]},"typography_font_style":"normal","typography_text_decoration":"none","typography_line_height":{"unit":"em","size":1,"sizes":[]},"typography_line_height_tablet":{"unit":"em","size":1,"sizes":[]},"typography_line_height_mobile":{"unit":"em","size":1.1999999999999999555910790149937383830547332763671875,"sizes":[]}},"elements":[],"isInner":false,"widgetType":"heading","elType":"widget"},{"id":"6c6ba9b","settings":{"title":"$129,95","align":"center","title_color":"#5b5b5b","typography_typography":"custom","typography_font_size":{"unit":"px","size":20},"typography_font_family":"Oswald","typography_font_weight":"300","typography_text_transform":"uppercase","typography_letter_spacing":{"unit":"px","size":0},"_margin":{"unit":"px","top":"0","right":"0","bottom":"0","left":"0","isLinked":false},"align_tablet":"center","align_mobile":"center","typography_font_size_tablet":{"unit":"px","size":20,"sizes":[]},"typography_font_size_mobile":{"unit":"px","size":20,"sizes":[]},"typography_font_style":"normal","typography_text_decoration":"none","typography_line_height":{"unit":"em","size":1,"sizes":[]},"typography_line_height_tablet":{"unit":"em","size":1,"sizes":[]},"typography_line_height_mobile":{"unit":"em","size":1,"sizes":[]},"_margin_tablet":{"unit":"px","top":"0","right":"0","bottom":"0","left":"0","isLinked":false},"_margin_mobile":{"unit":"px","top":"0","right":"0","bottom":"0","left":"0","isLinked":false}},"elements":[],"isInner":false,"widgetType":"heading","elType":"widget"},{"id":"1afea6c2","settings":{"style":"double","weight":{"unit":"px","size":3},"color":"#e5e5e5","width":{"unit":"%","size":3},"align":"center","gap":{"unit":"px","size":10},"width_tablet":{"unit":"%","size":3,"sizes":[]},"width_mobile":{"unit":"%","size":3,"sizes":[]},"align_tablet":"center","align_mobile":"center","text":"Divider","gap_tablet":{"unit":"px","size":10,"sizes":[]},"gap_mobile":{"unit":"px","size":10,"sizes":[]}},"elements":[],"isInner":false,"widgetType":"divider","elType":"widget"},{"id":"1dcd3f15","settings":{"text":"Buy Now","align":"center","typography_typography":"custom","typography_font_size":{"unit":"px","size":14},"typography_font_family":"Oswald","typography_font_weight":"300","typography_text_transform":"uppercase","typography_letter_spacing":{"unit":"px","size":6},"button_text_color":"#2d2d2d","background_color":"#eaeaea","hover_color":"#ffffff","button_background_hover_color":"#d84800","border_radius":{"unit":"px","top":"0","right":"0","bottom":"0","left":"0","isLinked":true},"align_tablet":"center","align_mobile":"center","typography_font_size_tablet":{"unit":"px","size":14,"sizes":[]},"typography_font_size_mobile":{"unit":"px","size":14,"sizes":[]},"typography_font_style":"normal","typography_text_decoration":"none","typography_line_height":{"unit":"em","size":1,"sizes":[]},"typography_line_height_tablet":{"unit":"em","size":1,"sizes":[]},"typography_line_height_mobile":{"unit":"em","size":1,"sizes":[]},"button_hover_border_color":"rgba(216,72,0,0)","border_border":"solid","border_width":{"unit":"px","top":"0","right":"0","bottom":"0","left":"0","isLinked":true},"border_width_tablet":{"unit":"px","top":"0","right":"0","bottom":"0","left":"0","isLinked":true},"border_width_mobile":{"unit":"px","top":"0","right":"0","bottom":"0","left":"0","isLinked":true}},"elements":[],"isInner":false,"widgetType":"button","elType":"widget"}],"isInner":false,"elType":"column"}],"isInner":false,"elType":"section"},{"id":"1780f103","settings":{"layout":"full_width","gap":"wider","height":"full","custom_height":{"unit":"px","size":800},"column_position":"stretch","content_position":"middle","structure":"20","background_background":"classic","background_image":{"url":"https:\/\/www.cssigniter.com\/elementor\/wp-content\/uploads\/2017\/09\/img01_bw.jpg","id":2776},"background_position":"center center","background_attachment":"fixed","background_repeat":"no-repeat","background_size":"cover","background_overlay_background":"classic","background_overlay_color":"rgba(0,0,0,0.9)","background_overlay_color_b":"#e01a00","background_overlay_opacity":{"unit":"px","size":0.5300000000000000266453525910037569701671600341796875},"shape_divider_top":"arrow","shape_divider_top_color":"#d84800","shape_divider_top_width":{"unit":"%","size":100},"shape_divider_top_width_mobile":{"unit":"%","size":0},"shape_divider_top_height":{"unit":"px","size":5},"shape_divider_top_height_mobile":{"unit":"px","size":0},"shape_divider_top_negative":"yes","shape_divider_bottom":"arrow","shape_divider_bottom_color":"#d84800","shape_divider_bottom_width":{"unit":"%","size":100},"shape_divider_bottom_width_mobile":{"unit":"%","size":0},"shape_divider_bottom_height":{"unit":"px","size":5},"shape_divider_bottom_height_mobile":{"unit":"px","size":0},"shape_divider_bottom_negative":"yes"},"elements":[{"id":"f0c3bf3","settings":{"_column_size":50,"_inline_size":50,"background_background":"classic","background_color":"#ffffff","box_shadow_box_shadow":{"horizontal":0,"vertical":0,"blur":50,"spread":0,"color":"rgba(0,0,0,0.06)"},"padding":{"unit":"px","top":"80","right":"30","bottom":"80","left":"030","isLinked":false},"padding_tablet":{"unit":"px","top":"80","right":"30","bottom":"80","left":"30","isLinked":false},"padding_mobile":{"unit":"px","top":"50","right":"30","bottom":"50","left":"30","isLinked":false}},"elements":[{"id":"622802e6","settings":{"image":{"url":"https:\/\/www.cssigniter.com\/elementor\/wp-content\/uploads\/2017\/09\/col_bag02.jpg","id":2832},"image_size":"full","link_to":"file","open_lightbox":"yes","space":{"unit":"%","size":50},"align":"center","align_tablet":"center","align_mobile":"center","space_tablet":{"unit":"%","size":70,"sizes":[]},"space_mobile":{"unit":"%","size":65,"sizes":[]}},"elements":[],"isInner":false,"widgetType":"image","elType":"widget"},{"id":"14117ef3","settings":{"title":"Femme","align":"center","title_color":"#d84800","typography_typography":"custom","typography_font_size":{"unit":"px","size":36},"typography_font_family":"Oswald","typography_font_weight":"normal","typography_text_transform":"uppercase","typography_letter_spacing":{"unit":"px","size":3},"_margin":{"unit":"px","top":"0","right":"0","bottom":"-15","left":"0","isLinked":false},"align_tablet":"center","align_mobile":"center","typography_font_size_tablet":{"unit":"px","size":36,"sizes":[]},"typography_font_size_mobile":{"unit":"px","size":36,"sizes":[]},"typography_font_style":"normal","typography_text_decoration":"none","typography_line_height":{"unit":"em","size":1,"sizes":[]},"typography_line_height_tablet":{"unit":"em","size":1,"sizes":[]},"typography_line_height_mobile":{"unit":"em","size":1,"sizes":[]},"typography_letter_spacing_tablet":{"unit":"px","size":3,"sizes":[]},"typography_letter_spacing_mobile":{"unit":"px","size":3,"sizes":[]},"_margin_tablet":{"unit":"px","top":"0","right":"0","bottom":"-15","left":"0","isLinked":false},"_margin_mobile":{"unit":"px","top":"0","right":"0","bottom":"-15","left":"0","isLinked":false}},"elements":[],"isInner":false,"widgetType":"heading","elType":"widget"},{"id":"6e3d9695","settings":{"title":"Handbag - Black","align":"center","title_color":"#004759","typography_typography":"custom","typography_font_size":{"unit":"px","size":24},"typography_font_family":"Oswald","typography_font_weight":"100","typography_text_transform":"uppercase","typography_letter_spacing":{"unit":"px","size":0},"_margin":{"unit":"px","top":"0","right":"0","bottom":"0","left":"0","isLinked":true},"align_tablet":"center","align_mobile":"center","typography_font_size_tablet":{"unit":"px","size":24,"sizes":[]},"typography_font_size_mobile":{"unit":"px","size":24,"sizes":[]},"typography_font_style":"normal","typography_text_decoration":"none","typography_line_height":{"unit":"em","size":1,"sizes":[]},"typography_line_height_tablet":{"unit":"em","size":1,"sizes":[]},"typography_line_height_mobile":{"unit":"em","size":1.1999999999999999555910790149937383830547332763671875,"sizes":[]}},"elements":[],"isInner":false,"widgetType":"heading","elType":"widget"},{"id":"28b4fe9e","settings":{"title":"$179,95","align":"center","title_color":"#5b5b5b","typography_typography":"custom","typography_font_size":{"unit":"px","size":20},"typography_font_family":"Oswald","typography_font_weight":"300","typography_text_transform":"uppercase","typography_letter_spacing":{"unit":"px","size":0},"_margin":{"unit":"px","top":"0","right":"0","bottom":"0","left":"0","isLinked":false},"align_tablet":"center","align_mobile":"center","typography_font_size_tablet":{"unit":"px","size":20,"sizes":[]},"typography_font_size_mobile":{"unit":"px","size":20,"sizes":[]},"typography_font_style":"normal","typography_text_decoration":"none","typography_line_height":{"unit":"em","size":1,"sizes":[]},"typography_line_height_tablet":{"unit":"em","size":1,"sizes":[]},"typography_line_height_mobile":{"unit":"em","size":1,"sizes":[]},"_margin_tablet":{"unit":"px","top":"0","right":"0","bottom":"0","left":"0","isLinked":false},"_margin_mobile":{"unit":"px","top":"0","right":"0","bottom":"0","left":"0","isLinked":false}},"elements":[],"isInner":false,"widgetType":"heading","elType":"widget"},{"id":"3718aa5a","settings":{"style":"double","weight":{"unit":"px","size":3},"color":"#e5e5e5","width":{"unit":"%","size":3},"align":"center","gap":{"unit":"px","size":10},"width_tablet":{"unit":"%","size":3,"sizes":[]},"width_mobile":{"unit":"%","size":3,"sizes":[]},"align_tablet":"center","align_mobile":"center","text":"Divider","gap_tablet":{"unit":"px","size":10,"sizes":[]},"gap_mobile":{"unit":"px","size":10,"sizes":[]}},"elements":[],"isInner":false,"widgetType":"divider","elType":"widget"},{"id":"22884318","settings":{"text":"Buy Now","align":"center","typography_typography":"custom","typography_font_size":{"unit":"px","size":14},"typography_font_family":"Oswald","typography_font_weight":"300","typography_text_transform":"uppercase","typography_letter_spacing":{"unit":"px","size":6},"button_text_color":"#2d2d2d","background_color":"#eaeaea","hover_color":"#ffffff","button_background_hover_color":"#d84800","border_radius":{"unit":"px","top":"0","right":"0","bottom":"0","left":"0","isLinked":true},"align_tablet":"center","align_mobile":"center","typography_font_size_tablet":{"unit":"px","size":14,"sizes":[]},"typography_font_size_mobile":{"unit":"px","size":14,"sizes":[]},"typography_font_style":"normal","typography_text_decoration":"none","typography_line_height":{"unit":"em","size":1,"sizes":[]},"typography_line_height_tablet":{"unit":"em","size":1,"sizes":[]},"typography_line_height_mobile":{"unit":"em","size":1,"sizes":[]},"button_hover_border_color":"rgba(216,72,0,0)","border_border":"solid","border_width":{"unit":"px","top":"0","right":"0","bottom":"0","left":"0","isLinked":true},"border_width_tablet":{"unit":"px","top":"0","right":"0","bottom":"0","left":"0","isLinked":true},"border_width_mobile":{"unit":"px","top":"0","right":"0","bottom":"0","left":"0","isLinked":true}},"elements":[],"isInner":false,"widgetType":"button","elType":"widget"}],"isInner":false,"elType":"column"},{"id":"77160f1a","settings":{"_column_size":50,"_inline_size":50,"space_between_widgets":20,"background_background":"classic","background_overlay_hover_background":"classic","hide_mobile":"hidden-phone"},"elements":[],"isInner":false,"elType":"column"}],"isInner":false,"elType":"section"},{"id":"129c6f01","settings":{"layout":"full_width","gap":"wider","height":"full","custom_height":{"unit":"px","size":800},"column_position":"stretch","content_position":"middle","structure":"20","background_background":"classic","background_image":{"url":"https:\/\/www.cssigniter.com\/elementor\/wp-content\/uploads\/2017\/09\/img01_bw.jpg","id":2776},"background_position":"top right","background_attachment":"fixed","background_repeat":"no-repeat","background_size":"cover","background_overlay_background":"classic","background_overlay_color":"rgba(0,0,0,0.9)","background_overlay_color_b":"#e01a00","background_overlay_opacity":{"unit":"px","size":0.5300000000000000266453525910037569701671600341796875},"shape_divider_top":"arrow","shape_divider_top_color":"#d84800","shape_divider_top_width":{"unit":"%","size":100},"shape_divider_top_width_mobile":{"unit":"%","size":0},"shape_divider_top_height":{"unit":"px","size":5},"shape_divider_top_height_mobile":{"unit":"px","size":0},"shape_divider_top_negative":"yes","shape_divider_bottom":"arrow","shape_divider_bottom_color":"#d84800","shape_divider_bottom_width":{"unit":"%","size":100},"shape_divider_bottom_width_mobile":{"unit":"%","size":0},"shape_divider_bottom_height":{"unit":"px","size":10},"shape_divider_bottom_height_mobile":{"unit":"px","size":0},"shape_divider_bottom_above_content":"yes"},"elements":[{"id":"10ee0152","settings":{"_column_size":50,"_inline_size":50,"space_between_widgets":20,"background_background":"classic","background_overlay_hover_background":"classic","hide_mobile":"hidden-phone"},"elements":[],"isInner":false,"elType":"column"},{"id":"3cc51c2","settings":{"_column_size":50,"_inline_size":50,"background_background":"classic","background_color":"#ffffff","box_shadow_box_shadow":{"horizontal":0,"vertical":0,"blur":50,"spread":0,"color":"rgba(0,0,0,0.06)"},"padding":{"unit":"px","top":"80","right":"30","bottom":"80","left":"030","isLinked":false},"padding_tablet":{"unit":"px","top":"80","right":"30","bottom":"80","left":"30","isLinked":false},"padding_mobile":{"unit":"px","top":"50","right":"30","bottom":"100","left":"30","isLinked":false}},"elements":[{"id":"5e36a956","settings":{"image":{"url":"https:\/\/www.cssigniter.com\/elementor\/wp-content\/uploads\/2017\/09\/col_bag04.jpg","id":2834},"image_size":"full","link_to":"file","open_lightbox":"yes","space":{"unit":"%","size":50},"align":"center","align_tablet":"center","align_mobile":"center","space_tablet":{"unit":"%","size":70,"sizes":[]},"space_mobile":{"unit":"%","size":65,"sizes":[]}},"elements":[],"isInner":false,"widgetType":"image","elType":"widget"},{"id":"26ba3232","settings":{"title":"KIara","align":"center","title_color":"#d84800","typography_typography":"custom","typography_font_size":{"unit":"px","size":36},"typography_font_family":"Oswald","typography_font_weight":"normal","typography_text_transform":"uppercase","typography_letter_spacing":{"unit":"px","size":3},"_margin":{"unit":"px","top":"0","right":"0","bottom":"-15","left":"0","isLinked":false},"align_tablet":"center","align_mobile":"center","typography_font_size_tablet":{"unit":"px","size":36,"sizes":[]},"typography_font_size_mobile":{"unit":"px","size":36,"sizes":[]},"typography_font_style":"normal","typography_text_decoration":"none","typography_line_height":{"unit":"em","size":1,"sizes":[]},"typography_line_height_tablet":{"unit":"em","size":1,"sizes":[]},"typography_line_height_mobile":{"unit":"em","size":1,"sizes":[]},"typography_letter_spacing_tablet":{"unit":"px","size":3,"sizes":[]},"typography_letter_spacing_mobile":{"unit":"px","size":3,"sizes":[]},"_margin_tablet":{"unit":"px","top":"0","right":"0","bottom":"-15","left":"0","isLinked":false},"_margin_mobile":{"unit":"px","top":"0","right":"0","bottom":"-15","left":"0","isLinked":false}},"elements":[],"isInner":false,"widgetType":"heading","elType":"widget"},{"id":"58291c6e","settings":{"title":"Across body bag - Orange","align":"center","title_color":"#004759","typography_typography":"custom","typography_font_size":{"unit":"px","size":24},"typography_font_family":"Oswald","typography_font_weight":"100","typography_text_transform":"uppercase","typography_letter_spacing":{"unit":"px","size":0},"_margin":{"unit":"px","top":"0","right":"0","bottom":"0","left":"0","isLinked":true},"align_tablet":"center","align_mobile":"center","typography_font_size_tablet":{"unit":"px","size":24,"sizes":[]},"typography_font_size_mobile":{"unit":"px","size":24,"sizes":[]},"typography_font_style":"normal","typography_text_decoration":"none","typography_line_height":{"unit":"em","size":1,"sizes":[]},"typography_line_height_tablet":{"unit":"em","size":1,"sizes":[]},"typography_line_height_mobile":{"unit":"em","size":1.1999999999999999555910790149937383830547332763671875,"sizes":[]}},"elements":[],"isInner":false,"widgetType":"heading","elType":"widget"},{"id":"a3df57f","settings":{"title":"<del>$249,95<\/del> - $189,95","align":"center","title_color":"#5b5b5b","typography_typography":"custom","typography_font_size":{"unit":"px","size":20},"typography_font_family":"Oswald","typography_font_weight":"300","typography_text_transform":"uppercase","typography_letter_spacing":{"unit":"px","size":0},"_margin":{"unit":"px","top":"0","right":"0","bottom":"0","left":"0","isLinked":false},"align_tablet":"center","align_mobile":"center","typography_font_size_tablet":{"unit":"px","size":20,"sizes":[]},"typography_font_size_mobile":{"unit":"px","size":20,"sizes":[]},"typography_font_style":"normal","typography_text_decoration":"none","typography_line_height":{"unit":"em","size":1,"sizes":[]},"typography_line_height_tablet":{"unit":"em","size":1,"sizes":[]},"typography_line_height_mobile":{"unit":"em","size":1,"sizes":[]},"_margin_tablet":{"unit":"px","top":"0","right":"0","bottom":"0","left":"0","isLinked":false},"_margin_mobile":{"unit":"px","top":"0","right":"0","bottom":"0","left":"0","isLinked":false}},"elements":[],"isInner":false,"widgetType":"heading","elType":"widget"},{"id":"4c16976b","settings":{"style":"double","weight":{"unit":"px","size":3},"color":"#e5e5e5","width":{"unit":"%","size":3},"align":"center","gap":{"unit":"px","size":10},"width_tablet":{"unit":"%","size":3,"sizes":[]},"width_mobile":{"unit":"%","size":3,"sizes":[]},"align_tablet":"center","align_mobile":"center","text":"Divider","gap_tablet":{"unit":"px","size":10,"sizes":[]},"gap_mobile":{"unit":"px","size":10,"sizes":[]}},"elements":[],"isInner":false,"widgetType":"divider","elType":"widget"},{"id":"7e6a01d2","settings":{"text":"Buy Now","align":"center","typography_typography":"custom","typography_font_size":{"unit":"px","size":14},"typography_font_family":"Oswald","typography_font_weight":"300","typography_text_transform":"uppercase","typography_letter_spacing":{"unit":"px","size":6},"button_text_color":"#2d2d2d","background_color":"#eaeaea","hover_color":"#ffffff","button_background_hover_color":"#d84800","border_radius":{"unit":"px","top":"0","right":"0","bottom":"0","left":"0","isLinked":true},"align_tablet":"center","align_mobile":"center","typography_font_size_tablet":{"unit":"px","size":14,"sizes":[]},"typography_font_size_mobile":{"unit":"px","size":14,"sizes":[]},"typography_font_style":"normal","typography_text_decoration":"none","typography_line_height":{"unit":"em","size":1,"sizes":[]},"typography_line_height_tablet":{"unit":"em","size":1,"sizes":[]},"typography_line_height_mobile":{"unit":"em","size":1,"sizes":[]},"button_hover_border_color":"rgba(216,72,0,0)","border_border":"solid","border_width":{"unit":"px","top":"0","right":"0","bottom":"0","left":"0","isLinked":true},"border_width_tablet":{"unit":"px","top":"0","right":"0","bottom":"0","left":"0","isLinked":true},"border_width_mobile":{"unit":"px","top":"0","right":"0","bottom":"0","left":"0","isLinked":true}},"elements":[],"isInner":false,"widgetType":"button","elType":"widget"}],"isInner":false,"elType":"column"}],"isInner":false,"elType":"section"},{"id":"763b650b","settings":{"background_background":"classic","background_color":"#d84800"},"elements":[{"id":"6be9f8d4","settings":{"_column_size":100,"padding":{"unit":"px","top":"80","right":"0","bottom":"90","left":"0","isLinked":false}},"elements":[{"id":"2aad7982","settings":{"image":{"url":"https:\/\/www.cssigniter.com\/elementor\/wp-content\/uploads\/2017\/09\/collins_logo.png","id":2781},"align":"center","align_tablet":"center","align_mobile":"center"},"elements":[],"isInner":false,"widgetType":"image","elType":"widget"},{"id":"4a38893f","settings":{"title":"Premium Leather Products Since 1783","header_size":"p","align":"center","title_color":"#ffffff","typography_typography":"custom","typography_font_size":{"unit":"px","size":13},"typography_font_family":"Oswald","typography_font_weight":"300","typography_text_transform":"uppercase","typography_letter_spacing":{"unit":"px","size":3.399999999999999911182158029987476766109466552734375},"_margin":{"unit":"px","top":"0","right":"0","bottom":"0","left":"0","isLinked":false},"align_tablet":"center","align_mobile":"center","typography_font_size_tablet":{"unit":"px","size":13,"sizes":[]},"typography_font_size_mobile":{"unit":"px","size":13,"sizes":[]},"typography_font_style":"normal","typography_text_decoration":"none","typography_line_height":{"unit":"em","size":1,"sizes":[]},"typography_line_height_tablet":{"unit":"em","size":1,"sizes":[]},"typography_line_height_mobile":{"unit":"em","size":1.399999999999999911182158029987476766109466552734375,"sizes":[]},"typography_letter_spacing_tablet":{"unit":"px","size":3.399999999999999911182158029987476766109466552734375,"sizes":[]},"typography_letter_spacing_mobile":{"unit":"px","size":3.399999999999999911182158029987476766109466552734375,"sizes":[]},"_margin_tablet":{"unit":"px","top":"0","right":"0","bottom":"0","left":"0","isLinked":false},"_margin_mobile":{"unit":"px","top":"0","right":"0","bottom":"0","left":"0","isLinked":false}},"elements":[],"isInner":false,"widgetType":"heading","elType":"widget"},{"id":"5546c7cb","settings":{"style":"double","weight":{"unit":"px","size":3},"color":"#e5e5e5","width":{"unit":"%","size":3},"align":"center","gap":{"unit":"px","size":10},"width_tablet":{"unit":"%","size":3,"sizes":[]},"width_mobile":{"unit":"%","size":3,"sizes":[]},"align_tablet":"center","align_mobile":"center","text":"Divider","gap_tablet":{"unit":"px","size":10,"sizes":[]},"gap_mobile":{"unit":"px","size":10,"sizes":[]}},"elements":[],"isInner":false,"widgetType":"divider","elType":"widget"},{"id":"1811bf44","settings":{"social_icon_list":[{"social":"fa fa-shopping-cart","link":{"is_external":"true"},"_id":"fvbpi59","social_icon":{"value":"fas fa-shopping-cart","library":"fa-solid"},"item_icon_color":"default","item_icon_primary_color":"","item_icon_secondary_color":"","__fa4_migrated":{"social_icon":true}},{"social":"fa fa-facebook","_id":"ygqjjy3","link":{"url":"","is_external":"true","nofollow":""},"social_icon":{"value":"fab fa-facebook-f","library":"fa-brands"},"item_icon_color":"default","item_icon_primary_color":"","item_icon_secondary_color":"","__fa4_migrated":{"social_icon":true}},{"social":"fa fa-twitter","_id":"o2es6j4","link":{"url":"","is_external":"true","nofollow":""},"social_icon":{"value":"fab fa-twitter","library":"fa-brands"},"item_icon_color":"default","item_icon_primary_color":"","item_icon_secondary_color":"","__fa4_migrated":{"social_icon":true}},{"social":"fa fa-wordpress","link":{"is_external":"true"},"_id":"jx7098q","social_icon":{"value":"fab fa-wordpress","library":"fa-brands"},"item_icon_color":"default","item_icon_primary_color":"","item_icon_secondary_color":"","__fa4_migrated":{"social_icon":true}},{"social":"fa fa-foursquare","link":{"is_external":"true"},"_id":"qfqqsi4","social_icon":{"value":"fab fa-foursquare","library":"fa-brands"},"item_icon_color":"default","item_icon_primary_color":"","item_icon_secondary_color":"","__fa4_migrated":{"social_icon":true}},{"social":"fa fa-youtube","link":{"is_external":"true"},"_id":"zhoxmhh","social_icon":{"value":"fab fa-youtube","library":"fa-brands"},"item_icon_color":"default","item_icon_primary_color":"","item_icon_secondary_color":"","__fa4_migrated":{"social_icon":true}},{"social":"fa fa-snapchat","link":{"is_external":"true"},"_id":"45cvfy0","social_icon":{"value":"fab fa-snapchat","library":"fa-brands"},"item_icon_color":"default","item_icon_primary_color":"","item_icon_secondary_color":"","__fa4_migrated":{"social_icon":true}}],"shape":"square","icon_color":"custom","icon_primary_color":"#d84800","icon_secondary_color":"#ffffff","icon_size":{"unit":"px","size":16},"icon_padding":{"unit":"em","size":0.59999999999999997779553950749686919152736663818359375},"icon_spacing":{"unit":"px","size":8},"image_border_border":"solid","image_border_width":{"unit":"px","top":"1","right":"1","bottom":"1","left":"1","isLinked":true},"image_border_color":"rgba(255,255,255,0.59)","hover_primary_color":"#004759","hover_secondary_color":"#ffffff","hover_border_color":"#004759","align_tablet":"center","align_mobile":"center","icon_size_tablet":{"unit":"px","size":16,"sizes":[]},"icon_size_mobile":{"unit":"px","size":16,"sizes":[]},"icon_padding_tablet":{"unit":"em","size":0.59999999999999997779553950749686919152736663818359375,"sizes":[]},"icon_padding_mobile":{"unit":"em","size":0.59999999999999997779553950749686919152736663818359375,"sizes":[]},"icon_spacing_tablet":{"unit":"px","size":8,"sizes":[]},"icon_spacing_mobile":{"unit":"px","size":8,"sizes":[]},"image_border_width_tablet":{"unit":"px","top":"1","right":"1","bottom":"1","left":"1","isLinked":true},"image_border_width_mobile":{"unit":"px","top":"1","right":"1","bottom":"1","left":"1","isLinked":true}},"elements":[],"isInner":false,"widgetType":"social-icons","elType":"widget"}],"isInner":false,"elType":"column"}],"isInner":false,"elType":"section"}]}