{"version":"0.4","title":"ERJones &#8211; Album","type":"page","content":[{"id":"1e67583","settings":{"gap":"extended","content_position":"top","background_background":"classic","background_image":{"id":5502,"url":"https:\/\/www.cssigniter.com\/elementor\/wp-content\/uploads\/2020\/01\/rjones-album-hero.jpg"},"background_position":"bottom center","background_attachment":"scroll","background_repeat":"no-repeat","background_size":"cover","background_overlay_background":"classic","background_overlay_color":"#161b3e","height":"min-height","custom_height":{"unit":"px","size":600,"sizes":[]},"column_position":"bottom"},"elements":[{"id":"158113b7","settings":{"_column_size":100,"_inline_size_tablet":100,"_inline_size_mobile":100,"padding":{"unit":"px","top":"25","right":"0","bottom":"65","left":"0","isLinked":false},"padding_tablet":{"unit":"px","top":"25","right":"30","bottom":"65","left":"30","isLinked":false},"padding_mobile":{"unit":"px","top":"25","right":"15","bottom":"215","left":"15","isLinked":false}},"elements":[{"id":"26a18d8c","settings":{"gap":"extended","content_position":"top","structure":"20"},"elements":[{"id":"759294ae","settings":{"_column_size":50,"_inline_size":null,"_inline_size_mobile":100,"space_between_widgets":10,"space_between_widgets_tablet":10,"space_between_widgets_mobile":10,"_inline_size_tablet":50},"elements":[{"id":"2f8eb1cd","settings":{"title":"Can\u2019t Break Me Down","align":"left","align_tablet":"left","align_mobile":"center","title_color":"#ffffff","typography_typography":"custom","typography_font_family":"Oswald","typography_font_size":{"unit":"px","size":44,"sizes":[]},"typography_font_size_tablet":{"unit":"px","size":44,"sizes":[]},"typography_font_size_mobile":{"unit":"px","size":44,"sizes":[]},"typography_font_weight":"500","typography_text_transform":"uppercase","typography_font_style":"normal","typography_text_decoration":"none","typography_line_height":{"unit":"em","size":1,"sizes":[]},"typography_line_height_tablet":{"unit":"em","size":1,"sizes":[]},"typography_line_height_mobile":{"unit":"em","size":1.1999999999999999555910790149937383830547332763671875,"sizes":[]}},"elements":[],"isInner":false,"widgetType":"heading","elType":"widget"},{"id":"56ac456","settings":{"title":"DECEMBER 24, 2016","header_size":"p","align":"left","align_tablet":"left","align_mobile":"center","title_color":"#ff6d00","typography_typography":"custom","typography_font_family":"Lato","typography_font_size":{"unit":"px","size":14,"sizes":[]},"typography_font_size_tablet":{"unit":"px","size":14,"sizes":[]},"typography_font_size_mobile":{"unit":"px","size":14,"sizes":[]},"typography_font_weight":"700","typography_text_transform":"uppercase","typography_font_style":"normal","typography_text_decoration":"none","typography_line_height":{"unit":"em","size":1,"sizes":[]},"typography_line_height_tablet":{"unit":"em","size":1,"sizes":[]},"typography_line_height_mobile":{"unit":"em","size":1.5,"sizes":[]},"typography_letter_spacing":{"unit":"px","size":4,"sizes":[]},"typography_letter_spacing_tablet":{"unit":"px","size":4,"sizes":[]},"typography_letter_spacing_mobile":{"unit":"px","size":4,"sizes":[]}},"elements":[],"isInner":false,"widgetType":"heading","elType":"widget"}],"isInner":true,"elType":"column"},{"id":"7c7645a9","settings":{"_column_size":50,"_inline_size":null,"_inline_size_mobile":100,"hide_mobile":"hidden-phone","_inline_size_tablet":50},"elements":[],"isInner":true,"elType":"column"}],"isInner":true,"elType":"section"}],"isInner":false,"elType":"column"}],"isInner":false,"elType":"section"},{"id":"56f67e15","settings":{"gap":"extended","content_position":"top","structure":"20","background_background":"classic","background_color":"#f8f3ea","padding":{"unit":"px","top":"185","right":"0","bottom":"365","left":"0","isLinked":false},"padding_tablet":{"unit":"px","top":"185","right":"0","bottom":"345","left":"0","isLinked":false},"padding_mobile":{"unit":"px","top":"105","right":"0","bottom":"270","left":"0","isLinked":false},"reverse_order_tablet":"reverse-tablet","reverse_order_mobile":"reverse-mobile"},"elements":[{"id":"41b2e154","settings":{"_column_size":50,"_inline_size":null,"_inline_size_tablet":100,"_inline_size_mobile":100,"padding_tablet":{"unit":"px","top":"15","right":"45","bottom":"15","left":"45","isLinked":false},"padding_mobile":{"unit":"px","top":"15","right":"30","bottom":"15","left":"30","isLinked":false}},"elements":[{"id":"212039d6","settings":{"image":{"id":"5473","url":"https:\/\/www.cssigniter.com\/elementor\/wp-content\/uploads\/2020\/01\/album-img03.jpg"},"image_size":"full","align":"center","align_tablet":"center","align_mobile":"center","width":{"unit":"%","size":100,"sizes":[]},"width_tablet":{"unit":"%","size":100,"sizes":[]},"width_mobile":{"unit":"%","size":100,"sizes":[]},"space":{"unit":"%","size":100,"sizes":[]},"space_tablet":{"unit":"%","size":100,"sizes":[]},"space_mobile":{"unit":"%","size":100,"sizes":[]},"image_border_border":"solid","image_border_width":{"unit":"px","top":"10","right":"10","bottom":"10","left":"10","isLinked":true},"image_border_width_tablet":{"unit":"px","top":"10","right":"10","bottom":"10","left":"10","isLinked":true},"image_border_width_mobile":{"unit":"px","top":"10","right":"10","bottom":"10","left":"10","isLinked":true},"image_border_color":"#ffffff","image_border_radius":{"unit":"px","top":"0","right":"0","bottom":"0","left":"0","isLinked":false},"image_border_radius_tablet":{"unit":"px","top":"0","right":"0","bottom":"0","left":"0","isLinked":false},"image_border_radius_mobile":{"unit":"px","top":"0","right":"0","bottom":"0","left":"0","isLinked":false}},"elements":[],"isInner":false,"widgetType":"image","elType":"widget"},{"id":"738d4623","settings":{"gap":"wider"},"elements":[{"id":"7efe1fda","settings":{"_column_size":100,"_inline_size":null,"background_background":"classic","background_color":"#ffffff","margin":{"unit":"px","top":"-50","right":"0","bottom":"0","left":"30","isLinked":false},"_inline_size_tablet":100,"_inline_size_mobile":100,"space_between_widgets":10,"space_between_widgets_tablet":10,"space_between_widgets_mobile":10,"margin_tablet":{"unit":"px","top":"-50","right":"0","bottom":"0","left":"30","isLinked":false},"margin_mobile":{"unit":"px","top":"-50","right":"0","bottom":"0","left":"30","isLinked":false},"padding":{"unit":"px","top":"30","right":"30","bottom":"10","left":"30","isLinked":false},"padding_tablet":{"unit":"px","top":"30","right":"30","bottom":"10","left":"30","isLinked":false},"padding_mobile":{"unit":"px","top":"30","right":"30","bottom":"10","left":"30","isLinked":false}},"elements":[{"id":"1f273eb8","settings":{"title":"Available On","header_size":"h4","align":"left","align_tablet":"left","title_color":"#161b3e","typography_typography":"custom","typography_font_family":"Oswald","typography_font_size":{"unit":"px","size":24,"sizes":[]},"typography_font_size_tablet":{"unit":"px","size":24,"sizes":[]},"typography_font_size_mobile":{"unit":"px","size":24,"sizes":[]},"typography_font_weight":"500","typography_text_transform":"uppercase","typography_font_style":"normal","typography_text_decoration":"none","typography_line_height":{"unit":"em","size":1,"sizes":[]},"typography_line_height_tablet":{"unit":"em","size":1,"sizes":[]},"typography_line_height_mobile":{"unit":"em","size":1,"sizes":[]}},"elements":[],"isInner":false,"widgetType":"heading","elType":"widget"}],"isInner":true,"elType":"column"}],"isInner":true,"elType":"section"},{"id":"7b9b43d6","settings":{"gap":"extended","structure":"40","padding":{"unit":"px","top":"0","right":"0","bottom":"0","left":"30","isLinked":false},"padding_tablet":{"unit":"px","top":"0","right":"0","bottom":"0","left":"30","isLinked":false},"padding_mobile":{"unit":"px","top":"0","right":"0","bottom":"0","left":"30","isLinked":false}},"elements":[{"id":"aef373d","settings":{"_column_size":25,"_inline_size":28,"_inline_size_tablet":28,"_inline_size_mobile":100,"space_between_widgets":10,"space_between_widgets_tablet":10,"space_between_widgets_mobile":10,"background_background":"classic","background_color":"#ffffff","padding":{"unit":"px","top":"10","right":"0","bottom":"30","left":"30","isLinked":false},"padding_tablet":{"unit":"px","top":"10","right":"0","bottom":"30","left":"30","isLinked":false},"padding_mobile":{"unit":"px","top":"10","right":"30","bottom":"5","left":"30","isLinked":false}},"elements":[{"id":"2024a943","settings":{"button_type":"success","text":"SPOTIFY","align":"justify","align_tablet":"justify","align_mobile":"left","size":"md","typography_typography":"custom","typography_font_family":"Lato","typography_font_size":{"unit":"px","size":11,"sizes":[]},"typography_font_size_tablet":{"unit":"px","size":11,"sizes":[]},"typography_font_size_mobile":{"unit":"px","size":11,"sizes":[]},"typography_font_weight":"700","typography_text_transform":"uppercase","typography_font_style":"normal","typography_text_decoration":"none","typography_line_height":{"unit":"em","size":1.600000000000000088817841970012523233890533447265625,"sizes":[]},"typography_line_height_tablet":{"unit":"em","size":1.600000000000000088817841970012523233890533447265625,"sizes":[]},"typography_line_height_mobile":{"unit":"em","size":1.600000000000000088817841970012523233890533447265625,"sizes":[]},"button_text_color":"#161b3e","background_color":"#ffffff","hover_color":"#ffffff","button_background_hover_color":"#ff6d00","button_hover_border_color":"#ff6d00","border_border":"solid","border_width":{"unit":"px","top":"2","right":"2","bottom":"2","left":"2","isLinked":true},"border_width_tablet":{"unit":"px","top":"2","right":"2","bottom":"2","left":"2","isLinked":true},"border_width_mobile":{"unit":"px","top":"2","right":"2","bottom":"2","left":"2","isLinked":true},"border_color":"#ff6d00","border_radius":{"unit":"px","top":"0","right":"0","bottom":"0","left":"0","isLinked":false},"text_padding":{"unit":"px","top":"5","right":"8","bottom":"5","left":"8","isLinked":false},"text_padding_tablet":{"unit":"px","top":"5","right":"20","bottom":"5","left":"20","isLinked":false},"text_padding_mobile":{"unit":"px","top":"5","right":"38","bottom":"5","left":"38","isLinked":false},"typography_letter_spacing":{"unit":"px","size":1.1999999999999999555910790149937383830547332763671875,"sizes":[]},"typography_letter_spacing_tablet":{"unit":"px","size":1.5,"sizes":[]},"typography_letter_spacing_mobile":{"unit":"px","size":1.5,"sizes":[]}},"elements":[],"isInner":false,"widgetType":"button","elType":"widget"},{"id":"36eb202b","settings":{"button_type":"success","text":"DEEZER ","align":"justify","align_tablet":"justify","align_mobile":"left","size":"md","typography_typography":"custom","typography_font_family":"Lato","typography_font_size":{"unit":"px","size":11,"sizes":[]},"typography_font_size_tablet":{"unit":"px","size":11,"sizes":[]},"typography_font_size_mobile":{"unit":"px","size":11,"sizes":[]},"typography_font_weight":"700","typography_text_transform":"uppercase","typography_font_style":"normal","typography_text_decoration":"none","typography_line_height":{"unit":"em","size":1.600000000000000088817841970012523233890533447265625,"sizes":[]},"typography_line_height_tablet":{"unit":"em","size":1.600000000000000088817841970012523233890533447265625,"sizes":[]},"typography_line_height_mobile":{"unit":"em","size":1.600000000000000088817841970012523233890533447265625,"sizes":[]},"button_text_color":"#161b3e","background_color":"#ffffff","hover_color":"#ffffff","button_background_hover_color":"#ff6d00","button_hover_border_color":"#ff6d00","border_border":"solid","border_width":{"unit":"px","top":"2","right":"2","bottom":"2","left":"2","isLinked":true},"border_width_tablet":{"unit":"px","top":"2","right":"2","bottom":"2","left":"2","isLinked":true},"border_width_mobile":{"unit":"px","top":"2","right":"2","bottom":"2","left":"2","isLinked":true},"border_color":"#ff6d00","border_radius":{"unit":"px","top":"0","right":"0","bottom":"0","left":"0","isLinked":false},"text_padding":{"unit":"px","top":"5","right":"8","bottom":"5","left":"8","isLinked":false},"text_padding_tablet":{"unit":"px","top":"5","right":"20","bottom":"5","left":"20","isLinked":false},"text_padding_mobile":{"unit":"px","top":"5","right":"41","bottom":"5","left":"41","isLinked":false},"typography_letter_spacing":{"unit":"px","size":1.1999999999999999555910790149937383830547332763671875,"sizes":[]},"typography_letter_spacing_tablet":{"unit":"px","size":1.5,"sizes":[]},"typography_letter_spacing_mobile":{"unit":"px","size":1.5,"sizes":[]}},"elements":[],"isInner":false,"widgetType":"button","elType":"widget"}],"isInner":true,"elType":"column"},{"id":"3654954c","settings":{"_column_size":25,"_inline_size":26,"_inline_size_tablet":26,"_inline_size_mobile":100,"space_between_widgets":10,"space_between_widgets_tablet":10,"space_between_widgets_mobile":10,"background_background":"classic","background_color":"#ffffff","padding":{"unit":"px","top":"10","right":"10","bottom":"30","left":"10","isLinked":false},"padding_tablet":{"unit":"px","top":"10","right":"10","bottom":"30","left":"10","isLinked":false},"padding_mobile":{"unit":"px","top":"5","right":"30","bottom":"5","left":"30","isLinked":false}},"elements":[{"id":"49b17a18","settings":{"button_type":"success","text":"APPLE MUSIC","align":"justify","align_tablet":"justify","align_mobile":"left","size":"md","typography_typography":"custom","typography_font_family":"Lato","typography_font_size":{"unit":"px","size":11,"sizes":[]},"typography_font_size_tablet":{"unit":"px","size":11,"sizes":[]},"typography_font_size_mobile":{"unit":"px","size":11,"sizes":[]},"typography_font_weight":"700","typography_text_transform":"uppercase","typography_font_style":"normal","typography_text_decoration":"none","typography_line_height":{"unit":"em","size":1.600000000000000088817841970012523233890533447265625,"sizes":[]},"typography_line_height_tablet":{"unit":"em","size":1.600000000000000088817841970012523233890533447265625,"sizes":[]},"typography_line_height_mobile":{"unit":"em","size":1.600000000000000088817841970012523233890533447265625,"sizes":[]},"button_text_color":"#161b3e","background_color":"#ffffff","hover_color":"#ffffff","button_background_hover_color":"#ff6d00","button_hover_border_color":"#ff6d00","border_border":"solid","border_width":{"unit":"px","top":"2","right":"2","bottom":"2","left":"2","isLinked":true},"border_width_tablet":{"unit":"px","top":"2","right":"2","bottom":"2","left":"2","isLinked":true},"border_width_mobile":{"unit":"px","top":"2","right":"2","bottom":"2","left":"2","isLinked":true},"border_color":"#ff6d00","border_radius":{"unit":"px","top":"0","right":"0","bottom":"0","left":"0","isLinked":false},"text_padding":{"unit":"px","top":"5","right":"8","bottom":"5","left":"8","isLinked":false},"text_padding_tablet":{"unit":"px","top":"5","right":"20","bottom":"5","left":"20","isLinked":false},"text_padding_mobile":{"unit":"px","top":"5","right":"22","bottom":"5","left":"22","isLinked":false},"typography_letter_spacing":{"unit":"px","size":1.1999999999999999555910790149937383830547332763671875,"sizes":[]},"typography_letter_spacing_tablet":{"unit":"px","size":1.5,"sizes":[]},"typography_letter_spacing_mobile":{"unit":"px","size":1.5,"sizes":[]}},"elements":[],"isInner":false,"widgetType":"button","elType":"widget"},{"id":"11e8ffd9","settings":{"button_type":"success","text":"YOU TUBE","align":"justify","align_tablet":"justify","align_mobile":"left","size":"md","typography_typography":"custom","typography_font_family":"Lato","typography_font_size":{"unit":"px","size":11,"sizes":[]},"typography_font_size_tablet":{"unit":"px","size":11,"sizes":[]},"typography_font_size_mobile":{"unit":"px","size":11,"sizes":[]},"typography_font_weight":"700","typography_text_transform":"uppercase","typography_font_style":"normal","typography_text_decoration":"none","typography_line_height":{"unit":"em","size":1.600000000000000088817841970012523233890533447265625,"sizes":[]},"typography_line_height_tablet":{"unit":"em","size":1.600000000000000088817841970012523233890533447265625,"sizes":[]},"typography_line_height_mobile":{"unit":"em","size":1.600000000000000088817841970012523233890533447265625,"sizes":[]},"button_text_color":"#161b3e","background_color":"#ffffff","hover_color":"#ffffff","button_background_hover_color":"#ff6d00","button_hover_border_color":"#ff6d00","border_border":"solid","border_width":{"unit":"px","top":"2","right":"2","bottom":"2","left":"2","isLinked":true},"border_width_tablet":{"unit":"px","top":"2","right":"2","bottom":"2","left":"2","isLinked":true},"border_width_mobile":{"unit":"px","top":"2","right":"2","bottom":"2","left":"2","isLinked":true},"border_color":"#ff6d00","border_radius":{"unit":"px","top":"0","right":"0","bottom":"0","left":"0","isLinked":false},"text_padding":{"unit":"px","top":"5","right":"8","bottom":"5","left":"8","isLinked":false},"text_padding_tablet":{"unit":"px","top":"5","right":"20","bottom":"5","left":"20","isLinked":false},"text_padding_mobile":{"unit":"px","top":"5","right":"33","bottom":"5","left":"33","isLinked":false},"typography_letter_spacing":{"unit":"px","size":1.1999999999999999555910790149937383830547332763671875,"sizes":[]},"typography_letter_spacing_tablet":{"unit":"px","size":1.5,"sizes":[]},"typography_letter_spacing_mobile":{"unit":"px","size":1.5,"sizes":[]}},"elements":[],"isInner":false,"widgetType":"button","elType":"widget"}],"isInner":true,"elType":"column"},{"id":"300966f2","settings":{"_column_size":25,"_inline_size":24,"_inline_size_tablet":24,"_inline_size_mobile":100,"space_between_widgets":10,"space_between_widgets_tablet":10,"space_between_widgets_mobile":10,"background_background":"classic","background_color":"#ffffff","padding":{"unit":"px","top":"10","right":"10","bottom":"30","left":"0","isLinked":false},"padding_tablet":{"unit":"px","top":"10","right":"10","bottom":"30","left":"0","isLinked":false},"padding_mobile":{"unit":"px","top":"5","right":"30","bottom":"5","left":"30","isLinked":false}},"elements":[{"id":"410226c4","settings":{"button_type":"success","text":"GOOGLE PLAY","align":"justify","align_tablet":"justify","align_mobile":"left","size":"md","typography_typography":"custom","typography_font_family":"Lato","typography_font_size":{"unit":"px","size":11,"sizes":[]},"typography_font_size_tablet":{"unit":"px","size":11,"sizes":[]},"typography_font_size_mobile":{"unit":"px","size":11,"sizes":[]},"typography_font_weight":"700","typography_text_transform":"uppercase","typography_font_style":"normal","typography_text_decoration":"none","typography_line_height":{"unit":"em","size":1.600000000000000088817841970012523233890533447265625,"sizes":[]},"typography_line_height_tablet":{"unit":"em","size":1.600000000000000088817841970012523233890533447265625,"sizes":[]},"typography_line_height_mobile":{"unit":"em","size":1.600000000000000088817841970012523233890533447265625,"sizes":[]},"button_text_color":"#161b3e","background_color":"#ffffff","hover_color":"#ffffff","button_background_hover_color":"#ff6d00","button_hover_border_color":"#ff6d00","border_border":"solid","border_width":{"unit":"px","top":"2","right":"2","bottom":"2","left":"2","isLinked":true},"border_width_tablet":{"unit":"px","top":"2","right":"2","bottom":"2","left":"2","isLinked":true},"border_width_mobile":{"unit":"px","top":"2","right":"2","bottom":"2","left":"2","isLinked":true},"border_color":"#ff6d00","border_radius":{"unit":"px","top":"0","right":"0","bottom":"0","left":"0","isLinked":false},"text_padding":{"unit":"px","top":"5","right":"8","bottom":"5","left":"8","isLinked":false},"text_padding_tablet":{"unit":"px","top":"5","right":"20","bottom":"5","left":"20","isLinked":false},"text_padding_mobile":{"unit":"px","top":"5","right":"20","bottom":"5","left":"20","isLinked":false},"typography_letter_spacing":{"unit":"px","size":1.1999999999999999555910790149937383830547332763671875,"sizes":[]},"typography_letter_spacing_tablet":{"unit":"px","size":1.5,"sizes":[]},"typography_letter_spacing_mobile":{"unit":"px","size":1.5,"sizes":[]}},"elements":[],"isInner":false,"widgetType":"button","elType":"widget"}],"isInner":true,"elType":"column"},{"id":"6c79f2dc","settings":{"_column_size":25,"_inline_size":22,"_inline_size_tablet":22,"_inline_size_mobile":100,"space_between_widgets":10,"space_between_widgets_tablet":10,"space_between_widgets_mobile":10,"background_background":"classic","background_color":"#ffffff","padding":{"unit":"px","top":"10","right":"30","bottom":"30","left":"10","isLinked":false},"padding_tablet":{"unit":"px","top":"10","right":"30","bottom":"30","left":"10","isLinked":false},"padding_mobile":{"unit":"px","top":"5","right":"30","bottom":"10","left":"30","isLinked":false}},"elements":[{"id":"2ddd7a9d","settings":{"space":{"unit":"px","size":10,"sizes":[]},"space_tablet":{"unit":"px","size":10,"sizes":[]},"space_mobile":{"unit":"px","size":10,"sizes":[]}},"elements":[],"isInner":false,"widgetType":"spacer","elType":"widget"}],"isInner":true,"elType":"column"}],"isInner":true,"elType":"section"}],"isInner":false,"elType":"column"},{"id":"643d5c0f","settings":{"_column_size":50,"_inline_size":null,"_inline_size_tablet":100,"_inline_size_mobile":100,"space_between_widgets":10,"space_between_widgets_tablet":10,"space_between_widgets_mobile":10,"padding":{"unit":"px","top":"15","right":"15","bottom":"15","left":"45","isLinked":false},"padding_tablet":{"unit":"px","top":"15","right":"45","bottom":"15","left":"45","isLinked":false},"padding_mobile":{"unit":"px","top":"15","right":"30","bottom":"15","left":"30","isLinked":false}},"elements":[{"id":"45bdc5ed","settings":{"title":"about album","header_size":"h3","align":"left","align_tablet":"left","align_mobile":"left","title_color":"#161b3e","typography_typography":"custom","typography_font_family":"Oswald","typography_font_size":{"unit":"px","size":32,"sizes":[]},"typography_font_size_tablet":{"unit":"px","size":32,"sizes":[]},"typography_font_size_mobile":{"unit":"px","size":32,"sizes":[]},"typography_font_weight":"500","typography_text_transform":"uppercase","typography_font_style":"normal","typography_text_decoration":"none","typography_line_height":{"unit":"em","size":1,"sizes":[]},"typography_line_height_tablet":{"unit":"em","size":1,"sizes":[]},"typography_line_height_mobile":{"unit":"em","size":1,"sizes":[]}},"elements":[],"isInner":false,"widgetType":"heading","elType":"widget"},{"id":"55d0772d","settings":{"title":"the story behind","header_size":"p","align":"left","align_tablet":"left","align_mobile":"left","title_color":"#ff6d00","typography_typography":"custom","typography_font_family":"Lato","typography_font_size":{"unit":"px","size":14,"sizes":[]},"typography_font_size_tablet":{"unit":"px","size":14,"sizes":[]},"typography_font_size_mobile":{"unit":"px","size":14,"sizes":[]},"typography_font_weight":"700","typography_text_transform":"uppercase","typography_font_style":"normal","typography_text_decoration":"none","typography_line_height":{"unit":"em","size":1,"sizes":[]},"typography_line_height_tablet":{"unit":"em","size":1,"sizes":[]},"typography_line_height_mobile":{"unit":"em","size":1,"sizes":[]},"typography_letter_spacing":{"unit":"px","size":4,"sizes":[]},"typography_letter_spacing_tablet":{"unit":"px","size":4,"sizes":[]},"typography_letter_spacing_mobile":{"unit":"px","size":4,"sizes":[]}},"elements":[],"isInner":false,"widgetType":"heading","elType":"widget"},{"id":"6fd4117e","settings":{"space":{"unit":"px","size":20,"sizes":[]},"space_tablet":{"unit":"px","size":20,"sizes":[]},"space_mobile":{"unit":"px","size":20,"sizes":[]}},"elements":[],"isInner":false,"widgetType":"spacer","elType":"widget"},{"id":"7390f433","settings":{"editor":"<p>Aliquam lorem ante, dapibus in, viverra quis, feugiat a, tellus. Phasellus viverra nulla ut metus varius laoreet. Quisque rutrum. Aenean imperdiet. Etiam ultricies nisi vel augue. Curabitur ullamcorper ultricies nisi. Nam eget dui. Etiam rhoncus. Maecenas tempus, tellus eget condimentum rhoncus.<\/p>","align":"left","align_tablet":"left","align_mobile":"left","text_color":"#161b3e","typography_typography":"custom","typography_font_family":"Lato","typography_font_size":{"unit":"px","size":20,"sizes":[]},"typography_font_size_tablet":{"unit":"px","size":20,"sizes":[]},"typography_font_size_mobile":{"unit":"px","size":20,"sizes":[]},"typography_font_weight":"400","typography_text_transform":"none","typography_font_style":"normal","typography_text_decoration":"none","typography_line_height":{"unit":"em","size":1.399999999999999911182158029987476766109466552734375,"sizes":[]},"typography_line_height_tablet":{"unit":"em","size":1.399999999999999911182158029987476766109466552734375,"sizes":[]},"typography_line_height_mobile":{"unit":"em","size":1.399999999999999911182158029987476766109466552734375,"sizes":[]},"_margin":{"unit":"px","top":"0","right":"0","bottom":"-10","left":"0","isLinked":false},"_margin_tablet":{"unit":"px","top":"0","right":"0","bottom":"-10","left":"0","isLinked":false},"_margin_mobile":{"unit":"px","top":"0","right":"0","bottom":"-10","left":"0","isLinked":false}},"elements":[],"isInner":false,"widgetType":"text-editor","elType":"widget"},{"id":"15621765","settings":{"editor":"<p><strong>ARTIST:<\/strong> Robert jones<\/p>","align":"left","align_tablet":"left","align_mobile":"left","text_color":"#161b3e","typography_typography":"custom","typography_font_family":"Lato","typography_font_size":{"unit":"px","size":16,"sizes":[]},"typography_font_size_tablet":{"unit":"px","size":16,"sizes":[]},"typography_font_size_mobile":{"unit":"px","size":16,"sizes":[]},"typography_font_weight":"400","typography_text_transform":"none","typography_font_style":"normal","typography_text_decoration":"none","typography_line_height":{"unit":"em","size":1,"sizes":[]},"typography_line_height_tablet":{"unit":"em","size":1,"sizes":[]},"typography_line_height_mobile":{"unit":"em","size":1,"sizes":[]},"_margin":{"unit":"px","top":"0","right":"0","bottom":"-30","left":"0","isLinked":false},"_margin_tablet":{"unit":"px","top":"0","right":"0","bottom":"-19","left":"0","isLinked":false},"_margin_mobile":{"unit":"px","top":"0","right":"0","bottom":"-19","left":"0","isLinked":false}},"elements":[],"isInner":false,"widgetType":"text-editor","elType":"widget"},{"id":"4d95939b","settings":{"editor":"<p><strong>RECORD LABEL: <\/strong>Domenica<\/p>","align":"left","align_tablet":"left","align_mobile":"left","text_color":"#161b3e","typography_typography":"custom","typography_font_family":"Lato","typography_font_size":{"unit":"px","size":16,"sizes":[]},"typography_font_size_tablet":{"unit":"px","size":16,"sizes":[]},"typography_font_size_mobile":{"unit":"px","size":16,"sizes":[]},"typography_font_weight":"400","typography_text_transform":"none","typography_font_style":"normal","typography_text_decoration":"none","typography_line_height":{"unit":"em","size":1,"sizes":[]},"typography_line_height_tablet":{"unit":"em","size":1,"sizes":[]},"typography_line_height_mobile":{"unit":"em","size":1,"sizes":[]},"_margin":{"unit":"px","top":"0","right":"0","bottom":"-30","left":"0","isLinked":false},"_margin_tablet":{"unit":"px","top":"0","right":"0","bottom":"-19","left":"0","isLinked":false},"_margin_mobile":{"unit":"px","top":"0","right":"0","bottom":"-19","left":"0","isLinked":false}},"elements":[],"isInner":false,"widgetType":"text-editor","elType":"widget"},{"id":"76812b6e","settings":{"editor":"<p><strong>RELEASE DATE:<\/strong> December 24, 2016<\/p>","align":"left","align_tablet":"left","align_mobile":"left","text_color":"#161b3e","typography_typography":"custom","typography_font_family":"Lato","typography_font_size":{"unit":"px","size":16,"sizes":[]},"typography_font_size_tablet":{"unit":"px","size":16,"sizes":[]},"typography_font_size_mobile":{"unit":"px","size":16,"sizes":[]},"typography_font_weight":"400","typography_text_transform":"none","typography_font_style":"normal","typography_text_decoration":"none","typography_line_height":{"unit":"em","size":1,"sizes":[]},"typography_line_height_tablet":{"unit":"em","size":1,"sizes":[]},"typography_line_height_mobile":{"unit":"em","size":1,"sizes":[]},"_margin":{"unit":"px","top":"0","right":"0","bottom":"-30","left":"0","isLinked":false},"_margin_tablet":{"unit":"px","top":"0","right":"0","bottom":"-19","left":"0","isLinked":false},"_margin_mobile":{"unit":"px","top":"0","right":"0","bottom":"-19","left":"0","isLinked":false}},"elements":[],"isInner":false,"widgetType":"text-editor","elType":"widget"},{"id":"5b83f8ba","settings":{"editor":"<p><strong>GENRE:<\/strong> Pop, Rock<\/p>","align":"left","align_tablet":"left","align_mobile":"left","text_color":"#161b3e","typography_typography":"custom","typography_font_family":"Lato","typography_font_size":{"unit":"px","size":16,"sizes":[]},"typography_font_size_tablet":{"unit":"px","size":16,"sizes":[]},"typography_font_size_mobile":{"unit":"px","size":16,"sizes":[]},"typography_font_weight":"400","typography_text_transform":"none","typography_font_style":"normal","typography_text_decoration":"none","typography_line_height":{"unit":"em","size":1,"sizes":[]},"typography_line_height_tablet":{"unit":"em","size":1,"sizes":[]},"typography_line_height_mobile":{"unit":"em","size":1,"sizes":[]},"_margin":{"unit":"px","top":"0","right":"0","bottom":"-19","left":"0","isLinked":false},"_margin_tablet":{"unit":"px","top":"0","right":"0","bottom":"-19","left":"0","isLinked":false},"_margin_mobile":{"unit":"px","top":"0","right":"0","bottom":"-19","left":"0","isLinked":false}},"elements":[],"isInner":false,"widgetType":"text-editor","elType":"widget"},{"id":"1680a950","settings":{"space":{"unit":"px","size":45,"sizes":[]},"space_tablet":{"unit":"px","size":45,"sizes":[]},"space_mobile":{"unit":"px","size":45,"sizes":[]}},"elements":[],"isInner":false,"widgetType":"spacer","elType":"widget"},{"id":"3d05c161","settings":{"title":"Tracklist","header_size":"h4","align":"left","align_tablet":"left","align_mobile":"left","title_color":"#161b3e","typography_typography":"custom","typography_font_family":"Oswald","typography_font_size":{"unit":"px","size":24,"sizes":[]},"typography_font_size_tablet":{"unit":"px","size":24,"sizes":[]},"typography_font_size_mobile":{"unit":"px","size":24,"sizes":[]},"typography_font_weight":"500","typography_text_transform":"uppercase","typography_font_style":"normal","typography_text_decoration":"none","typography_line_height":{"unit":"em","size":1,"sizes":[]},"typography_line_height_tablet":{"unit":"em","size":1,"sizes":[]},"typography_line_height_mobile":{"unit":"em","size":1,"sizes":[]},"_margin":{"unit":"px","top":"0","right":"0","bottom":"20","left":"0","isLinked":false}},"elements":[],"isInner":false,"widgetType":"heading","elType":"widget"},{"id":"4732cf8f","settings":{"playlist":"2903","background_color":"#161b3e","accent_color":"#ff6d00","control_color":"#002e63"},"elements":[],"isInner":false,"widgetType":"ep-audioigniter","elType":"widget"},{"id":"70b8a295","settings":{"space":{"unit":"px","size":10,"sizes":[]},"space_tablet":{"unit":"px","size":10,"sizes":[]},"space_mobile":{"unit":"px","size":10,"sizes":[]}},"elements":[],"isInner":false,"widgetType":"spacer","elType":"widget"},{"id":"304446c7","settings":{"title":"VIDEO","header_size":"h4","align":"left","align_tablet":"left","align_mobile":"left","title_color":"#161b3e","typography_typography":"custom","typography_font_family":"Oswald","typography_font_size":{"unit":"px","size":24,"sizes":[]},"typography_font_size_tablet":{"unit":"px","size":24,"sizes":[]},"typography_font_size_mobile":{"unit":"px","size":24,"sizes":[]},"typography_font_weight":"500","typography_text_transform":"uppercase","typography_font_style":"normal","typography_text_decoration":"none","typography_line_height":{"unit":"em","size":1,"sizes":[]},"typography_line_height_tablet":{"unit":"em","size":1,"sizes":[]},"typography_line_height_mobile":{"unit":"em","size":1,"sizes":[]},"_margin":{"unit":"px","top":"0","right":"0","bottom":"20","left":"0","isLinked":false}},"elements":[],"isInner":false,"widgetType":"heading","elType":"widget"},{"id":"5bc350fe","settings":{"editor":"<p>Aliquam lorem ante, dapibus in, viverra quis, feugiat a, tellus. Phasellus viverra nulla ut metus varius laoreet. Quisque rutrum. Aenean imperdiet. Etiam ultricies nisi vel augue. Curabitur ullamcorper ultricies nisi. Nam eget dui. Etiam rhoncus. Maecenas tempus, tellus eget condimentum rhoncus.<\/p>","align":"left","align_tablet":"left","align_mobile":"left","text_color":"#161b3e","typography_typography":"custom","typography_font_family":"Lato","typography_font_size":{"unit":"px","size":20,"sizes":[]},"typography_font_size_tablet":{"unit":"px","size":20,"sizes":[]},"typography_font_size_mobile":{"unit":"px","size":20,"sizes":[]},"typography_font_weight":"400","typography_text_transform":"none","typography_font_style":"normal","typography_text_decoration":"none","typography_line_height":{"unit":"em","size":1.399999999999999911182158029987476766109466552734375,"sizes":[]},"typography_line_height_tablet":{"unit":"em","size":1.399999999999999911182158029987476766109466552734375,"sizes":[]},"typography_line_height_mobile":{"unit":"em","size":1.399999999999999911182158029987476766109466552734375,"sizes":[]},"_margin":{"unit":"px","top":"0","right":"0","bottom":"-10","left":"0","isLinked":false},"_margin_tablet":{"unit":"px","top":"0","right":"0","bottom":"-10","left":"0","isLinked":false},"_margin_mobile":{"unit":"px","top":"0","right":"0","bottom":"-10","left":"0","isLinked":false}},"elements":[],"isInner":false,"widgetType":"text-editor","elType":"widget"},{"id":"78bbf522","settings":{"space_tablet":{"unit":"px","size":50,"sizes":[]},"space_mobile":{"unit":"px","size":50,"sizes":[]},"space":{"unit":"px","size":45,"sizes":[]}},"elements":[],"isInner":false,"widgetType":"spacer","elType":"widget"},{"id":"504e85aa","settings":{"title":"ALBUM REVIEWS","header_size":"h4","align":"left","align_tablet":"left","align_mobile":"left","title_color":"#161b3e","typography_typography":"custom","typography_font_family":"Oswald","typography_font_size":{"unit":"px","size":24,"sizes":[]},"typography_font_size_tablet":{"unit":"px","size":24,"sizes":[]},"typography_font_size_mobile":{"unit":"px","size":24,"sizes":[]},"typography_font_weight":"500","typography_text_transform":"uppercase","typography_font_style":"normal","typography_text_decoration":"none","typography_line_height":{"unit":"em","size":1,"sizes":[]},"typography_line_height_tablet":{"unit":"em","size":1,"sizes":[]},"typography_line_height_mobile":{"unit":"em","size":1,"sizes":[]},"_margin":{"unit":"px","top":"0","right":"0","bottom":"20","left":"0","isLinked":false}},"elements":[],"isInner":false,"widgetType":"heading","elType":"widget"},{"id":"717c28c6","settings":{"space":{"unit":"px","size":10,"sizes":[]},"space_tablet":{"unit":"px","size":10,"sizes":[]},"space_mobile":{"unit":"px","size":10,"sizes":[]}},"elements":[],"isInner":false,"widgetType":"spacer","elType":"widget"},{"id":"7d0b7596","settings":{"gap":"extended","content_position":"top"},"elements":[{"id":"536cb4b3","settings":{"_column_size":100,"_inline_size":null,"_inline_size_tablet":100,"_inline_size_mobile":100,"space_between_widgets":10,"space_between_widgets_tablet":10,"space_between_widgets_mobile":10,"border_border":"solid","border_width":{"unit":"px","top":"0","right":"0","bottom":"0","left":"4","isLinked":false},"border_width_tablet":{"unit":"px","top":"0","right":"0","bottom":"0","left":"4","isLinked":false},"border_width_mobile":{"unit":"px","top":"0","right":"0","bottom":"0","left":"4","isLinked":false},"border_color":"#ff6d00","border_radius":{"unit":"px","top":"0","right":"0","bottom":"0","left":"0","isLinked":false},"border_radius_tablet":{"unit":"px","top":"0","right":"0","bottom":"0","left":"0","isLinked":false},"border_radius_mobile":{"unit":"px","top":"0","right":"0","bottom":"0","left":"0","isLinked":false},"padding":{"unit":"px","top":"10","right":"10","bottom":"10","left":"40","isLinked":false},"padding_tablet":{"unit":"px","top":"10","right":"10","bottom":"10","left":"40","isLinked":false},"padding_mobile":{"unit":"px","top":"10","right":"0","bottom":"10","left":"30","isLinked":false}},"elements":[{"id":"652531f0","settings":{"editor":"<p>Aliquam lorem ante, dapibus in, viverra quis, feugiat a, tellus. Phasellus viverra nulla ut metus varius laoreet. Quisque rutrum. Aenean imperdiet. Etiam ultricies nisi vel augue. Curabitur ullamcorper ultricies nisi. Nam eget dui. Etiam rhoncus. Maecenas tempus, tellus eget condimentum rhoncus.<\/p>","align":"left","align_tablet":"left","align_mobile":"left","text_color":"#161b3e","typography_typography":"custom","typography_font_family":"Lato","typography_font_size":{"unit":"px","size":20,"sizes":[]},"typography_font_size_tablet":{"unit":"px","size":20,"sizes":[]},"typography_font_size_mobile":{"unit":"px","size":20,"sizes":[]},"typography_font_weight":"400","typography_text_transform":"none","typography_font_style":"normal","typography_text_decoration":"none","typography_line_height":{"unit":"em","size":1.399999999999999911182158029987476766109466552734375,"sizes":[]},"typography_line_height_tablet":{"unit":"em","size":1.399999999999999911182158029987476766109466552734375,"sizes":[]},"typography_line_height_mobile":{"unit":"em","size":1.399999999999999911182158029987476766109466552734375,"sizes":[]},"_margin":{"unit":"px","top":"0","right":"0","bottom":"-10","left":"0","isLinked":false},"_margin_tablet":{"unit":"px","top":"0","right":"0","bottom":"-10","left":"0","isLinked":false},"_margin_mobile":{"unit":"px","top":"0","right":"0","bottom":"-10","left":"0","isLinked":false}},"elements":[],"isInner":false,"widgetType":"text-editor","elType":"widget"},{"id":"666725c3","settings":{"title":"- Caveman","header_size":"p","align":"left","align_tablet":"left","align_mobile":"left","title_color":"#161b3e","typography_typography":"custom","typography_font_family":"Lato","typography_font_size":{"unit":"px","size":20,"sizes":[]},"typography_font_size_tablet":{"unit":"px","size":20,"sizes":[]},"typography_font_size_mobile":{"unit":"px","size":20,"sizes":[]},"typography_font_weight":"400","typography_text_transform":"capitalize","typography_font_style":"italic","typography_text_decoration":"none","typography_line_height":{"unit":"em","size":1,"sizes":[]},"typography_line_height_tablet":{"unit":"em","size":1,"sizes":[]},"typography_line_height_mobile":{"unit":"em","size":1,"sizes":[]}},"elements":[],"isInner":false,"widgetType":"heading","elType":"widget"}],"isInner":true,"elType":"column"}],"isInner":true,"elType":"section"}],"isInner":false,"elType":"column"}],"isInner":false,"elType":"section"},{"id":"360a6c38","settings":{"gap":"extended","content_position":"top","background_background":"classic","background_color":"#ffffff","border_border":"solid","border_width":{"unit":"px","top":"0","right":"40","bottom":"0","left":"40","isLinked":false},"border_width_tablet":{"unit":"px","top":"0","right":"15","bottom":"0","left":"15","isLinked":false},"border_width_mobile":{"unit":"px","top":"0","right":"10","bottom":"0","left":"10","isLinked":false},"border_color":"#f8f3ea","border_radius":{"unit":"px","top":"0","right":"0","bottom":"0","left":"0","isLinked":false},"border_radius_tablet":{"unit":"px","top":"0","right":"0","bottom":"0","left":"0","isLinked":false},"border_radius_mobile":{"unit":"px","top":"0","right":"0","bottom":"0","left":"0","isLinked":false}},"elements":[{"id":"414cc27","settings":{"_column_size":100,"_inline_size_tablet":100,"_inline_size_mobile":100,"space_between_widgets":10,"space_between_widgets_tablet":10,"space_between_widgets_mobile":10,"padding":{"unit":"px","top":"100","right":"250","bottom":"100","left":"250","isLinked":false},"padding_tablet":{"unit":"px","top":"80","right":"40","bottom":"80","left":"40","isLinked":false},"padding_mobile":{"unit":"px","top":"50","right":"30","bottom":"50","left":"30","isLinked":false},"background_background":"classic","background_color":"#161b3e","margin":{"unit":"px","top":"-180","right":"15","bottom":"0","left":"15","isLinked":false},"margin_tablet":{"unit":"px","top":"-160","right":"30","bottom":"0","left":"30","isLinked":false},"margin_mobile":{"unit":"px","top":"-165","right":"20","bottom":"0","left":"20","isLinked":false}},"elements":[{"id":"458d22e6","settings":{"editor":"<p><span style=\"color: #ff6d00;\">Subscribe<\/span> to Get Updates<\/p>","align":"center","align_tablet":"center","align_mobile":"center","text_color":"#ffffff","typography_typography":"custom","typography_font_family":"Oswald","typography_font_size":{"unit":"px","size":36,"sizes":[]},"typography_font_size_tablet":{"unit":"px","size":36,"sizes":[]},"typography_font_size_mobile":{"unit":"px","size":36,"sizes":[]},"typography_font_weight":"500","typography_text_transform":"uppercase","typography_font_style":"normal","typography_text_decoration":"none","typography_line_height":{"unit":"em","size":1.3000000000000000444089209850062616169452667236328125,"sizes":[]},"typography_line_height_tablet":{"unit":"em","size":1.3000000000000000444089209850062616169452667236328125,"sizes":[]},"typography_line_height_mobile":{"unit":"em","size":1.3000000000000000444089209850062616169452667236328125,"sizes":[]},"_margin":{"unit":"px","top":"0","right":"0","bottom":"-40","left":"0","isLinked":false},"_margin_tablet":{"unit":"px","top":"0","right":"0","bottom":"-40","left":"0","isLinked":false},"_margin_mobile":{"unit":"px","top":"0","right":"0","bottom":"-40","left":"0","isLinked":false}},"elements":[],"isInner":false,"widgetType":"text-editor","elType":"widget"},{"id":"1976e56c","settings":{"title":"Stay up to date!","header_size":"p","align":"center","align_tablet":"center","align_mobile":"center","title_color":"#ffffff","typography_typography":"custom","typography_font_family":"Lato","typography_font_size":{"unit":"px","size":14,"sizes":[]},"typography_font_size_tablet":{"unit":"px","size":14,"sizes":[]},"typography_font_size_mobile":{"unit":"px","size":14,"sizes":[]},"typography_font_weight":"700","typography_text_transform":"uppercase","typography_font_style":"normal","typography_text_decoration":"none","typography_line_height":{"unit":"em","size":1,"sizes":[]},"typography_line_height_tablet":{"unit":"em","size":1,"sizes":[]},"typography_line_height_mobile":{"unit":"em","size":1.5,"sizes":[]},"typography_letter_spacing":{"unit":"px","size":4,"sizes":[]},"typography_letter_spacing_tablet":{"unit":"px","size":4,"sizes":[]},"typography_letter_spacing_mobile":{"unit":"px","size":4,"sizes":[]}},"elements":[],"isInner":false,"widgetType":"heading","elType":"widget"},{"id":"1e7dff56","settings":{"space":{"unit":"px","size":20,"sizes":[]},"space_tablet":{"unit":"px","size":20,"sizes":[]},"space_mobile":{"unit":"px","size":20,"sizes":[]}},"elements":[],"isInner":false,"widgetType":"spacer","elType":"widget"},{"id":"1b7e0e77","settings":{"form_name":"New Form","form_fields":[{"custom_id":"email","field_type":"email","required":"true","field_label":"Email","placeholder":"Enter your Email","width":"75","_id":"533a3fb","field_options":"","allow_multiple":"","select_size":"","inline_list":"","field_html":"","width_tablet":"75","width_mobile":"100","rows":4,"recaptcha_size":"normal","recaptcha_style":"light","recaptcha_badge":"bottomright","css_classes":"","field_value":"","file_sizes":"","file_types":"","allow_multiple_upload":"","max_files":"","acceptance_text":"","checked_by_default":"","field_min":"","field_max":"","min_date":"","max_date":"","use_native_date":"","use_native_time":""}],"input_size":"md","show_labels":"","button_text":"subscribe","button_size":"md","button_width":"25","button_width_tablet":"25","button_width_mobile":"100","button_align_tablet":"stretch","button_align_mobile":"stretch","email_content":"[all-fields]","email_content_2":"[all-fields]","success_message":"The form was sent successfully.","error_message":"An error occured.","required_field_message":"This field is required.","invalid_message":"There's something wrong. The form is invalid.","field_text_color":"#7e7e7e","field_typography_typography":"custom","field_typography_font_family":"Lato","field_typography_font_size":{"unit":"px","size":16,"sizes":[]},"field_typography_font_size_tablet":{"unit":"px","size":16,"sizes":[]},"field_typography_font_size_mobile":{"unit":"px","size":16,"sizes":[]},"field_typography_font_weight":"400","field_typography_text_transform":"none","field_typography_font_style":"normal","field_typography_text_decoration":"none","field_typography_line_height":{"unit":"em","size":2.600000000000000088817841970012523233890533447265625,"sizes":[]},"field_typography_line_height_tablet":{"unit":"em","size":2.600000000000000088817841970012523233890533447265625,"sizes":[]},"field_typography_line_height_mobile":{"unit":"em","size":2.600000000000000088817841970012523233890533447265625,"sizes":[]},"field_border_width":{"unit":"px","top":"0","right":"0","bottom":"0","left":"0","isLinked":true},"field_border_radius":{"unit":"px","top":"0","right":"0","bottom":"0","left":"0","isLinked":false},"button_background_color":"#161b3e","button_text_color":"#ffffff","button_typography_typography":"custom","button_typography_font_size":{"unit":"px","size":14,"sizes":[]},"button_typography_font_size_tablet":{"unit":"px","size":14,"sizes":[]},"button_typography_font_size_mobile":{"unit":"px","size":14,"sizes":[]},"button_typography_font_weight":"700","button_typography_text_transform":"uppercase","button_typography_font_style":"normal","button_typography_text_decoration":"none","button_typography_line_height":{"unit":"em","size":1.399999999999999911182158029987476766109466552734375,"sizes":[]},"button_typography_line_height_tablet":{"unit":"em","size":1.399999999999999911182158029987476766109466552734375,"sizes":[]},"button_typography_line_height_mobile":{"unit":"em","size":1.399999999999999911182158029987476766109466552734375,"sizes":[]},"button_border_border":"solid","button_border_width":{"unit":"px","top":"2","right":"2","bottom":"2","left":"2","isLinked":true},"button_border_width_tablet":{"unit":"px","top":"2","right":"2","bottom":"2","left":"2","isLinked":true},"button_border_width_mobile":{"unit":"px","top":"2","right":"2","bottom":"2","left":"2","isLinked":true},"button_border_color":"#ff6d00","button_border_radius":{"unit":"px","top":"0","right":"0","bottom":"0","left":"0","isLinked":false},"button_background_hover_color":"#ff6d00","button_hover_color":"#ffffff","button_hover_border_color":"#ff6d00"},"elements":[],"isInner":false,"widgetType":"form","elType":"widget"}],"isInner":false,"elType":"column"}],"isInner":false,"elType":"section"},{"id":"7727dadb","settings":{"gap":"extended","content_position":"top","background_background":"classic","background_color":"#ffffff","border_border":"solid","border_width":{"unit":"px","top":"0","right":"40","bottom":"40","left":"40","isLinked":false},"border_width_tablet":{"unit":"px","top":"0","right":"15","bottom":"15","left":"15","isLinked":false},"border_width_mobile":{"unit":"px","top":"0","right":"10","bottom":"10","left":"10","isLinked":false},"border_color":"#f8f3ea","border_radius":{"unit":"px","top":"0","right":"0","bottom":"0","left":"0","isLinked":false},"border_radius_tablet":{"unit":"px","top":"0","right":"0","bottom":"0","left":"0","isLinked":false},"border_radius_mobile":{"unit":"px","top":"0","right":"0","bottom":"0","left":"0","isLinked":false}},"elements":[{"id":"74c30cf2","settings":{"_column_size":100,"_inline_size_tablet":100,"_inline_size_mobile":100,"space_between_widgets":10,"space_between_widgets_tablet":10,"space_between_widgets_mobile":10,"padding":{"unit":"px","top":"15","right":"15","bottom":"15","left":"15","isLinked":true},"padding_tablet":{"unit":"px","top":"15","right":"30","bottom":"15","left":"30","isLinked":false},"padding_mobile":{"unit":"px","top":"15","right":"20","bottom":"15","left":"20","isLinked":false}},"elements":[{"id":"18926103","settings":{"space":{"unit":"px","size":175,"sizes":[]},"space_tablet":{"unit":"px","size":175,"sizes":[]},"space_mobile":{"unit":"px","size":95,"sizes":[]}},"elements":[],"isInner":false,"widgetType":"spacer","elType":"widget"},{"id":"4cb45bcf","settings":{"image":{"id":"5484","url":"https:\/\/www.cssigniter.com\/elementor\/wp-content\/uploads\/2020\/01\/footer-logo-rjones.png"},"image_size":"full","align":"center","align_tablet":"center"},"elements":[],"isInner":false,"widgetType":"image","elType":"widget"},{"id":"7c3cf9a1","settings":{"space":{"unit":"px","size":10,"sizes":[]},"space_tablet":{"unit":"px","size":10,"sizes":[]},"space_mobile":{"unit":"px","size":10,"sizes":[]}},"elements":[],"isInner":false,"widgetType":"spacer","elType":"widget"},{"id":"72364285","settings":{"title":"jones@cssigniter.com","header_size":"p","align":"center","align_tablet":"center","align_mobile":"center","title_color":"#161b3e","typography_typography":"custom","typography_font_family":"Lato","typography_font_size":{"unit":"px","size":16,"sizes":[]},"typography_font_size_tablet":{"unit":"px","size":16,"sizes":[]},"typography_font_size_mobile":{"unit":"px","size":16,"sizes":[]},"typography_font_weight":"400","typography_text_transform":"none","typography_text_decoration":"none","typography_line_height":{"unit":"em","size":1,"sizes":[]},"typography_line_height_tablet":{"unit":"em","size":1,"sizes":[]},"typography_line_height_mobile":{"unit":"em","size":1,"sizes":[]}},"elements":[],"isInner":false,"widgetType":"heading","elType":"widget"},{"id":"67518b4f","settings":{"title":"2019 \u00a9 Robert, All rights reserved.","header_size":"p","align":"center","align_tablet":"center","align_mobile":"center","title_color":"#161b3e","typography_typography":"custom","typography_font_family":"Lato","typography_font_size":{"unit":"px","size":16,"sizes":[]},"typography_font_size_tablet":{"unit":"px","size":16,"sizes":[]},"typography_font_size_mobile":{"unit":"px","size":16,"sizes":[]},"typography_font_weight":"400","typography_text_transform":"none","typography_text_decoration":"none","typography_line_height":{"unit":"em","size":1,"sizes":[]},"typography_line_height_tablet":{"unit":"em","size":1,"sizes":[]},"typography_line_height_mobile":{"unit":"em","size":1,"sizes":[]}},"elements":[],"isInner":false,"widgetType":"heading","elType":"widget"},{"id":"2f3dc783","settings":{"space":{"unit":"px","size":10,"sizes":[]},"space_tablet":{"unit":"px","size":10,"sizes":[]},"space_mobile":{"unit":"px","size":10,"sizes":[]}},"elements":[],"isInner":false,"widgetType":"spacer","elType":"widget"},{"id":"307585ff","settings":{"social_icon_list":[{"social_icon":{"value":"fab fa-facebook-f","library":"fa-brands"},"_id":"36495f7","link":{"url":"#","is_external":"true","nofollow":""},"item_icon_color":"default","item_icon_primary_color":"","item_icon_secondary_color":""},{"social_icon":{"value":"fab fa-twitter","library":"fa-brands"},"_id":"cd63829","link":{"url":"#","is_external":"true","nofollow":""},"item_icon_color":"default","item_icon_primary_color":"","item_icon_secondary_color":""},{"social_icon":{"value":"fab fa-spotify","library":"fa-brands"},"_id":"2ccc5ba","link":{"url":"#","is_external":"true","nofollow":""},"item_icon_color":"default","item_icon_primary_color":"","item_icon_secondary_color":""},{"social_icon":{"value":"fab fa-youtube","library":"fa-brands"},"_id":"d63cc4f","link":{"url":"#","is_external":"true","nofollow":""},"item_icon_color":"default","item_icon_primary_color":"","item_icon_secondary_color":""},{"social_icon":{"value":"fab fa-soundcloud","library":"fa-brands"},"_id":"0d8db8b","link":{"url":"#","is_external":"true","nofollow":""},"item_icon_color":"default","item_icon_primary_color":"","item_icon_secondary_color":""},{"social_icon":{"value":"fab fa-instagram","library":"fa-brands"},"_id":"21ebc19","link":{"url":"#","is_external":"true","nofollow":""},"item_icon_color":"default","item_icon_primary_color":"","item_icon_secondary_color":""}],"shape":"circle","align_tablet":"center","align_mobile":"center","icon_color":"custom","icon_primary_color":"#ffffff","icon_secondary_color":"#161b3e","icon_size":{"unit":"px","size":20,"sizes":[]},"icon_size_tablet":{"unit":"px","size":20,"sizes":[]},"icon_size_mobile":{"unit":"px","size":16,"sizes":[]},"icon_padding":{"unit":"em","size":0.6999999999999999555910790149937383830547332763671875,"sizes":[]},"icon_padding_tablet":{"unit":"em","size":0.6999999999999999555910790149937383830547332763671875,"sizes":[]},"icon_padding_mobile":{"unit":"em","size":0.5,"sizes":[]},"icon_spacing":{"unit":"px","size":10,"sizes":[]},"icon_spacing_tablet":{"unit":"px","size":10,"sizes":[]},"icon_spacing_mobile":{"unit":"px","size":10,"sizes":[]},"image_border_border":"solid","image_border_width":{"unit":"px","top":"2","right":"2","bottom":"2","left":"2","isLinked":true},"image_border_width_tablet":{"unit":"px","top":"2","right":"2","bottom":"2","left":"2","isLinked":true},"image_border_width_mobile":{"unit":"px","top":"2","right":"2","bottom":"2","left":"2","isLinked":true},"image_border_color":"#ff6d00","hover_primary_color":"#ff6d00","hover_secondary_color":"#ffffff","hover_border_color":"#ff6d00"},"elements":[],"isInner":false,"widgetType":"social-icons","elType":"widget"},{"id":"fa58759","settings":{"space":{"unit":"px","size":175,"sizes":[]},"space_tablet":{"unit":"px","size":175,"sizes":[]},"space_mobile":{"unit":"px","size":95,"sizes":[]}},"elements":[],"isInner":false,"widgetType":"spacer","elType":"widget"}],"isInner":false,"elType":"column"}],"isInner":false,"elType":"section"}]}