{"version":"0.4","title":"ERJones &#8211; Tour","type":"page","content":[{"id":"20148a0a","settings":{"gap":"extended","content_position":"bottom","background_background":"classic","background_image":{"id":5511,"url":"https:\/\/www.cssigniter.com\/elementor\/wp-content\/uploads\/2020\/01\/rjones-tour-hero.jpg"},"background_position":"bottom center","background_attachment":"scroll","background_repeat":"no-repeat","background_size":"cover","background_overlay_background":"classic","background_overlay_color":"#161b3e","height":"min-height","custom_height":{"unit":"px","size":600,"sizes":[]},"column_position":"bottom"},"elements":[{"id":"3090d3fa","settings":{"_column_size":100,"_inline_size_tablet":100,"_inline_size_mobile":100,"padding":{"unit":"px","top":"25","right":"0","bottom":"65","left":"0","isLinked":false},"padding_tablet":{"unit":"px","top":"25","right":"30","bottom":"65","left":"30","isLinked":false},"padding_mobile":{"unit":"px","top":"25","right":"15","bottom":"215","left":"15","isLinked":false}},"elements":[{"id":"612fa09a","settings":{"gap":"extended","content_position":"bottom","structure":"20","height_inner":"min-height","custom_height_inner":{"unit":"px","size":"","sizes":[]}},"elements":[{"id":"7e0c5f52","settings":{"_column_size":50,"_inline_size":null,"_inline_size_mobile":100,"space_between_widgets":10,"space_between_widgets_tablet":10,"space_between_widgets_mobile":10,"_inline_size_tablet":50},"elements":[{"id":"603bac39","settings":{"title":"TOUR DATES","align":"left","align_tablet":"left","align_mobile":"center","title_color":"#ffffff","typography_typography":"custom","typography_font_family":"Oswald","typography_font_size":{"unit":"px","size":44,"sizes":[]},"typography_font_size_tablet":{"unit":"px","size":44,"sizes":[]},"typography_font_size_mobile":{"unit":"px","size":44,"sizes":[]},"typography_font_weight":"500","typography_text_transform":"uppercase","typography_font_style":"normal","typography_text_decoration":"none","typography_line_height":{"unit":"em","size":1,"sizes":[]},"typography_line_height_tablet":{"unit":"em","size":1,"sizes":[]},"typography_line_height_mobile":{"unit":"em","size":1.1999999999999999555910790149937383830547332763671875,"sizes":[]}},"elements":[],"isInner":false,"widgetType":"heading","elType":"widget"},{"id":"37b0f670","settings":{"title":"SEE YOU SOON!","header_size":"p","align":"left","align_tablet":"left","align_mobile":"center","title_color":"#ff6d00","typography_typography":"custom","typography_font_family":"Lato","typography_font_size":{"unit":"px","size":14,"sizes":[]},"typography_font_size_tablet":{"unit":"px","size":14,"sizes":[]},"typography_font_size_mobile":{"unit":"px","size":14,"sizes":[]},"typography_font_weight":"700","typography_text_transform":"uppercase","typography_font_style":"normal","typography_text_decoration":"none","typography_line_height":{"unit":"em","size":1,"sizes":[]},"typography_line_height_tablet":{"unit":"em","size":1,"sizes":[]},"typography_line_height_mobile":{"unit":"em","size":1.5,"sizes":[]},"typography_letter_spacing":{"unit":"px","size":4,"sizes":[]},"typography_letter_spacing_tablet":{"unit":"px","size":4,"sizes":[]},"typography_letter_spacing_mobile":{"unit":"px","size":4,"sizes":[]}},"elements":[],"isInner":false,"widgetType":"heading","elType":"widget"}],"isInner":true,"elType":"column"},{"id":"1cc980f3","settings":{"_column_size":50,"_inline_size":null,"_inline_size_mobile":100,"hide_mobile":"hidden-phone","_inline_size_tablet":50},"elements":[],"isInner":true,"elType":"column"}],"isInner":true,"elType":"section"}],"isInner":false,"elType":"column"}],"isInner":false,"elType":"section"},{"id":"32bd654e","settings":{"gap":"extended","background_background":"classic","background_color":"#f8f3ea"},"elements":[{"id":"55847b20","settings":{"_column_size":100,"_inline_size_tablet":100,"padding":{"unit":"px","top":"15","right":"15","bottom":"15","left":"15","isLinked":true},"padding_tablet":{"unit":"px","top":"15","right":"45","bottom":"15","left":"45","isLinked":false},"padding_mobile":{"unit":"px","top":"15","right":"30","bottom":"15","left":"30","isLinked":false}},"elements":[{"id":"7a0fa27f","settings":{"space":{"unit":"px","size":170,"sizes":[]},"space_tablet":{"unit":"px","size":170,"sizes":[]},"space_mobile":{"unit":"px","size":90,"sizes":[]}},"elements":[],"isInner":false,"widgetType":"spacer","elType":"widget"}],"isInner":false,"elType":"column"}],"isInner":false,"elType":"section"},{"id":"426f8767","settings":{"gap":"extended","structure":"21","background_background":"classic","background_color":"#f8f3ea","padding":{"unit":"px","top":"0","right":"0","bottom":"0","left":"0","isLinked":true},"padding_tablet":{"unit":"px","top":"0","right":"45","bottom":"0","left":"45","isLinked":false},"padding_mobile":{"unit":"px","top":"0","right":"30","bottom":"0","left":"30","isLinked":false}},"elements":[{"id":"44aa279f","settings":{"_column_size":33,"_inline_size":11,"_inline_size_tablet":16,"_inline_size_mobile":100,"content_position":"center","content_position_tablet":"center","content_position_mobile":"center","space_between_widgets":2,"space_between_widgets_tablet":2,"space_between_widgets_mobile":2,"background_background":"classic","background_color":"#181b3f","margin":{"unit":"px","top":"0","right":"0","bottom":"2","left":"15","isLinked":false},"margin_tablet":{"unit":"px","top":"0","right":"0","bottom":"2","left":"0","isLinked":false},"margin_mobile":{"unit":"px","top":"0","right":"0","bottom":"0","left":"0","isLinked":true},"padding":{"unit":"px","top":"30","right":"30","bottom":"30","left":"30","isLinked":true},"padding_tablet":{"unit":"px","top":"30","right":"30","bottom":"30","left":"30","isLinked":true},"padding_mobile":{"unit":"px","top":"30","right":"30","bottom":"30","left":"30","isLinked":true}},"elements":[{"id":"75198fb2","settings":{"title":"28","header_size":"p","align":"center","align_tablet":"center","align_mobile":"center","title_color":"#ff5900","typography_typography":"custom","typography_font_family":"Oswald","typography_font_size":{"unit":"px","size":36,"sizes":[]},"typography_font_size_tablet":{"unit":"px","size":36,"sizes":[]},"typography_font_size_mobile":{"unit":"px","size":36,"sizes":[]},"typography_font_weight":"500","typography_text_transform":"uppercase","typography_font_style":"normal","typography_text_decoration":"none","typography_line_height":{"unit":"em","size":1,"sizes":[]},"typography_line_height_tablet":{"unit":"em","size":1,"sizes":[]},"typography_line_height_mobile":{"unit":"em","size":1,"sizes":[]}},"elements":[],"isInner":false,"widgetType":"heading","elType":"widget"},{"id":"4d0671b5","settings":{"title":"Oct","header_size":"p","align":"center","align_tablet":"center","align_mobile":"center","title_color":"#ffffff","typography_typography":"custom","typography_font_family":"Lato","typography_font_size":{"unit":"px","size":16,"sizes":[]},"typography_font_size_tablet":{"unit":"px","size":16,"sizes":[]},"typography_font_size_mobile":{"unit":"px","size":16,"sizes":[]},"typography_font_weight":"400","typography_text_transform":"uppercase","typography_font_style":"normal","typography_text_decoration":"none","typography_line_height":{"unit":"em","size":1,"sizes":[]},"typography_line_height_tablet":{"unit":"em","size":1,"sizes":[]},"typography_line_height_mobile":{"unit":"em","size":1,"sizes":[]},"typography_letter_spacing":{"unit":"px","size":1,"sizes":[]},"typography_letter_spacing_tablet":{"unit":"px","size":1,"sizes":[]},"typography_letter_spacing_mobile":{"unit":"px","size":1,"sizes":[]}},"elements":[],"isInner":false,"widgetType":"heading","elType":"widget"}],"isInner":false,"elType":"column"},{"id":"12ea7aaa","settings":{"_column_size":66,"_inline_size":88.9969999999999998863131622783839702606201171875,"_inline_size_tablet":84,"_inline_size_mobile":100,"background_background":"classic","background_color":"#ffffff","background_hover_background":"classic","background_hover_color":"#f2e9d9","margin":{"unit":"px","top":"0","right":"15","bottom":"2","left":"0","isLinked":false},"margin_tablet":{"unit":"px","top":"0","right":"0","bottom":"2","left":"0","isLinked":false},"margin_mobile":{"unit":"px","top":"0","right":"0","bottom":"2","left":"0","isLinked":false}},"elements":[{"id":"1452745e","settings":{"gap":"extended","structure":"20"},"elements":[{"id":"4537aa73","settings":{"_column_size":50,"_inline_size":74.993999999999999772626324556767940521240234375,"_inline_size_tablet":60,"_inline_size_mobile":100,"content_position":"center","content_position_tablet":"center","content_position_mobile":"center","space_between_widgets":10,"space_between_widgets_tablet":10,"space_between_widgets_mobile":10},"elements":[{"id":"30c2bd18","settings":{"title":"Melbourne, Australia","link":{"url":"#","is_external":"","nofollow":""},"header_size":"h4","align":"left","align_tablet":"left","align_mobile":"center","title_color":"#ff5900","typography_typography":"custom","typography_font_family":"Oswald","typography_font_size":{"unit":"px","size":24,"sizes":[]},"typography_font_size_tablet":{"unit":"px","size":24,"sizes":[]},"typography_font_size_mobile":{"unit":"px","size":24,"sizes":[]},"typography_font_weight":"500","typography_text_transform":"uppercase","typography_font_style":"normal","typography_text_decoration":"none","typography_line_height":{"unit":"em","size":1.399999999999999911182158029987476766109466552734375,"sizes":[]},"typography_line_height_tablet":{"unit":"em","size":1.399999999999999911182158029987476766109466552734375,"sizes":[]},"typography_line_height_mobile":{"unit":"em","size":1.399999999999999911182158029987476766109466552734375,"sizes":[]},"motion_fx_blur_effect":"yes"},"elements":[],"isInner":false,"widgetType":"heading","elType":"widget"},{"id":"20daaf8d","settings":{"title":"Marvel Stadium","header_size":"p","align":"left","align_tablet":"left","align_mobile":"center","title_color":"#161b3e","typography_typography":"custom","typography_font_family":"Lato","typography_font_size":{"unit":"px","size":12,"sizes":[]},"typography_font_size_tablet":{"unit":"px","size":12,"sizes":[]},"typography_font_size_mobile":{"unit":"px","size":12,"sizes":[]},"typography_font_weight":"700","typography_text_transform":"uppercase","typography_font_style":"normal","typography_text_decoration":"none","typography_line_height":{"unit":"em","size":1.399999999999999911182158029987476766109466552734375,"sizes":[]},"typography_line_height_tablet":{"unit":"em","size":1.399999999999999911182158029987476766109466552734375,"sizes":[]},"typography_line_height_mobile":{"unit":"em","size":1.399999999999999911182158029987476766109466552734375,"sizes":[]},"typography_letter_spacing":{"unit":"px","size":1.3000000000000000444089209850062616169452667236328125,"sizes":[]},"typography_letter_spacing_tablet":{"unit":"px","size":1.3000000000000000444089209850062616169452667236328125,"sizes":[]},"typography_letter_spacing_mobile":{"unit":"px","size":1.3000000000000000444089209850062616169452667236328125,"sizes":[]}},"elements":[],"isInner":false,"widgetType":"heading","elType":"widget"}],"isInner":true,"elType":"column"},{"id":"3d786b56","settings":{"_column_size":50,"_inline_size":25,"_inline_size_tablet":40,"_inline_size_mobile":100,"content_position":"center","content_position_tablet":"center","content_position_mobile":"center"},"elements":[{"id":"7a1277f3","settings":{"button_type":"success","text":"Buy tickets","align":"right","align_tablet":"right","align_mobile":"center","size":"md","typography_typography":"custom","typography_font_family":"Lato","typography_font_size":{"unit":"px","size":14,"sizes":[]},"typography_font_size_tablet":{"unit":"px","size":14,"sizes":[]},"typography_font_size_mobile":{"unit":"px","size":14,"sizes":[]},"typography_font_weight":"700","typography_text_transform":"uppercase","typography_font_style":"normal","typography_text_decoration":"none","typography_line_height":{"unit":"em","size":1.600000000000000088817841970012523233890533447265625,"sizes":[]},"typography_line_height_tablet":{"unit":"em","size":1.600000000000000088817841970012523233890533447265625,"sizes":[]},"typography_line_height_mobile":{"unit":"em","size":1.600000000000000088817841970012523233890533447265625,"sizes":[]},"button_text_color":"#161b3e","background_color":"#ffffff","hover_color":"#ffffff","button_background_hover_color":"#ff6d00","button_hover_border_color":"#ff6d00","border_border":"solid","border_width":{"unit":"px","top":"2","right":"2","bottom":"2","left":"2","isLinked":true},"border_width_tablet":{"unit":"px","top":"2","right":"2","bottom":"2","left":"2","isLinked":true},"border_width_mobile":{"unit":"px","top":"2","right":"2","bottom":"2","left":"2","isLinked":true},"border_color":"#ff6d00","border_radius":{"unit":"px","top":"0","right":"0","bottom":"0","left":"0","isLinked":false},"text_padding":{"unit":"px","top":"14","right":"38","bottom":"14","left":"38","isLinked":false},"text_padding_tablet":{"unit":"px","top":"14","right":"38","bottom":"14","left":"38","isLinked":false},"text_padding_mobile":{"unit":"px","top":"14","right":"38","bottom":"14","left":"38","isLinked":false}},"elements":[],"isInner":false,"widgetType":"button","elType":"widget"}],"isInner":true,"elType":"column"}],"isInner":true,"elType":"section"}],"isInner":false,"elType":"column"}],"isInner":false,"elType":"section"},{"id":"516cfc7b","settings":{"gap":"extended","structure":"21","background_background":"classic","background_color":"#f8f3ea","padding":{"unit":"px","top":"0","right":"0","bottom":"0","left":"0","isLinked":true},"padding_tablet":{"unit":"px","top":"0","right":"45","bottom":"0","left":"45","isLinked":false},"padding_mobile":{"unit":"px","top":"0","right":"30","bottom":"0","left":"30","isLinked":false}},"elements":[{"id":"ecad344","settings":{"_column_size":33,"_inline_size":11,"_inline_size_tablet":16,"_inline_size_mobile":100,"content_position":"center","content_position_tablet":"center","content_position_mobile":"center","space_between_widgets":2,"space_between_widgets_tablet":2,"space_between_widgets_mobile":2,"background_background":"classic","background_color":"#181b3f","margin":{"unit":"px","top":"0","right":"0","bottom":"2","left":"15","isLinked":false},"margin_tablet":{"unit":"px","top":"0","right":"0","bottom":"2","left":"0","isLinked":false},"margin_mobile":{"unit":"px","top":"0","right":"0","bottom":"0","left":"0","isLinked":true},"padding":{"unit":"px","top":"30","right":"30","bottom":"30","left":"30","isLinked":true},"padding_tablet":{"unit":"px","top":"30","right":"30","bottom":"30","left":"30","isLinked":true},"padding_mobile":{"unit":"px","top":"30","right":"30","bottom":"30","left":"30","isLinked":true}},"elements":[{"id":"eae3ed4","settings":{"title":"02","header_size":"p","align":"center","align_tablet":"center","align_mobile":"center","title_color":"#ff5900","typography_typography":"custom","typography_font_family":"Oswald","typography_font_size":{"unit":"px","size":36,"sizes":[]},"typography_font_size_tablet":{"unit":"px","size":36,"sizes":[]},"typography_font_size_mobile":{"unit":"px","size":36,"sizes":[]},"typography_font_weight":"500","typography_text_transform":"uppercase","typography_font_style":"normal","typography_text_decoration":"none","typography_line_height":{"unit":"em","size":1,"sizes":[]},"typography_line_height_tablet":{"unit":"em","size":1,"sizes":[]},"typography_line_height_mobile":{"unit":"em","size":1,"sizes":[]}},"elements":[],"isInner":false,"widgetType":"heading","elType":"widget"},{"id":"4cdd8483","settings":{"title":"Nov","header_size":"p","align":"center","align_tablet":"center","align_mobile":"center","title_color":"#ffffff","typography_typography":"custom","typography_font_family":"Lato","typography_font_size":{"unit":"px","size":16,"sizes":[]},"typography_font_size_tablet":{"unit":"px","size":16,"sizes":[]},"typography_font_size_mobile":{"unit":"px","size":16,"sizes":[]},"typography_font_weight":"400","typography_text_transform":"uppercase","typography_font_style":"normal","typography_text_decoration":"none","typography_line_height":{"unit":"em","size":1,"sizes":[]},"typography_line_height_tablet":{"unit":"em","size":1,"sizes":[]},"typography_line_height_mobile":{"unit":"em","size":1,"sizes":[]},"typography_letter_spacing":{"unit":"px","size":1,"sizes":[]},"typography_letter_spacing_tablet":{"unit":"px","size":1,"sizes":[]},"typography_letter_spacing_mobile":{"unit":"px","size":1,"sizes":[]}},"elements":[],"isInner":false,"widgetType":"heading","elType":"widget"}],"isInner":false,"elType":"column"},{"id":"2503fe2b","settings":{"_column_size":66,"_inline_size":88.9969999999999998863131622783839702606201171875,"_inline_size_tablet":84,"_inline_size_mobile":100,"background_background":"classic","background_color":"#ffffff","background_hover_background":"classic","background_hover_color":"#f2e9d9","margin":{"unit":"px","top":"0","right":"15","bottom":"2","left":"0","isLinked":false},"margin_tablet":{"unit":"px","top":"0","right":"0","bottom":"2","left":"0","isLinked":false},"margin_mobile":{"unit":"px","top":"0","right":"0","bottom":"2","left":"0","isLinked":false}},"elements":[{"id":"64ce7ac5","settings":{"gap":"extended","structure":"20"},"elements":[{"id":"41a7e052","settings":{"_column_size":50,"_inline_size":74.993999999999999772626324556767940521240234375,"_inline_size_tablet":60,"_inline_size_mobile":100,"content_position":"center","content_position_tablet":"center","content_position_mobile":"center","space_between_widgets":10,"space_between_widgets_tablet":10,"space_between_widgets_mobile":10},"elements":[{"id":"c893662","settings":{"title":"Auckland, New Zealand","link":{"url":"#","is_external":"","nofollow":""},"header_size":"h4","align":"left","align_tablet":"left","align_mobile":"center","title_color":"#ff5900","typography_typography":"custom","typography_font_family":"Oswald","typography_font_size":{"unit":"px","size":24,"sizes":[]},"typography_font_size_tablet":{"unit":"px","size":24,"sizes":[]},"typography_font_size_mobile":{"unit":"px","size":24,"sizes":[]},"typography_font_weight":"500","typography_text_transform":"uppercase","typography_font_style":"normal","typography_text_decoration":"none","typography_line_height":{"unit":"em","size":1.399999999999999911182158029987476766109466552734375,"sizes":[]},"typography_line_height_tablet":{"unit":"em","size":1.399999999999999911182158029987476766109466552734375,"sizes":[]},"typography_line_height_mobile":{"unit":"em","size":1.399999999999999911182158029987476766109466552734375,"sizes":[]},"motion_fx_blur_effect":"yes"},"elements":[],"isInner":false,"widgetType":"heading","elType":"widget"},{"id":"794ef42e","settings":{"title":"Mt. Smart Stadium","header_size":"p","align":"left","align_tablet":"left","align_mobile":"center","title_color":"#161b3e","typography_typography":"custom","typography_font_family":"Lato","typography_font_size":{"unit":"px","size":12,"sizes":[]},"typography_font_size_tablet":{"unit":"px","size":12,"sizes":[]},"typography_font_size_mobile":{"unit":"px","size":12,"sizes":[]},"typography_font_weight":"700","typography_text_transform":"uppercase","typography_font_style":"normal","typography_text_decoration":"none","typography_line_height":{"unit":"em","size":1.399999999999999911182158029987476766109466552734375,"sizes":[]},"typography_line_height_tablet":{"unit":"em","size":1.399999999999999911182158029987476766109466552734375,"sizes":[]},"typography_line_height_mobile":{"unit":"em","size":1.399999999999999911182158029987476766109466552734375,"sizes":[]},"typography_letter_spacing":{"unit":"px","size":1.3000000000000000444089209850062616169452667236328125,"sizes":[]},"typography_letter_spacing_tablet":{"unit":"px","size":1.3000000000000000444089209850062616169452667236328125,"sizes":[]},"typography_letter_spacing_mobile":{"unit":"px","size":1.3000000000000000444089209850062616169452667236328125,"sizes":[]}},"elements":[],"isInner":false,"widgetType":"heading","elType":"widget"}],"isInner":true,"elType":"column"},{"id":"31807be0","settings":{"_column_size":50,"_inline_size":25,"_inline_size_tablet":40,"_inline_size_mobile":100,"content_position":"center","content_position_tablet":"center","content_position_mobile":"center"},"elements":[{"id":"363cfc9b","settings":{"button_type":"success","text":"Buy tickets","align":"right","align_tablet":"right","align_mobile":"center","size":"md","typography_typography":"custom","typography_font_family":"Lato","typography_font_size":{"unit":"px","size":14,"sizes":[]},"typography_font_size_tablet":{"unit":"px","size":14,"sizes":[]},"typography_font_size_mobile":{"unit":"px","size":14,"sizes":[]},"typography_font_weight":"700","typography_text_transform":"uppercase","typography_font_style":"normal","typography_text_decoration":"none","typography_line_height":{"unit":"em","size":1.600000000000000088817841970012523233890533447265625,"sizes":[]},"typography_line_height_tablet":{"unit":"em","size":1.600000000000000088817841970012523233890533447265625,"sizes":[]},"typography_line_height_mobile":{"unit":"em","size":1.600000000000000088817841970012523233890533447265625,"sizes":[]},"button_text_color":"#161b3e","background_color":"#ffffff","hover_color":"#ffffff","button_background_hover_color":"#ff6d00","button_hover_border_color":"#ff6d00","border_border":"solid","border_width":{"unit":"px","top":"2","right":"2","bottom":"2","left":"2","isLinked":true},"border_width_tablet":{"unit":"px","top":"2","right":"2","bottom":"2","left":"2","isLinked":true},"border_width_mobile":{"unit":"px","top":"2","right":"2","bottom":"2","left":"2","isLinked":true},"border_color":"#ff6d00","border_radius":{"unit":"px","top":"0","right":"0","bottom":"0","left":"0","isLinked":false},"text_padding":{"unit":"px","top":"14","right":"38","bottom":"14","left":"38","isLinked":false},"text_padding_tablet":{"unit":"px","top":"14","right":"38","bottom":"14","left":"38","isLinked":false},"text_padding_mobile":{"unit":"px","top":"14","right":"38","bottom":"14","left":"38","isLinked":false}},"elements":[],"isInner":false,"widgetType":"button","elType":"widget"}],"isInner":true,"elType":"column"}],"isInner":true,"elType":"section"}],"isInner":false,"elType":"column"}],"isInner":false,"elType":"section"},{"id":"7beea83f","settings":{"gap":"extended","structure":"21","background_background":"classic","background_color":"#f8f3ea","padding":{"unit":"px","top":"0","right":"0","bottom":"0","left":"0","isLinked":false},"padding_tablet":{"unit":"px","top":"0","right":"45","bottom":"0","left":"45","isLinked":false},"padding_mobile":{"unit":"px","top":"0","right":"30","bottom":"0","left":"30","isLinked":false}},"elements":[{"id":"699961af","settings":{"_column_size":33,"_inline_size":11,"_inline_size_tablet":16,"_inline_size_mobile":100,"content_position":"center","content_position_tablet":"center","content_position_mobile":"center","space_between_widgets":2,"space_between_widgets_tablet":2,"space_between_widgets_mobile":2,"background_background":"classic","background_color":"#181b3f","margin":{"unit":"px","top":"0","right":"0","bottom":"2","left":"15","isLinked":false},"margin_tablet":{"unit":"px","top":"0","right":"0","bottom":"2","left":"0","isLinked":false},"margin_mobile":{"unit":"px","top":"0","right":"0","bottom":"0","left":"0","isLinked":false},"padding":{"unit":"px","top":"30","right":"30","bottom":"30","left":"30","isLinked":true},"padding_tablet":{"unit":"px","top":"30","right":"30","bottom":"30","left":"30","isLinked":true},"padding_mobile":{"unit":"px","top":"30","right":"30","bottom":"30","left":"30","isLinked":true}},"elements":[{"id":"45acd270","settings":{"title":"15","header_size":"p","align":"center","align_tablet":"center","align_mobile":"center","title_color":"#ff5900","typography_typography":"custom","typography_font_family":"Oswald","typography_font_size":{"unit":"px","size":36,"sizes":[]},"typography_font_size_tablet":{"unit":"px","size":36,"sizes":[]},"typography_font_size_mobile":{"unit":"px","size":36,"sizes":[]},"typography_font_weight":"500","typography_text_transform":"uppercase","typography_font_style":"normal","typography_text_decoration":"none","typography_line_height":{"unit":"em","size":1,"sizes":[]},"typography_line_height_tablet":{"unit":"em","size":1,"sizes":[]},"typography_line_height_mobile":{"unit":"em","size":1,"sizes":[]}},"elements":[],"isInner":false,"widgetType":"heading","elType":"widget"},{"id":"1daa59ca","settings":{"title":"Apr","header_size":"p","align":"center","align_tablet":"center","align_mobile":"center","title_color":"#ffffff","typography_typography":"custom","typography_font_family":"Lato","typography_font_size":{"unit":"px","size":16,"sizes":[]},"typography_font_size_tablet":{"unit":"px","size":16,"sizes":[]},"typography_font_size_mobile":{"unit":"px","size":16,"sizes":[]},"typography_font_weight":"400","typography_text_transform":"uppercase","typography_font_style":"normal","typography_text_decoration":"none","typography_line_height":{"unit":"em","size":1,"sizes":[]},"typography_line_height_tablet":{"unit":"em","size":1,"sizes":[]},"typography_line_height_mobile":{"unit":"em","size":1,"sizes":[]},"typography_letter_spacing":{"unit":"px","size":1,"sizes":[]},"typography_letter_spacing_tablet":{"unit":"px","size":1,"sizes":[]},"typography_letter_spacing_mobile":{"unit":"px","size":1,"sizes":[]}},"elements":[],"isInner":false,"widgetType":"heading","elType":"widget"}],"isInner":false,"elType":"column"},{"id":"3b6aff76","settings":{"_column_size":66,"_inline_size":88.9969999999999998863131622783839702606201171875,"_inline_size_tablet":84,"_inline_size_mobile":100,"background_background":"classic","background_color":"#ffffff","background_hover_background":"classic","background_hover_color":"#f2e9d9","margin":{"unit":"px","top":"0","right":"15","bottom":"2","left":"0","isLinked":false},"margin_tablet":{"unit":"px","top":"0","right":"0","bottom":"2","left":"0","isLinked":false},"margin_mobile":{"unit":"px","top":"0","right":"0","bottom":"2","left":"0","isLinked":false}},"elements":[{"id":"7d09735f","settings":{"gap":"extended","structure":"20"},"elements":[{"id":"357c7691","settings":{"_column_size":50,"_inline_size":74.993999999999999772626324556767940521240234375,"_inline_size_tablet":60,"_inline_size_mobile":100,"content_position":"center","content_position_tablet":"center","content_position_mobile":"center","space_between_widgets":10,"space_between_widgets_tablet":10,"space_between_widgets_mobile":10},"elements":[{"id":"7230cb20","settings":{"title":"Santiago, Chile","link":{"url":"#","is_external":"","nofollow":""},"header_size":"h4","align":"left","align_tablet":"left","align_mobile":"center","title_color":"#ff5900","typography_typography":"custom","typography_font_family":"Oswald","typography_font_size":{"unit":"px","size":24,"sizes":[]},"typography_font_size_tablet":{"unit":"px","size":24,"sizes":[]},"typography_font_size_mobile":{"unit":"px","size":24,"sizes":[]},"typography_font_weight":"500","typography_text_transform":"uppercase","typography_font_style":"normal","typography_text_decoration":"none","typography_line_height":{"unit":"em","size":1.399999999999999911182158029987476766109466552734375,"sizes":[]},"typography_line_height_tablet":{"unit":"em","size":1.399999999999999911182158029987476766109466552734375,"sizes":[]},"typography_line_height_mobile":{"unit":"em","size":1.399999999999999911182158029987476766109466552734375,"sizes":[]},"motion_fx_blur_effect":"yes"},"elements":[],"isInner":false,"widgetType":"heading","elType":"widget"},{"id":"f1df699","settings":{"title":"Estadio Nacional","header_size":"p","align":"left","align_tablet":"left","align_mobile":"center","title_color":"#161b3e","typography_typography":"custom","typography_font_family":"Lato","typography_font_size":{"unit":"px","size":12,"sizes":[]},"typography_font_size_tablet":{"unit":"px","size":12,"sizes":[]},"typography_font_size_mobile":{"unit":"px","size":12,"sizes":[]},"typography_font_weight":"700","typography_text_transform":"uppercase","typography_font_style":"normal","typography_text_decoration":"none","typography_line_height":{"unit":"em","size":1.399999999999999911182158029987476766109466552734375,"sizes":[]},"typography_line_height_tablet":{"unit":"em","size":1.399999999999999911182158029987476766109466552734375,"sizes":[]},"typography_line_height_mobile":{"unit":"em","size":1.399999999999999911182158029987476766109466552734375,"sizes":[]},"typography_letter_spacing":{"unit":"px","size":1.3000000000000000444089209850062616169452667236328125,"sizes":[]},"typography_letter_spacing_tablet":{"unit":"px","size":1.3000000000000000444089209850062616169452667236328125,"sizes":[]},"typography_letter_spacing_mobile":{"unit":"px","size":1.3000000000000000444089209850062616169452667236328125,"sizes":[]}},"elements":[],"isInner":false,"widgetType":"heading","elType":"widget"}],"isInner":true,"elType":"column"},{"id":"81f25f4","settings":{"_column_size":50,"_inline_size":25,"_inline_size_tablet":40,"_inline_size_mobile":100,"content_position":"center","content_position_tablet":"center","content_position_mobile":"center"},"elements":[{"id":"632b349","settings":{"button_type":"success","text":"Tickets sold out","align":"right","align_tablet":"right","align_mobile":"center","size":"md","typography_typography":"custom","typography_font_family":"Lato","typography_font_size":{"unit":"px","size":14,"sizes":[]},"typography_font_size_tablet":{"unit":"px","size":14,"sizes":[]},"typography_font_size_mobile":{"unit":"px","size":14,"sizes":[]},"typography_font_weight":"700","typography_text_transform":"uppercase","typography_font_style":"normal","typography_text_decoration":"none","typography_line_height":{"unit":"em","size":1.600000000000000088817841970012523233890533447265625,"sizes":[]},"typography_line_height_tablet":{"unit":"em","size":1.600000000000000088817841970012523233890533447265625,"sizes":[]},"typography_line_height_mobile":{"unit":"em","size":1.600000000000000088817841970012523233890533447265625,"sizes":[]},"button_text_color":"rgba(126,126,126,0.7)","background_color":"#ffffff","hover_color":"rgba(126,126,126,0.7)","button_background_hover_color":"#f8f3ea","button_hover_border_color":"rgba(126,126,126,0.7)","border_border":"solid","border_width":{"unit":"px","top":"2","right":"2","bottom":"2","left":"2","isLinked":true},"border_width_tablet":{"unit":"px","top":"2","right":"2","bottom":"2","left":"2","isLinked":true},"border_width_mobile":{"unit":"px","top":"2","right":"2","bottom":"2","left":"2","isLinked":true},"border_color":"rgba(126,126,126,0.7)","border_radius":{"unit":"px","top":"0","right":"0","bottom":"0","left":"0","isLinked":false},"text_padding":{"unit":"px","top":"14","right":"38","bottom":"14","left":"38","isLinked":false},"text_padding_tablet":{"unit":"px","top":"14","right":"30","bottom":"14","left":"30","isLinked":false},"text_padding_mobile":{"unit":"px","top":"14","right":"38","bottom":"14","left":"38","isLinked":false},"link":{"url":"","is_external":"","nofollow":""}},"elements":[],"isInner":false,"widgetType":"button","elType":"widget"}],"isInner":true,"elType":"column"}],"isInner":true,"elType":"section"}],"isInner":false,"elType":"column"}],"isInner":false,"elType":"section"},{"id":"55c75280","settings":{"gap":"extended","structure":"21","background_background":"classic","background_color":"#f8f3ea","padding":{"unit":"px","top":"0","right":"0","bottom":"0","left":"0","isLinked":true},"padding_tablet":{"unit":"px","top":"0","right":"45","bottom":"0","left":"45","isLinked":false},"padding_mobile":{"unit":"px","top":"0","right":"30","bottom":"0","left":"30","isLinked":false}},"elements":[{"id":"3595c963","settings":{"_column_size":33,"_inline_size":11,"_inline_size_tablet":16,"_inline_size_mobile":100,"content_position":"center","content_position_tablet":"center","content_position_mobile":"center","space_between_widgets":2,"space_between_widgets_tablet":2,"space_between_widgets_mobile":2,"background_background":"classic","background_color":"#181b3f","margin":{"unit":"px","top":"0","right":"0","bottom":"2","left":"15","isLinked":false},"margin_tablet":{"unit":"px","top":"0","right":"0","bottom":"2","left":"0","isLinked":false},"margin_mobile":{"unit":"px","top":"0","right":"0","bottom":"0","left":"0","isLinked":true},"padding":{"unit":"px","top":"30","right":"30","bottom":"30","left":"30","isLinked":true},"padding_tablet":{"unit":"px","top":"30","right":"30","bottom":"30","left":"30","isLinked":true},"padding_mobile":{"unit":"px","top":"30","right":"30","bottom":"30","left":"30","isLinked":true}},"elements":[{"id":"418096b9","settings":{"title":"18","header_size":"p","align":"center","align_tablet":"center","align_mobile":"center","title_color":"#ff5900","typography_typography":"custom","typography_font_family":"Oswald","typography_font_size":{"unit":"px","size":36,"sizes":[]},"typography_font_size_tablet":{"unit":"px","size":36,"sizes":[]},"typography_font_size_mobile":{"unit":"px","size":36,"sizes":[]},"typography_font_weight":"500","typography_text_transform":"uppercase","typography_font_style":"normal","typography_text_decoration":"none","typography_line_height":{"unit":"em","size":1,"sizes":[]},"typography_line_height_tablet":{"unit":"em","size":1,"sizes":[]},"typography_line_height_mobile":{"unit":"em","size":1,"sizes":[]}},"elements":[],"isInner":false,"widgetType":"heading","elType":"widget"},{"id":"51fe791e","settings":{"title":"Apr","header_size":"p","align":"center","align_tablet":"center","align_mobile":"center","title_color":"#ffffff","typography_typography":"custom","typography_font_family":"Lato","typography_font_size":{"unit":"px","size":16,"sizes":[]},"typography_font_size_tablet":{"unit":"px","size":16,"sizes":[]},"typography_font_size_mobile":{"unit":"px","size":16,"sizes":[]},"typography_font_weight":"400","typography_text_transform":"uppercase","typography_font_style":"normal","typography_text_decoration":"none","typography_line_height":{"unit":"em","size":1,"sizes":[]},"typography_line_height_tablet":{"unit":"em","size":1,"sizes":[]},"typography_line_height_mobile":{"unit":"em","size":1,"sizes":[]},"typography_letter_spacing":{"unit":"px","size":1,"sizes":[]},"typography_letter_spacing_tablet":{"unit":"px","size":1,"sizes":[]},"typography_letter_spacing_mobile":{"unit":"px","size":1,"sizes":[]}},"elements":[],"isInner":false,"widgetType":"heading","elType":"widget"}],"isInner":false,"elType":"column"},{"id":"1c2c4484","settings":{"_column_size":66,"_inline_size":88.9969999999999998863131622783839702606201171875,"_inline_size_tablet":84,"_inline_size_mobile":100,"background_background":"classic","background_color":"#ffffff","background_hover_background":"classic","background_hover_color":"#f2e9d9","margin":{"unit":"px","top":"0","right":"15","bottom":"2","left":"0","isLinked":false},"margin_tablet":{"unit":"px","top":"0","right":"0","bottom":"2","left":"0","isLinked":false},"margin_mobile":{"unit":"px","top":"0","right":"0","bottom":"2","left":"0","isLinked":false}},"elements":[{"id":"2f10f27f","settings":{"gap":"extended","structure":"20"},"elements":[{"id":"3f335e1c","settings":{"_column_size":50,"_inline_size":74.993999999999999772626324556767940521240234375,"_inline_size_tablet":60,"_inline_size_mobile":100,"content_position":"center","content_position_tablet":"center","content_position_mobile":"center","space_between_widgets":10,"space_between_widgets_tablet":10,"space_between_widgets_mobile":10},"elements":[{"id":"3f363173","settings":{"title":"Buenos Aires, Argentina","link":{"url":"#","is_external":"","nofollow":""},"header_size":"h4","align":"left","align_tablet":"left","align_mobile":"center","title_color":"#ff5900","typography_typography":"custom","typography_font_family":"Oswald","typography_font_size":{"unit":"px","size":24,"sizes":[]},"typography_font_size_tablet":{"unit":"px","size":24,"sizes":[]},"typography_font_size_mobile":{"unit":"px","size":24,"sizes":[]},"typography_font_weight":"500","typography_text_transform":"uppercase","typography_font_style":"normal","typography_text_decoration":"none","typography_line_height":{"unit":"em","size":1.399999999999999911182158029987476766109466552734375,"sizes":[]},"typography_line_height_tablet":{"unit":"em","size":1.399999999999999911182158029987476766109466552734375,"sizes":[]},"typography_line_height_mobile":{"unit":"em","size":1.399999999999999911182158029987476766109466552734375,"sizes":[]},"motion_fx_blur_effect":"yes"},"elements":[],"isInner":false,"widgetType":"heading","elType":"widget"},{"id":"286d371e","settings":{"title":"Campo Argentino de Polo","header_size":"p","align":"left","align_tablet":"left","align_mobile":"center","title_color":"#161b3e","typography_typography":"custom","typography_font_family":"Lato","typography_font_size":{"unit":"px","size":12,"sizes":[]},"typography_font_size_tablet":{"unit":"px","size":12,"sizes":[]},"typography_font_size_mobile":{"unit":"px","size":12,"sizes":[]},"typography_font_weight":"700","typography_text_transform":"uppercase","typography_font_style":"normal","typography_text_decoration":"none","typography_line_height":{"unit":"em","size":1.399999999999999911182158029987476766109466552734375,"sizes":[]},"typography_line_height_tablet":{"unit":"em","size":1.399999999999999911182158029987476766109466552734375,"sizes":[]},"typography_line_height_mobile":{"unit":"em","size":1.399999999999999911182158029987476766109466552734375,"sizes":[]},"typography_letter_spacing":{"unit":"px","size":1.3000000000000000444089209850062616169452667236328125,"sizes":[]},"typography_letter_spacing_tablet":{"unit":"px","size":1.3000000000000000444089209850062616169452667236328125,"sizes":[]},"typography_letter_spacing_mobile":{"unit":"px","size":1.3000000000000000444089209850062616169452667236328125,"sizes":[]}},"elements":[],"isInner":false,"widgetType":"heading","elType":"widget"}],"isInner":true,"elType":"column"},{"id":"3082ebf2","settings":{"_column_size":50,"_inline_size":25,"_inline_size_tablet":40,"_inline_size_mobile":100,"content_position":"center","content_position_tablet":"center","content_position_mobile":"center"},"elements":[{"id":"3d18d7cf","settings":{"button_type":"success","text":"Buy tickets","align":"right","align_tablet":"right","align_mobile":"center","size":"md","typography_typography":"custom","typography_font_family":"Lato","typography_font_size":{"unit":"px","size":14,"sizes":[]},"typography_font_size_tablet":{"unit":"px","size":14,"sizes":[]},"typography_font_size_mobile":{"unit":"px","size":14,"sizes":[]},"typography_font_weight":"700","typography_text_transform":"uppercase","typography_font_style":"normal","typography_text_decoration":"none","typography_line_height":{"unit":"em","size":1.600000000000000088817841970012523233890533447265625,"sizes":[]},"typography_line_height_tablet":{"unit":"em","size":1.600000000000000088817841970012523233890533447265625,"sizes":[]},"typography_line_height_mobile":{"unit":"em","size":1.600000000000000088817841970012523233890533447265625,"sizes":[]},"button_text_color":"#161b3e","background_color":"#ffffff","hover_color":"#ffffff","button_background_hover_color":"#ff6d00","button_hover_border_color":"#ff6d00","border_border":"solid","border_width":{"unit":"px","top":"2","right":"2","bottom":"2","left":"2","isLinked":true},"border_width_tablet":{"unit":"px","top":"2","right":"2","bottom":"2","left":"2","isLinked":true},"border_width_mobile":{"unit":"px","top":"2","right":"2","bottom":"2","left":"2","isLinked":true},"border_color":"#ff6d00","border_radius":{"unit":"px","top":"0","right":"0","bottom":"0","left":"0","isLinked":false},"text_padding":{"unit":"px","top":"14","right":"38","bottom":"14","left":"38","isLinked":false},"text_padding_tablet":{"unit":"px","top":"14","right":"38","bottom":"14","left":"38","isLinked":false},"text_padding_mobile":{"unit":"px","top":"14","right":"38","bottom":"14","left":"38","isLinked":false}},"elements":[],"isInner":false,"widgetType":"button","elType":"widget"}],"isInner":true,"elType":"column"}],"isInner":true,"elType":"section"}],"isInner":false,"elType":"column"}],"isInner":false,"elType":"section"},{"id":"4586ff69","settings":{"gap":"extended","structure":"21","background_background":"classic","background_color":"#f8f3ea","padding":{"unit":"px","top":"0","right":"0","bottom":"0","left":"0","isLinked":false},"padding_tablet":{"unit":"px","top":"0","right":"45","bottom":"0","left":"45","isLinked":false},"padding_mobile":{"unit":"px","top":"0","right":"30","bottom":"0","left":"30","isLinked":false}},"elements":[{"id":"2d9f0bd4","settings":{"_column_size":33,"_inline_size":11,"_inline_size_tablet":16,"_inline_size_mobile":100,"content_position":"center","content_position_tablet":"center","content_position_mobile":"center","space_between_widgets":2,"space_between_widgets_tablet":2,"space_between_widgets_mobile":2,"background_background":"classic","background_color":"#181b3f","margin":{"unit":"px","top":"0","right":"0","bottom":"2","left":"15","isLinked":false},"margin_tablet":{"unit":"px","top":"0","right":"0","bottom":"2","left":"0","isLinked":false},"margin_mobile":{"unit":"px","top":"0","right":"0","bottom":"0","left":"0","isLinked":false},"padding":{"unit":"px","top":"30","right":"30","bottom":"30","left":"30","isLinked":true},"padding_tablet":{"unit":"px","top":"30","right":"30","bottom":"30","left":"30","isLinked":true},"padding_mobile":{"unit":"px","top":"30","right":"30","bottom":"30","left":"30","isLinked":true}},"elements":[{"id":"2d702efb","settings":{"title":"25","header_size":"p","align":"center","align_tablet":"center","align_mobile":"center","title_color":"#ff5900","typography_typography":"custom","typography_font_family":"Oswald","typography_font_size":{"unit":"px","size":36,"sizes":[]},"typography_font_size_tablet":{"unit":"px","size":36,"sizes":[]},"typography_font_size_mobile":{"unit":"px","size":36,"sizes":[]},"typography_font_weight":"500","typography_text_transform":"uppercase","typography_font_style":"normal","typography_text_decoration":"none","typography_line_height":{"unit":"em","size":1,"sizes":[]},"typography_line_height_tablet":{"unit":"em","size":1,"sizes":[]},"typography_line_height_mobile":{"unit":"em","size":1,"sizes":[]}},"elements":[],"isInner":false,"widgetType":"heading","elType":"widget"},{"id":"5d285636","settings":{"title":"Aug","header_size":"p","align":"center","align_tablet":"center","align_mobile":"center","title_color":"#ffffff","typography_typography":"custom","typography_font_family":"Lato","typography_font_size":{"unit":"px","size":16,"sizes":[]},"typography_font_size_tablet":{"unit":"px","size":16,"sizes":[]},"typography_font_size_mobile":{"unit":"px","size":16,"sizes":[]},"typography_font_weight":"400","typography_text_transform":"uppercase","typography_font_style":"normal","typography_text_decoration":"none","typography_line_height":{"unit":"em","size":1,"sizes":[]},"typography_line_height_tablet":{"unit":"em","size":1,"sizes":[]},"typography_line_height_mobile":{"unit":"em","size":1,"sizes":[]},"typography_letter_spacing":{"unit":"px","size":1,"sizes":[]},"typography_letter_spacing_tablet":{"unit":"px","size":1,"sizes":[]},"typography_letter_spacing_mobile":{"unit":"px","size":1,"sizes":[]}},"elements":[],"isInner":false,"widgetType":"heading","elType":"widget"}],"isInner":false,"elType":"column"},{"id":"2fec126b","settings":{"_column_size":66,"_inline_size":88.9969999999999998863131622783839702606201171875,"_inline_size_tablet":84,"_inline_size_mobile":100,"background_background":"classic","background_color":"#ffffff","background_hover_background":"classic","background_hover_color":"#f2e9d9","margin":{"unit":"px","top":"0","right":"15","bottom":"2","left":"0","isLinked":false},"margin_tablet":{"unit":"px","top":"0","right":"0","bottom":"2","left":"0","isLinked":false},"margin_mobile":{"unit":"px","top":"0","right":"0","bottom":"2","left":"0","isLinked":false}},"elements":[{"id":"480f4d88","settings":{"gap":"extended","structure":"20"},"elements":[{"id":"66a63450","settings":{"_column_size":50,"_inline_size":74.993999999999999772626324556767940521240234375,"_inline_size_tablet":60,"_inline_size_mobile":100,"content_position":"center","content_position_tablet":"center","content_position_mobile":"center","space_between_widgets":10,"space_between_widgets_tablet":10,"space_between_widgets_mobile":10},"elements":[{"id":"19fcdbfd","settings":{"title":"Curitiba, Brazil","link":{"url":"#","is_external":"","nofollow":""},"header_size":"h4","align":"left","align_tablet":"left","align_mobile":"center","title_color":"#ff5900","typography_typography":"custom","typography_font_family":"Oswald","typography_font_size":{"unit":"px","size":24,"sizes":[]},"typography_font_size_tablet":{"unit":"px","size":24,"sizes":[]},"typography_font_size_mobile":{"unit":"px","size":24,"sizes":[]},"typography_font_weight":"500","typography_text_transform":"uppercase","typography_font_style":"normal","typography_text_decoration":"none","typography_line_height":{"unit":"em","size":1.399999999999999911182158029987476766109466552734375,"sizes":[]},"typography_line_height_tablet":{"unit":"em","size":1.399999999999999911182158029987476766109466552734375,"sizes":[]},"typography_line_height_mobile":{"unit":"em","size":1.399999999999999911182158029987476766109466552734375,"sizes":[]},"motion_fx_blur_effect":"yes"},"elements":[],"isInner":false,"widgetType":"heading","elType":"widget"},{"id":"27c9770b","settings":{"title":"Est\u00e1dio Couto Pereira","header_size":"p","align":"left","align_tablet":"left","align_mobile":"center","title_color":"#161b3e","typography_typography":"custom","typography_font_family":"Lato","typography_font_size":{"unit":"px","size":12,"sizes":[]},"typography_font_size_tablet":{"unit":"px","size":12,"sizes":[]},"typography_font_size_mobile":{"unit":"px","size":12,"sizes":[]},"typography_font_weight":"700","typography_text_transform":"uppercase","typography_font_style":"normal","typography_text_decoration":"none","typography_line_height":{"unit":"em","size":1.399999999999999911182158029987476766109466552734375,"sizes":[]},"typography_line_height_tablet":{"unit":"em","size":1.399999999999999911182158029987476766109466552734375,"sizes":[]},"typography_line_height_mobile":{"unit":"em","size":1.399999999999999911182158029987476766109466552734375,"sizes":[]},"typography_letter_spacing":{"unit":"px","size":1.3000000000000000444089209850062616169452667236328125,"sizes":[]},"typography_letter_spacing_tablet":{"unit":"px","size":1.3000000000000000444089209850062616169452667236328125,"sizes":[]},"typography_letter_spacing_mobile":{"unit":"px","size":1.3000000000000000444089209850062616169452667236328125,"sizes":[]}},"elements":[],"isInner":false,"widgetType":"heading","elType":"widget"}],"isInner":true,"elType":"column"},{"id":"c7c934","settings":{"_column_size":50,"_inline_size":25,"_inline_size_tablet":40,"_inline_size_mobile":100,"content_position":"center","content_position_tablet":"center","content_position_mobile":"center"},"elements":[{"id":"4c072e04","settings":{"button_type":"success","text":"Tickets sold out","align":"right","align_tablet":"right","align_mobile":"center","size":"md","typography_typography":"custom","typography_font_family":"Lato","typography_font_size":{"unit":"px","size":14,"sizes":[]},"typography_font_size_tablet":{"unit":"px","size":14,"sizes":[]},"typography_font_size_mobile":{"unit":"px","size":14,"sizes":[]},"typography_font_weight":"700","typography_text_transform":"uppercase","typography_font_style":"normal","typography_text_decoration":"none","typography_line_height":{"unit":"em","size":1.600000000000000088817841970012523233890533447265625,"sizes":[]},"typography_line_height_tablet":{"unit":"em","size":1.600000000000000088817841970012523233890533447265625,"sizes":[]},"typography_line_height_mobile":{"unit":"em","size":1.600000000000000088817841970012523233890533447265625,"sizes":[]},"button_text_color":"rgba(126,126,126,0.7)","background_color":"#ffffff","hover_color":"rgba(126,126,126,0.7)","button_background_hover_color":"#f8f3ea","button_hover_border_color":"rgba(126,126,126,0.7)","border_border":"solid","border_width":{"unit":"px","top":"2","right":"2","bottom":"2","left":"2","isLinked":true},"border_width_tablet":{"unit":"px","top":"2","right":"2","bottom":"2","left":"2","isLinked":true},"border_width_mobile":{"unit":"px","top":"2","right":"2","bottom":"2","left":"2","isLinked":true},"border_color":"rgba(126,126,126,0.7)","border_radius":{"unit":"px","top":"0","right":"0","bottom":"0","left":"0","isLinked":false},"text_padding":{"unit":"px","top":"14","right":"38","bottom":"14","left":"38","isLinked":false},"text_padding_tablet":{"unit":"px","top":"14","right":"30","bottom":"14","left":"30","isLinked":false},"text_padding_mobile":{"unit":"px","top":"14","right":"38","bottom":"14","left":"38","isLinked":false},"link":{"url":"","is_external":"","nofollow":""}},"elements":[],"isInner":false,"widgetType":"button","elType":"widget"}],"isInner":true,"elType":"column"}],"isInner":true,"elType":"section"}],"isInner":false,"elType":"column"}],"isInner":false,"elType":"section"},{"id":"60fdd312","settings":{"gap":"extended","structure":"21","background_background":"classic","background_color":"#f8f3ea","padding":{"unit":"px","top":"0","right":"0","bottom":"0","left":"0","isLinked":true},"padding_tablet":{"unit":"px","top":"0","right":"45","bottom":"0","left":"45","isLinked":false},"padding_mobile":{"unit":"px","top":"0","right":"30","bottom":"0","left":"30","isLinked":false}},"elements":[{"id":"5d6ddaea","settings":{"_column_size":33,"_inline_size":11,"_inline_size_tablet":16,"_inline_size_mobile":100,"content_position":"center","content_position_tablet":"center","content_position_mobile":"center","space_between_widgets":2,"space_between_widgets_tablet":2,"space_between_widgets_mobile":2,"background_background":"classic","background_color":"#181b3f","margin":{"unit":"px","top":"0","right":"0","bottom":"2","left":"15","isLinked":false},"margin_tablet":{"unit":"px","top":"0","right":"0","bottom":"2","left":"0","isLinked":false},"margin_mobile":{"unit":"px","top":"0","right":"0","bottom":"0","left":"0","isLinked":true},"padding":{"unit":"px","top":"30","right":"30","bottom":"30","left":"30","isLinked":true},"padding_tablet":{"unit":"px","top":"30","right":"30","bottom":"30","left":"30","isLinked":true},"padding_mobile":{"unit":"px","top":"30","right":"30","bottom":"30","left":"30","isLinked":true}},"elements":[{"id":"6de6404b","settings":{"title":"11","header_size":"p","align":"center","align_tablet":"center","align_mobile":"center","title_color":"#ff5900","typography_typography":"custom","typography_font_family":"Oswald","typography_font_size":{"unit":"px","size":36,"sizes":[]},"typography_font_size_tablet":{"unit":"px","size":36,"sizes":[]},"typography_font_size_mobile":{"unit":"px","size":36,"sizes":[]},"typography_font_weight":"500","typography_text_transform":"uppercase","typography_font_style":"normal","typography_text_decoration":"none","typography_line_height":{"unit":"em","size":1,"sizes":[]},"typography_line_height_tablet":{"unit":"em","size":1,"sizes":[]},"typography_line_height_mobile":{"unit":"em","size":1,"sizes":[]}},"elements":[],"isInner":false,"widgetType":"heading","elType":"widget"},{"id":"4a57a7d9","settings":{"title":"Sep","header_size":"p","align":"center","align_tablet":"center","align_mobile":"center","title_color":"#ffffff","typography_typography":"custom","typography_font_family":"Lato","typography_font_size":{"unit":"px","size":16,"sizes":[]},"typography_font_size_tablet":{"unit":"px","size":16,"sizes":[]},"typography_font_size_mobile":{"unit":"px","size":16,"sizes":[]},"typography_font_weight":"400","typography_text_transform":"uppercase","typography_font_style":"normal","typography_text_decoration":"none","typography_line_height":{"unit":"em","size":1,"sizes":[]},"typography_line_height_tablet":{"unit":"em","size":1,"sizes":[]},"typography_line_height_mobile":{"unit":"em","size":1,"sizes":[]},"typography_letter_spacing":{"unit":"px","size":1,"sizes":[]},"typography_letter_spacing_tablet":{"unit":"px","size":1,"sizes":[]},"typography_letter_spacing_mobile":{"unit":"px","size":1,"sizes":[]}},"elements":[],"isInner":false,"widgetType":"heading","elType":"widget"}],"isInner":false,"elType":"column"},{"id":"74caf666","settings":{"_column_size":66,"_inline_size":88.9969999999999998863131622783839702606201171875,"_inline_size_tablet":84,"_inline_size_mobile":100,"background_background":"classic","background_color":"#ffffff","background_hover_background":"classic","background_hover_color":"#f2e9d9","margin":{"unit":"px","top":"0","right":"15","bottom":"2","left":"0","isLinked":false},"margin_tablet":{"unit":"px","top":"0","right":"0","bottom":"2","left":"0","isLinked":false},"margin_mobile":{"unit":"px","top":"0","right":"0","bottom":"2","left":"0","isLinked":false}},"elements":[{"id":"67f02f3","settings":{"gap":"extended","structure":"20"},"elements":[{"id":"2137a64a","settings":{"_column_size":50,"_inline_size":74.993999999999999772626324556767940521240234375,"_inline_size_tablet":60,"_inline_size_mobile":100,"content_position":"center","content_position_tablet":"center","content_position_mobile":"center","space_between_widgets":10,"space_between_widgets_tablet":10,"space_between_widgets_mobile":10},"elements":[{"id":"605cc516","settings":{"title":"S\u00e3o Paulo, Brazil","link":{"url":"#","is_external":"","nofollow":""},"header_size":"h4","align":"left","align_tablet":"left","align_mobile":"center","title_color":"#ff5900","typography_typography":"custom","typography_font_family":"Oswald","typography_font_size":{"unit":"px","size":24,"sizes":[]},"typography_font_size_tablet":{"unit":"px","size":24,"sizes":[]},"typography_font_size_mobile":{"unit":"px","size":24,"sizes":[]},"typography_font_weight":"500","typography_text_transform":"uppercase","typography_font_style":"normal","typography_text_decoration":"none","typography_line_height":{"unit":"em","size":1.399999999999999911182158029987476766109466552734375,"sizes":[]},"typography_line_height_tablet":{"unit":"em","size":1.399999999999999911182158029987476766109466552734375,"sizes":[]},"typography_line_height_mobile":{"unit":"em","size":1.399999999999999911182158029987476766109466552734375,"sizes":[]},"motion_fx_blur_effect":"yes"},"elements":[],"isInner":false,"widgetType":"heading","elType":"widget"},{"id":"29341ac8","settings":{"title":"Est\u00e1dio do Morumbi","header_size":"p","align":"left","align_tablet":"left","align_mobile":"center","title_color":"#161b3e","typography_typography":"custom","typography_font_family":"Lato","typography_font_size":{"unit":"px","size":12,"sizes":[]},"typography_font_size_tablet":{"unit":"px","size":12,"sizes":[]},"typography_font_size_mobile":{"unit":"px","size":12,"sizes":[]},"typography_font_weight":"700","typography_text_transform":"uppercase","typography_font_style":"normal","typography_text_decoration":"none","typography_line_height":{"unit":"em","size":1.399999999999999911182158029987476766109466552734375,"sizes":[]},"typography_line_height_tablet":{"unit":"em","size":1.399999999999999911182158029987476766109466552734375,"sizes":[]},"typography_line_height_mobile":{"unit":"em","size":1.399999999999999911182158029987476766109466552734375,"sizes":[]},"typography_letter_spacing":{"unit":"px","size":1.3000000000000000444089209850062616169452667236328125,"sizes":[]},"typography_letter_spacing_tablet":{"unit":"px","size":1.3000000000000000444089209850062616169452667236328125,"sizes":[]},"typography_letter_spacing_mobile":{"unit":"px","size":1.3000000000000000444089209850062616169452667236328125,"sizes":[]}},"elements":[],"isInner":false,"widgetType":"heading","elType":"widget"}],"isInner":true,"elType":"column"},{"id":"54fa6114","settings":{"_column_size":50,"_inline_size":25,"_inline_size_tablet":40,"_inline_size_mobile":100,"content_position":"center","content_position_tablet":"center","content_position_mobile":"center"},"elements":[{"id":"6805f462","settings":{"button_type":"success","text":"Buy tickets","align":"right","align_tablet":"right","align_mobile":"center","size":"md","typography_typography":"custom","typography_font_family":"Lato","typography_font_size":{"unit":"px","size":14,"sizes":[]},"typography_font_size_tablet":{"unit":"px","size":14,"sizes":[]},"typography_font_size_mobile":{"unit":"px","size":14,"sizes":[]},"typography_font_weight":"700","typography_text_transform":"uppercase","typography_font_style":"normal","typography_text_decoration":"none","typography_line_height":{"unit":"em","size":1.600000000000000088817841970012523233890533447265625,"sizes":[]},"typography_line_height_tablet":{"unit":"em","size":1.600000000000000088817841970012523233890533447265625,"sizes":[]},"typography_line_height_mobile":{"unit":"em","size":1.600000000000000088817841970012523233890533447265625,"sizes":[]},"button_text_color":"#161b3e","background_color":"#ffffff","hover_color":"#ffffff","button_background_hover_color":"#ff6d00","button_hover_border_color":"#ff6d00","border_border":"solid","border_width":{"unit":"px","top":"2","right":"2","bottom":"2","left":"2","isLinked":true},"border_width_tablet":{"unit":"px","top":"2","right":"2","bottom":"2","left":"2","isLinked":true},"border_width_mobile":{"unit":"px","top":"2","right":"2","bottom":"2","left":"2","isLinked":true},"border_color":"#ff6d00","border_radius":{"unit":"px","top":"0","right":"0","bottom":"0","left":"0","isLinked":false},"text_padding":{"unit":"px","top":"14","right":"38","bottom":"14","left":"38","isLinked":false},"text_padding_tablet":{"unit":"px","top":"14","right":"38","bottom":"14","left":"38","isLinked":false},"text_padding_mobile":{"unit":"px","top":"14","right":"38","bottom":"14","left":"38","isLinked":false}},"elements":[],"isInner":false,"widgetType":"button","elType":"widget"}],"isInner":true,"elType":"column"}],"isInner":true,"elType":"section"}],"isInner":false,"elType":"column"}],"isInner":false,"elType":"section"},{"id":"714eec5f","settings":{"gap":"extended","background_background":"classic","background_color":"#f8f3ea"},"elements":[{"id":"2c4cbecb","settings":{"_column_size":100,"_inline_size_tablet":100,"padding":{"unit":"px","top":"15","right":"15","bottom":"15","left":"15","isLinked":true},"padding_tablet":{"unit":"px","top":"15","right":"45","bottom":"15","left":"45","isLinked":false},"padding_mobile":{"unit":"px","top":"15","right":"30","bottom":"15","left":"30","isLinked":false}},"elements":[{"id":"6abc2ae6","settings":{"space":{"unit":"px","size":350,"sizes":[]},"space_tablet":{"unit":"px","size":360,"sizes":[]},"space_mobile":{"unit":"px","size":255,"sizes":[]}},"elements":[],"isInner":false,"widgetType":"spacer","elType":"widget"}],"isInner":false,"elType":"column"}],"isInner":false,"elType":"section"},{"id":"9cc6308","settings":{"gap":"extended","content_position":"top","background_background":"classic","background_color":"#ffffff","border_border":"solid","border_width":{"unit":"px","top":"0","right":"40","bottom":"0","left":"40","isLinked":false},"border_width_tablet":{"unit":"px","top":"0","right":"15","bottom":"0","left":"15","isLinked":false},"border_width_mobile":{"unit":"px","top":"0","right":"10","bottom":"0","left":"10","isLinked":false},"border_color":"#f8f3ea","border_radius":{"unit":"px","top":"0","right":"0","bottom":"0","left":"0","isLinked":false},"border_radius_tablet":{"unit":"px","top":"0","right":"0","bottom":"0","left":"0","isLinked":false},"border_radius_mobile":{"unit":"px","top":"0","right":"0","bottom":"0","left":"0","isLinked":false}},"elements":[{"id":"59044735","settings":{"_column_size":100,"_inline_size_tablet":100,"_inline_size_mobile":100,"space_between_widgets":10,"space_between_widgets_tablet":10,"space_between_widgets_mobile":10,"padding":{"unit":"px","top":"100","right":"250","bottom":"100","left":"250","isLinked":false},"padding_tablet":{"unit":"px","top":"80","right":"40","bottom":"80","left":"40","isLinked":false},"padding_mobile":{"unit":"px","top":"50","right":"30","bottom":"50","left":"30","isLinked":false},"background_background":"classic","background_color":"#161b3e","margin":{"unit":"px","top":"-180","right":"15","bottom":"0","left":"15","isLinked":false},"margin_tablet":{"unit":"px","top":"-160","right":"30","bottom":"0","left":"30","isLinked":false},"margin_mobile":{"unit":"px","top":"-165","right":"20","bottom":"0","left":"20","isLinked":false}},"elements":[{"id":"62763fe6","settings":{"editor":"<p><span style=\"color: #ff6d00;\">Subscribe<\/span> to Get Updates<\/p>","align":"center","align_tablet":"center","align_mobile":"center","text_color":"#ffffff","typography_typography":"custom","typography_font_family":"Oswald","typography_font_size":{"unit":"px","size":36,"sizes":[]},"typography_font_size_tablet":{"unit":"px","size":36,"sizes":[]},"typography_font_size_mobile":{"unit":"px","size":36,"sizes":[]},"typography_font_weight":"500","typography_text_transform":"uppercase","typography_font_style":"normal","typography_text_decoration":"none","typography_line_height":{"unit":"em","size":1.3000000000000000444089209850062616169452667236328125,"sizes":[]},"typography_line_height_tablet":{"unit":"em","size":1.3000000000000000444089209850062616169452667236328125,"sizes":[]},"typography_line_height_mobile":{"unit":"em","size":1.3000000000000000444089209850062616169452667236328125,"sizes":[]},"_margin":{"unit":"px","top":"0","right":"0","bottom":"-40","left":"0","isLinked":false},"_margin_tablet":{"unit":"px","top":"0","right":"0","bottom":"-40","left":"0","isLinked":false},"_margin_mobile":{"unit":"px","top":"0","right":"0","bottom":"-40","left":"0","isLinked":false}},"elements":[],"isInner":false,"widgetType":"text-editor","elType":"widget"},{"id":"2c94f728","settings":{"title":"Stay up to date!","header_size":"p","align":"center","align_tablet":"center","align_mobile":"center","title_color":"#ffffff","typography_typography":"custom","typography_font_family":"Lato","typography_font_size":{"unit":"px","size":14,"sizes":[]},"typography_font_size_tablet":{"unit":"px","size":14,"sizes":[]},"typography_font_size_mobile":{"unit":"px","size":14,"sizes":[]},"typography_font_weight":"700","typography_text_transform":"uppercase","typography_font_style":"normal","typography_text_decoration":"none","typography_line_height":{"unit":"em","size":1,"sizes":[]},"typography_line_height_tablet":{"unit":"em","size":1,"sizes":[]},"typography_line_height_mobile":{"unit":"em","size":1.5,"sizes":[]},"typography_letter_spacing":{"unit":"px","size":4,"sizes":[]},"typography_letter_spacing_tablet":{"unit":"px","size":4,"sizes":[]},"typography_letter_spacing_mobile":{"unit":"px","size":4,"sizes":[]}},"elements":[],"isInner":false,"widgetType":"heading","elType":"widget"},{"id":"739b71b1","settings":{"space":{"unit":"px","size":20,"sizes":[]},"space_tablet":{"unit":"px","size":20,"sizes":[]},"space_mobile":{"unit":"px","size":20,"sizes":[]}},"elements":[],"isInner":false,"widgetType":"spacer","elType":"widget"},{"id":"eb9e2a0","settings":{"form_name":"New Form","form_fields":[{"custom_id":"email","field_type":"email","required":"true","field_label":"Email","placeholder":"Enter your Email","width":"75","_id":"533a3fb","field_options":"","allow_multiple":"","select_size":"","inline_list":"","field_html":"","width_tablet":"75","width_mobile":"100","rows":4,"recaptcha_size":"normal","recaptcha_style":"light","recaptcha_badge":"bottomright","css_classes":"","field_value":"","file_sizes":"","file_types":"","allow_multiple_upload":"","max_files":"","acceptance_text":"","checked_by_default":"","field_min":"","field_max":"","min_date":"","max_date":"","use_native_date":"","use_native_time":""}],"input_size":"md","show_labels":"","button_text":"subscribe","button_size":"md","button_width":"25","button_width_tablet":"25","button_width_mobile":"100","button_align_tablet":"stretch","button_align_mobile":"stretch","email_content":"[all-fields]","email_content_2":"[all-fields]","success_message":"The form was sent successfully.","error_message":"An error occured.","required_field_message":"This field is required.","invalid_message":"There's something wrong. The form is invalid.","field_text_color":"#7e7e7e","field_typography_typography":"custom","field_typography_font_family":"Lato","field_typography_font_size":{"unit":"px","size":16,"sizes":[]},"field_typography_font_size_tablet":{"unit":"px","size":16,"sizes":[]},"field_typography_font_size_mobile":{"unit":"px","size":16,"sizes":[]},"field_typography_font_weight":"400","field_typography_text_transform":"none","field_typography_font_style":"normal","field_typography_text_decoration":"none","field_typography_line_height":{"unit":"em","size":2.600000000000000088817841970012523233890533447265625,"sizes":[]},"field_typography_line_height_tablet":{"unit":"em","size":2.600000000000000088817841970012523233890533447265625,"sizes":[]},"field_typography_line_height_mobile":{"unit":"em","size":2.600000000000000088817841970012523233890533447265625,"sizes":[]},"field_border_width":{"unit":"px","top":"0","right":"0","bottom":"0","left":"0","isLinked":true},"field_border_radius":{"unit":"px","top":"0","right":"0","bottom":"0","left":"0","isLinked":false},"button_background_color":"#161b3e","button_text_color":"#ffffff","button_typography_typography":"custom","button_typography_font_size":{"unit":"px","size":14,"sizes":[]},"button_typography_font_size_tablet":{"unit":"px","size":14,"sizes":[]},"button_typography_font_size_mobile":{"unit":"px","size":14,"sizes":[]},"button_typography_font_weight":"700","button_typography_text_transform":"uppercase","button_typography_font_style":"normal","button_typography_text_decoration":"none","button_typography_line_height":{"unit":"em","size":1.399999999999999911182158029987476766109466552734375,"sizes":[]},"button_typography_line_height_tablet":{"unit":"em","size":1.399999999999999911182158029987476766109466552734375,"sizes":[]},"button_typography_line_height_mobile":{"unit":"em","size":1.399999999999999911182158029987476766109466552734375,"sizes":[]},"button_border_border":"solid","button_border_width":{"unit":"px","top":"2","right":"2","bottom":"2","left":"2","isLinked":true},"button_border_width_tablet":{"unit":"px","top":"2","right":"2","bottom":"2","left":"2","isLinked":true},"button_border_width_mobile":{"unit":"px","top":"2","right":"2","bottom":"2","left":"2","isLinked":true},"button_border_color":"#ff6d00","button_border_radius":{"unit":"px","top":"0","right":"0","bottom":"0","left":"0","isLinked":false},"button_background_hover_color":"#ff6d00","button_hover_color":"#ffffff","button_hover_border_color":"#ff6d00"},"elements":[],"isInner":false,"widgetType":"form","elType":"widget"}],"isInner":false,"elType":"column"}],"isInner":false,"elType":"section"},{"id":"1d7ccc90","settings":{"gap":"extended","content_position":"top","background_background":"classic","background_color":"#ffffff","border_border":"solid","border_width":{"unit":"px","top":"0","right":"40","bottom":"40","left":"40","isLinked":false},"border_width_tablet":{"unit":"px","top":"0","right":"15","bottom":"15","left":"15","isLinked":false},"border_width_mobile":{"unit":"px","top":"0","right":"10","bottom":"10","left":"10","isLinked":false},"border_color":"#f8f3ea","border_radius":{"unit":"px","top":"0","right":"0","bottom":"0","left":"0","isLinked":false},"border_radius_tablet":{"unit":"px","top":"0","right":"0","bottom":"0","left":"0","isLinked":false},"border_radius_mobile":{"unit":"px","top":"0","right":"0","bottom":"0","left":"0","isLinked":false}},"elements":[{"id":"4eff27d0","settings":{"_column_size":100,"_inline_size_tablet":100,"_inline_size_mobile":100,"space_between_widgets":10,"space_between_widgets_tablet":10,"space_between_widgets_mobile":10,"padding":{"unit":"px","top":"15","right":"15","bottom":"15","left":"15","isLinked":true},"padding_tablet":{"unit":"px","top":"15","right":"30","bottom":"15","left":"30","isLinked":false},"padding_mobile":{"unit":"px","top":"15","right":"20","bottom":"15","left":"20","isLinked":false}},"elements":[{"id":"590da2bd","settings":{"space":{"unit":"px","size":175,"sizes":[]},"space_tablet":{"unit":"px","size":175,"sizes":[]},"space_mobile":{"unit":"px","size":95,"sizes":[]}},"elements":[],"isInner":false,"widgetType":"spacer","elType":"widget"},{"id":"19cdc5e2","settings":{"image":{"id":"5484","url":"https:\/\/www.cssigniter.com\/elementor\/wp-content\/uploads\/2020\/01\/footer-logo-rjones.png"},"image_size":"full","align":"center","align_tablet":"center"},"elements":[],"isInner":false,"widgetType":"image","elType":"widget"},{"id":"29509eb5","settings":{"space":{"unit":"px","size":10,"sizes":[]},"space_tablet":{"unit":"px","size":10,"sizes":[]},"space_mobile":{"unit":"px","size":10,"sizes":[]}},"elements":[],"isInner":false,"widgetType":"spacer","elType":"widget"},{"id":"79afaab1","settings":{"title":"jones@cssigniter.com","header_size":"p","align":"center","align_tablet":"center","align_mobile":"center","title_color":"#161b3e","typography_typography":"custom","typography_font_family":"Lato","typography_font_size":{"unit":"px","size":16,"sizes":[]},"typography_font_size_tablet":{"unit":"px","size":16,"sizes":[]},"typography_font_size_mobile":{"unit":"px","size":16,"sizes":[]},"typography_font_weight":"400","typography_text_transform":"none","typography_text_decoration":"none","typography_line_height":{"unit":"em","size":1,"sizes":[]},"typography_line_height_tablet":{"unit":"em","size":1,"sizes":[]},"typography_line_height_mobile":{"unit":"em","size":1,"sizes":[]}},"elements":[],"isInner":false,"widgetType":"heading","elType":"widget"},{"id":"61eeae3e","settings":{"title":"2019 \u00a9 Robert, All rights reserved.","header_size":"p","align":"center","align_tablet":"center","align_mobile":"center","title_color":"#161b3e","typography_typography":"custom","typography_font_family":"Lato","typography_font_size":{"unit":"px","size":16,"sizes":[]},"typography_font_size_tablet":{"unit":"px","size":16,"sizes":[]},"typography_font_size_mobile":{"unit":"px","size":16,"sizes":[]},"typography_font_weight":"400","typography_text_transform":"none","typography_text_decoration":"none","typography_line_height":{"unit":"em","size":1,"sizes":[]},"typography_line_height_tablet":{"unit":"em","size":1,"sizes":[]},"typography_line_height_mobile":{"unit":"em","size":1,"sizes":[]}},"elements":[],"isInner":false,"widgetType":"heading","elType":"widget"},{"id":"9a4eea8","settings":{"space":{"unit":"px","size":10,"sizes":[]},"space_tablet":{"unit":"px","size":10,"sizes":[]},"space_mobile":{"unit":"px","size":10,"sizes":[]}},"elements":[],"isInner":false,"widgetType":"spacer","elType":"widget"},{"id":"36e7b156","settings":{"social_icon_list":[{"social_icon":{"value":"fab fa-facebook-f","library":"fa-brands"},"_id":"36495f7","link":{"url":"#","is_external":"true","nofollow":""},"item_icon_color":"default","item_icon_primary_color":"","item_icon_secondary_color":""},{"social_icon":{"value":"fab fa-twitter","library":"fa-brands"},"_id":"cd63829","link":{"url":"#","is_external":"true","nofollow":""},"item_icon_color":"default","item_icon_primary_color":"","item_icon_secondary_color":""},{"social_icon":{"value":"fab fa-spotify","library":"fa-brands"},"_id":"2ccc5ba","link":{"url":"#","is_external":"true","nofollow":""},"item_icon_color":"default","item_icon_primary_color":"","item_icon_secondary_color":""},{"social_icon":{"value":"fab fa-youtube","library":"fa-brands"},"_id":"d63cc4f","link":{"url":"#","is_external":"true","nofollow":""},"item_icon_color":"default","item_icon_primary_color":"","item_icon_secondary_color":""},{"social_icon":{"value":"fab fa-soundcloud","library":"fa-brands"},"_id":"0d8db8b","link":{"url":"#","is_external":"true","nofollow":""},"item_icon_color":"default","item_icon_primary_color":"","item_icon_secondary_color":""},{"social_icon":{"value":"fab fa-instagram","library":"fa-brands"},"_id":"21ebc19","link":{"url":"#","is_external":"true","nofollow":""},"item_icon_color":"default","item_icon_primary_color":"","item_icon_secondary_color":""}],"shape":"circle","align_tablet":"center","align_mobile":"center","icon_color":"custom","icon_primary_color":"#ffffff","icon_secondary_color":"#161b3e","icon_size":{"unit":"px","size":20,"sizes":[]},"icon_size_tablet":{"unit":"px","size":20,"sizes":[]},"icon_size_mobile":{"unit":"px","size":16,"sizes":[]},"icon_padding":{"unit":"em","size":0.6999999999999999555910790149937383830547332763671875,"sizes":[]},"icon_padding_tablet":{"unit":"em","size":0.6999999999999999555910790149937383830547332763671875,"sizes":[]},"icon_padding_mobile":{"unit":"em","size":0.5,"sizes":[]},"icon_spacing":{"unit":"px","size":10,"sizes":[]},"icon_spacing_tablet":{"unit":"px","size":10,"sizes":[]},"icon_spacing_mobile":{"unit":"px","size":10,"sizes":[]},"image_border_border":"solid","image_border_width":{"unit":"px","top":"2","right":"2","bottom":"2","left":"2","isLinked":true},"image_border_width_tablet":{"unit":"px","top":"2","right":"2","bottom":"2","left":"2","isLinked":true},"image_border_width_mobile":{"unit":"px","top":"2","right":"2","bottom":"2","left":"2","isLinked":true},"image_border_color":"#ff6d00","hover_primary_color":"#ff6d00","hover_secondary_color":"#ffffff","hover_border_color":"#ff6d00"},"elements":[],"isInner":false,"widgetType":"social-icons","elType":"widget"},{"id":"701271be","settings":{"space":{"unit":"px","size":175,"sizes":[]},"space_tablet":{"unit":"px","size":175,"sizes":[]},"space_mobile":{"unit":"px","size":95,"sizes":[]}},"elements":[],"isInner":false,"widgetType":"spacer","elType":"widget"}],"isInner":false,"elType":"column"}],"isInner":false,"elType":"section"}]}