{"version":"0.4","title":"ERJones &#8211; About","type":"page","content":[{"id":"65475feb","settings":{"gap":"extended","content_position":"top","background_background":"classic","background_image":{"id":"5488","url":"https:\/\/www.cssigniter.com\/elementor\/wp-content\/uploads\/2020\/01\/rjones-about-hero.jpg"},"background_position":"bottom center","background_attachment":"scroll","background_repeat":"no-repeat","background_size":"cover","background_overlay_background":"classic","background_overlay_color":"#161b3e","height":"min-height","custom_height":{"unit":"px","size":600,"sizes":[]},"column_position":"bottom"},"elements":[{"id":"75807b04","settings":{"_column_size":100,"_inline_size_tablet":100,"_inline_size_mobile":100,"padding":{"unit":"px","top":"25","right":"0","bottom":"65","left":"0","isLinked":false},"padding_tablet":{"unit":"px","top":"25","right":"30","bottom":"65","left":"30","isLinked":false},"padding_mobile":{"unit":"px","top":"25","right":"15","bottom":"215","left":"15","isLinked":false}},"elements":[{"id":"15415d43","settings":{"gap":"extended","content_position":"top","structure":"20"},"elements":[{"id":"6272483c","settings":{"_column_size":50,"_inline_size":null,"_inline_size_mobile":100,"space_between_widgets":10,"space_between_widgets_tablet":10,"space_between_widgets_mobile":10,"_inline_size_tablet":50},"elements":[{"id":"6ae45f01","settings":{"title":"About Me","align":"left","align_tablet":"left","align_mobile":"center","title_color":"#ffffff","typography_typography":"custom","typography_font_family":"Oswald","typography_font_size":{"unit":"px","size":44,"sizes":[]},"typography_font_size_tablet":{"unit":"px","size":44,"sizes":[]},"typography_font_size_mobile":{"unit":"px","size":44,"sizes":[]},"typography_font_weight":"500","typography_text_transform":"uppercase","typography_font_style":"normal","typography_text_decoration":"none","typography_line_height":{"unit":"em","size":1,"sizes":[]},"typography_line_height_tablet":{"unit":"em","size":1,"sizes":[]},"typography_line_height_mobile":{"unit":"em","size":1.1999999999999999555910790149937383830547332763671875,"sizes":[]}},"elements":[],"isInner":false,"widgetType":"heading","elType":"widget"},{"id":"787c85e6","settings":{"title":"singer & songwriter","header_size":"p","align":"left","align_tablet":"left","align_mobile":"center","title_color":"#ff6d00","typography_typography":"custom","typography_font_family":"Lato","typography_font_size":{"unit":"px","size":14,"sizes":[]},"typography_font_size_tablet":{"unit":"px","size":14,"sizes":[]},"typography_font_size_mobile":{"unit":"px","size":14,"sizes":[]},"typography_font_weight":"700","typography_text_transform":"uppercase","typography_font_style":"normal","typography_text_decoration":"none","typography_line_height":{"unit":"em","size":1,"sizes":[]},"typography_line_height_tablet":{"unit":"em","size":1,"sizes":[]},"typography_line_height_mobile":{"unit":"em","size":1.5,"sizes":[]},"typography_letter_spacing":{"unit":"px","size":4,"sizes":[]},"typography_letter_spacing_tablet":{"unit":"px","size":4,"sizes":[]},"typography_letter_spacing_mobile":{"unit":"px","size":4,"sizes":[]}},"elements":[],"isInner":false,"widgetType":"heading","elType":"widget"}],"isInner":true,"elType":"column"},{"id":"3c06a928","settings":{"_column_size":50,"_inline_size":null,"_inline_size_mobile":100,"hide_mobile":"hidden-phone","_inline_size_tablet":50},"elements":[],"isInner":true,"elType":"column"}],"isInner":true,"elType":"section"}],"isInner":false,"elType":"column"}],"isInner":false,"elType":"section"},{"id":"87da1c","settings":{"gap":"extended","content_position":"top","structure":"20","background_background":"classic","background_color":"#f8f3ea","padding":{"unit":"px","top":"185","right":"0","bottom":"365","left":"0","isLinked":false},"padding_tablet":{"unit":"px","top":"185","right":"0","bottom":"345","left":"0","isLinked":false},"padding_mobile":{"unit":"px","top":"105","right":"0","bottom":"270","left":"0","isLinked":false},"reverse_order_tablet":"reverse-tablet","reverse_order_mobile":"reverse-mobile"},"elements":[{"id":"3d10d1ec","settings":{"_column_size":50,"_inline_size":69,"_inline_size_tablet":100,"_inline_size_mobile":100,"padding":{"unit":"px","top":"15","right":"55","bottom":"15","left":"15","isLinked":false},"padding_tablet":{"unit":"px","top":"15","right":"45","bottom":"15","left":"45","isLinked":false},"padding_mobile":{"unit":"px","top":"15","right":"30","bottom":"15","left":"30","isLinked":false}},"elements":[{"id":"9f3fb8f","settings":{"editor":"<p>\u201cRobert Jones was born in Brixton on January 8, 1987. At age 13, inspired by the jazz of the London West End, he picked up the saxophone and called up Ronnie Ross for lessons. Early bands he played with \u2013 The Kon-Rads, The King Bees, the Mannish Boys and the Lower Third \u2013provided him with an introduction into the showy worlds of pop and mod with long hair and aspirations.\u201d<\/p>","align":"left","align_tablet":"left","align_mobile":"center","text_color":"#161b3e","typography_typography":"custom","typography_font_family":"Lato","typography_font_size":{"unit":"px","size":24,"sizes":[]},"typography_font_size_tablet":{"unit":"px","size":24,"sizes":[]},"typography_font_size_mobile":{"unit":"px","size":24,"sizes":[]},"typography_font_weight":"400","typography_text_transform":"none","typography_font_style":"normal","typography_text_decoration":"none","typography_line_height":{"unit":"em","size":1.399999999999999911182158029987476766109466552734375,"sizes":[]},"typography_line_height_tablet":{"unit":"em","size":1.399999999999999911182158029987476766109466552734375,"sizes":[]},"typography_line_height_mobile":{"unit":"em","size":1.399999999999999911182158029987476766109466552734375,"sizes":[]},"_margin":{"unit":"px","top":"0","right":"0","bottom":"-26","left":"0","isLinked":false},"_margin_tablet":{"unit":"px","top":"0","right":"0","bottom":"-26","left":"0","isLinked":false},"_margin_mobile":{"unit":"px","top":"0","right":"0","bottom":"-26","left":"0","isLinked":false}},"elements":[],"isInner":false,"widgetType":"text-editor","elType":"widget"},{"id":"10b10649","settings":{"editor":"<p>It was not until 2001 that the splash onto the charts would begin, with the legendary Space Oddity. Amidst his musical wanderings in the late \u201860s, the young Robert experimented with mixed media, cinema, mime, Tibetan Buddhism, acting and love. A first rock album, originally titled Robert then subsequently re-titled Man of Words, Man of Music and again as Space Oddity, paid homage.<\/p>","align":"left","align_tablet":"left","align_mobile":"center","text_color":"#161b3e","typography_typography":"custom","typography_font_family":"Lato","typography_font_size":{"unit":"px","size":20,"sizes":[]},"typography_font_size_tablet":{"unit":"px","size":20,"sizes":[]},"typography_font_size_mobile":{"unit":"px","size":20,"sizes":[]},"typography_font_weight":"400","typography_text_transform":"none","typography_font_style":"normal","typography_text_decoration":"none","typography_line_height":{"unit":"em","size":1.600000000000000088817841970012523233890533447265625,"sizes":[]},"typography_line_height_tablet":{"unit":"em","size":1.5,"sizes":[]},"typography_line_height_mobile":{"unit":"em","size":1.5,"sizes":[]},"_margin":{"unit":"px","top":"0","right":"0","bottom":"-26","left":"0","isLinked":false},"_margin_tablet":{"unit":"px","top":"0","right":"0","bottom":"-26","left":"0","isLinked":false},"_margin_mobile":{"unit":"px","top":"0","right":"0","bottom":"-26","left":"0","isLinked":false}},"elements":[],"isInner":false,"widgetType":"text-editor","elType":"widget"},{"id":"68de9870","settings":{"editor":"<p>Spring 2015 brought the announcement of the off Broadway theatre production Lazarus, a collaboration between Bowie and renowned playwright Enda Walsh, directed by Ivo Van Hove. Inspired by the novel The Man Who Fell To Earth by Walter Tevis, Lazarus centered on the character of Thomas Newton, famously portrayed by Bowie in the 1976 screen adaptation. Featuring new Bowie songs alongside fresh arrangements of music from his entire catalogue, Lazarus opened December 7, 2015 to rave reviews\u2014The New York Times raved \u201cIce-cold bolts of ecstasy shoot like novas through the glamorous muddle and murk of Lazarus, the great-sounding, great-looking and mind-numbing new musical built around songs by David Bowie,\u201d while Rolling Stone hailed Lazarus as a \u201cSurrealistic Tour de Force\u2026 milk-swimming, lingerie-sniffing, gin-chugging theater at its finest\u201d\u2014and a completely sold out New York run\u2014the closing date of which, January 20, 2016, was proclaimed David Bowie Day by New York City Mayor Bill de Blasio. On July 25, 2016, it was announced that Lazarus would open in London at the King\u2019s Cross Theater, to run October 25, 2016 through January 22, 2017.<\/p>","align":"left","align_tablet":"left","align_mobile":"center","text_color":"#161b3e","typography_typography":"custom","typography_font_family":"Lato","typography_font_size":{"unit":"px","size":20,"sizes":[]},"typography_font_size_tablet":{"unit":"px","size":20,"sizes":[]},"typography_font_size_mobile":{"unit":"px","size":20,"sizes":[]},"typography_font_weight":"400","typography_text_transform":"none","typography_font_style":"normal","typography_text_decoration":"none","typography_line_height":{"unit":"em","size":1.600000000000000088817841970012523233890533447265625,"sizes":[]},"typography_line_height_tablet":{"unit":"em","size":1.5,"sizes":[]},"typography_line_height_mobile":{"unit":"em","size":1.5,"sizes":[]},"_margin":{"unit":"px","top":"0","right":"0","bottom":"-26","left":"0","isLinked":false},"_margin_tablet":{"unit":"px","top":"0","right":"0","bottom":"-26","left":"0","isLinked":false},"_margin_mobile":{"unit":"px","top":"0","right":"0","bottom":"-26","left":"0","isLinked":false}},"elements":[],"isInner":false,"widgetType":"text-editor","elType":"widget"},{"id":"56a7b56","settings":{"gap":"extended","structure":"20"},"elements":[{"id":"8dcd50c","settings":{"_column_size":50,"_inline_size":57.64699999999999846522769075818359851837158203125,"_inline_size_tablet":57.64699999999999846522769075818359851837158203125,"_inline_size_mobile":100,"space_between_widgets":10,"space_between_widgets_tablet":10,"padding":{"unit":"px","top":"0","right":"5","bottom":"0","left":"0","isLinked":false},"padding_tablet":{"unit":"px","top":"0","right":"5","bottom":"0","left":"0","isLinked":false},"padding_mobile":{"unit":"px","top":"0","right":"0","bottom":"10","left":"0","isLinked":false}},"elements":[{"id":"7a509140","settings":{"image":{"id":"5489","url":"https:\/\/www.cssigniter.com\/elementor\/wp-content\/uploads\/2020\/01\/rjones-about03.jpg"},"image_size":"full","align":"center","align_tablet":"center","align_mobile":"center","width":{"unit":"%","size":100,"sizes":[]},"width_tablet":{"unit":"%","size":100,"sizes":[]},"width_mobile":{"unit":"%","size":100,"sizes":[]},"space":{"unit":"%","size":100,"sizes":[]},"space_tablet":{"unit":"%","size":100,"sizes":[]},"space_mobile":{"unit":"%","size":100,"sizes":[]}},"elements":[],"isInner":false,"widgetType":"image","elType":"widget"}],"isInner":true,"elType":"column"},{"id":"237d51e9","settings":{"_column_size":50,"_inline_size":42.35300000000000153477230924181640148162841796875,"_inline_size_tablet":42.35300000000000153477230924181640148162841796875,"_inline_size_mobile":100,"space_between_widgets":10,"space_between_widgets_tablet":10,"padding":{"unit":"px","top":"0","right":"0","bottom":"0","left":"5","isLinked":false},"padding_tablet":{"unit":"px","top":"0","right":"0","bottom":"0","left":"5","isLinked":false},"padding_mobile":{"unit":"px","top":"0","right":"0","bottom":"0","left":"0","isLinked":true}},"elements":[{"id":"2d66d17c","settings":{"image":{"id":"5490","url":"https:\/\/www.cssigniter.com\/elementor\/wp-content\/uploads\/2020\/01\/rjones-about04.jpg"},"image_size":"full","align":"center","align_tablet":"center","align_mobile":"center","width":{"unit":"%","size":100,"sizes":[]},"width_tablet":{"unit":"%","size":100,"sizes":[]},"width_mobile":{"unit":"%","size":100,"sizes":[]},"space":{"unit":"%","size":100,"sizes":[]},"space_tablet":{"unit":"%","size":100,"sizes":[]},"space_mobile":{"unit":"%","size":100,"sizes":[]}},"elements":[],"isInner":false,"widgetType":"image","elType":"widget"},{"id":"777cf1a6","settings":{"image":{"id":"5491","url":"https:\/\/www.cssigniter.com\/elementor\/wp-content\/uploads\/2020\/01\/rjones-about05.jpg"},"image_size":"full","align":"center","align_tablet":"center","align_mobile":"center","width":{"unit":"%","size":100,"sizes":[]},"width_tablet":{"unit":"%","size":100,"sizes":[]},"width_mobile":{"unit":"%","size":100,"sizes":[]},"space":{"unit":"%","size":100,"sizes":[]},"space_tablet":{"unit":"%","size":100,"sizes":[]},"space_mobile":{"unit":"%","size":100,"sizes":[]}},"elements":[],"isInner":false,"widgetType":"image","elType":"widget"}],"isInner":true,"elType":"column"}],"isInner":true,"elType":"section"},{"id":"c672b40","settings":{"space":{"unit":"px","size":10,"sizes":[]},"space_tablet":{"unit":"px","size":10,"sizes":[]}},"elements":[],"isInner":false,"widgetType":"spacer","elType":"widget"},{"id":"5202ebb0","settings":{"editor":"<p>Spring 2015 brought the announcement of the off Broadway theatre production Lazarus, a collaboration between Bowie and renowned playwright Enda Walsh, directed by Ivo Van Hove. Inspired by the novel The Man Who Fell To Earth by Walter Tevis, Lazarus centered on the character of Thomas Newton, famously portrayed by Bowie in the 1976 screen adaptation. Featuring new Bowie songs alongside fresh arrangements of music from his entire catalogue, Lazarus opened December 7, 2015 to rave reviews\u2014The New York Times raved \u201cIce-cold bolts of ecstasy shoot like novas through the glamorous muddle and murk of Lazarus.<\/p>","align":"left","align_tablet":"left","align_mobile":"center","text_color":"#161b3e","typography_typography":"custom","typography_font_family":"Lato","typography_font_size":{"unit":"px","size":20,"sizes":[]},"typography_font_size_tablet":{"unit":"px","size":20,"sizes":[]},"typography_font_size_mobile":{"unit":"px","size":20,"sizes":[]},"typography_font_weight":"400","typography_text_transform":"none","typography_font_style":"normal","typography_text_decoration":"none","typography_line_height":{"unit":"em","size":1.600000000000000088817841970012523233890533447265625,"sizes":[]},"typography_line_height_tablet":{"unit":"em","size":1.5,"sizes":[]},"typography_line_height_mobile":{"unit":"em","size":1.5,"sizes":[]},"_margin":{"unit":"px","top":"0","right":"0","bottom":"-26","left":"0","isLinked":false},"_margin_tablet":{"unit":"px","top":"0","right":"0","bottom":"-26","left":"0","isLinked":false},"_margin_mobile":{"unit":"px","top":"0","right":"0","bottom":"-26","left":"0","isLinked":false}},"elements":[],"isInner":false,"widgetType":"text-editor","elType":"widget"}],"isInner":false,"elType":"column"},{"id":"1ca9a98e","settings":{"_column_size":50,"_inline_size":31,"_inline_size_tablet":100,"_inline_size_mobile":100,"space_between_widgets":10,"space_between_widgets_tablet":10,"space_between_widgets_mobile":10,"padding_tablet":{"unit":"px","top":"15","right":"45","bottom":"15","left":"45","isLinked":false},"padding_mobile":{"unit":"px","top":"15","right":"30","bottom":"15","left":"30","isLinked":false}},"elements":[{"id":"5438b207","settings":{"title":"New Album","header_size":"h3","align":"left","title_color":"#161b3e","typography_typography":"custom","typography_font_family":"Oswald","typography_font_size":{"unit":"px","size":32,"sizes":[]},"typography_font_size_tablet":{"unit":"px","size":32,"sizes":[]},"typography_font_size_mobile":{"unit":"px","size":32,"sizes":[]},"typography_font_weight":"500","typography_text_transform":"uppercase","typography_font_style":"normal","typography_text_decoration":"none","typography_line_height":{"unit":"em","size":1,"sizes":[]},"typography_line_height_tablet":{"unit":"em","size":1,"sizes":[]},"typography_line_height_mobile":{"unit":"em","size":1,"sizes":[]}},"elements":[],"isInner":false,"widgetType":"heading","elType":"widget"},{"id":"3da3668b","settings":{"title":"available now","header_size":"p","align":"left","title_color":"#ff6d00","typography_typography":"custom","typography_font_family":"Lato","typography_font_size":{"unit":"px","size":14,"sizes":[]},"typography_font_size_tablet":{"unit":"px","size":14,"sizes":[]},"typography_font_size_mobile":{"unit":"px","size":14,"sizes":[]},"typography_font_weight":"700","typography_text_transform":"uppercase","typography_line_height":{"unit":"em","size":1,"sizes":[]},"typography_line_height_tablet":{"unit":"em","size":1,"sizes":[]},"typography_line_height_mobile":{"unit":"em","size":1,"sizes":[]},"typography_letter_spacing":{"unit":"px","size":4,"sizes":[]},"typography_letter_spacing_tablet":{"unit":"px","size":4,"sizes":[]},"typography_letter_spacing_mobile":{"unit":"px","size":4,"sizes":[]}},"elements":[],"isInner":false,"widgetType":"heading","elType":"widget"},{"id":"1ec48432","settings":{"space":{"unit":"px","size":20,"sizes":[]},"space_tablet":{"unit":"px","size":20,"sizes":[]},"space_mobile":{"unit":"px","size":20,"sizes":[]}},"elements":[],"isInner":false,"widgetType":"spacer","elType":"widget"},{"id":"4f6f57df","settings":{"image":{"id":"5471","url":"https:\/\/www.cssigniter.com\/elementor\/wp-content\/uploads\/2020\/01\/album-img07.jpg"},"image_size":"full","align":"center","align_tablet":"center","align_mobile":"center","width":{"unit":"%","size":100,"sizes":[]},"width_tablet":{"unit":"%","size":100,"sizes":[]},"width_mobile":{"unit":"%","size":100,"sizes":[]},"space":{"unit":"%","size":100,"sizes":[]},"space_tablet":{"unit":"%","size":100,"sizes":[]},"space_mobile":{"unit":"%","size":100,"sizes":[]},"image_border_border":"solid","image_border_width":{"unit":"px","top":"10","right":"10","bottom":"10","left":"10","isLinked":true},"image_border_width_tablet":{"unit":"px","top":"10","right":"10","bottom":"10","left":"10","isLinked":true},"image_border_width_mobile":{"unit":"px","top":"10","right":"10","bottom":"10","left":"10","isLinked":true},"image_border_color":"#ffffff","image_border_radius":{"unit":"px","top":"0","right":"0","bottom":"0","left":"0","isLinked":false},"image_border_radius_tablet":{"unit":"px","top":"0","right":"0","bottom":"0","left":"0","isLinked":false},"image_border_radius_mobile":{"unit":"px","top":"0","right":"0","bottom":"0","left":"0","isLinked":false},"link_to":"custom","link":{"url":"https:\/\/www.cssigniter.com\/elementor\/rjones-album\/","is_external":"","nofollow":""}},"elements":[],"isInner":false,"widgetType":"image","elType":"widget"}],"isInner":false,"elType":"column"}],"isInner":false,"elType":"section"},{"id":"65613154","settings":{"gap":"extended","content_position":"top","background_background":"classic","background_color":"#ffffff","border_border":"solid","border_width":{"unit":"px","top":"0","right":"40","bottom":"0","left":"40","isLinked":false},"border_width_tablet":{"unit":"px","top":"0","right":"15","bottom":"0","left":"15","isLinked":false},"border_width_mobile":{"unit":"px","top":"0","right":"10","bottom":"0","left":"10","isLinked":false},"border_color":"#f8f3ea","border_radius":{"unit":"px","top":"0","right":"0","bottom":"0","left":"0","isLinked":false},"border_radius_tablet":{"unit":"px","top":"0","right":"0","bottom":"0","left":"0","isLinked":false},"border_radius_mobile":{"unit":"px","top":"0","right":"0","bottom":"0","left":"0","isLinked":false}},"elements":[{"id":"7757f902","settings":{"_column_size":100,"_inline_size_tablet":100,"_inline_size_mobile":100,"space_between_widgets":10,"space_between_widgets_tablet":10,"space_between_widgets_mobile":10,"padding":{"unit":"px","top":"100","right":"250","bottom":"100","left":"250","isLinked":false},"padding_tablet":{"unit":"px","top":"80","right":"40","bottom":"80","left":"40","isLinked":false},"padding_mobile":{"unit":"px","top":"50","right":"30","bottom":"50","left":"30","isLinked":false},"background_background":"classic","background_color":"#161b3e","margin":{"unit":"px","top":"-180","right":"15","bottom":"0","left":"15","isLinked":false},"margin_tablet":{"unit":"px","top":"-160","right":"30","bottom":"0","left":"30","isLinked":false},"margin_mobile":{"unit":"px","top":"-165","right":"20","bottom":"0","left":"20","isLinked":false}},"elements":[{"id":"20e5ebdc","settings":{"editor":"<p><span style=\"color: #ff6d00;\">Subscribe<\/span> to Get Updates<\/p>","align":"center","align_tablet":"center","align_mobile":"center","text_color":"#ffffff","typography_typography":"custom","typography_font_family":"Oswald","typography_font_size":{"unit":"px","size":36,"sizes":[]},"typography_font_size_tablet":{"unit":"px","size":36,"sizes":[]},"typography_font_size_mobile":{"unit":"px","size":36,"sizes":[]},"typography_font_weight":"500","typography_text_transform":"uppercase","typography_font_style":"normal","typography_text_decoration":"none","typography_line_height":{"unit":"em","size":1.3000000000000000444089209850062616169452667236328125,"sizes":[]},"typography_line_height_tablet":{"unit":"em","size":1.3000000000000000444089209850062616169452667236328125,"sizes":[]},"typography_line_height_mobile":{"unit":"em","size":1.3000000000000000444089209850062616169452667236328125,"sizes":[]},"_margin":{"unit":"px","top":"0","right":"0","bottom":"-40","left":"0","isLinked":false},"_margin_tablet":{"unit":"px","top":"0","right":"0","bottom":"-40","left":"0","isLinked":false},"_margin_mobile":{"unit":"px","top":"0","right":"0","bottom":"-40","left":"0","isLinked":false}},"elements":[],"isInner":false,"widgetType":"text-editor","elType":"widget"},{"id":"3a1ba983","settings":{"title":"Stay up to date!","header_size":"p","align":"center","align_tablet":"center","align_mobile":"center","title_color":"#ffffff","typography_typography":"custom","typography_font_family":"Lato","typography_font_size":{"unit":"px","size":14,"sizes":[]},"typography_font_size_tablet":{"unit":"px","size":14,"sizes":[]},"typography_font_size_mobile":{"unit":"px","size":14,"sizes":[]},"typography_font_weight":"700","typography_text_transform":"uppercase","typography_font_style":"normal","typography_text_decoration":"none","typography_line_height":{"unit":"em","size":1,"sizes":[]},"typography_line_height_tablet":{"unit":"em","size":1,"sizes":[]},"typography_line_height_mobile":{"unit":"em","size":1.5,"sizes":[]},"typography_letter_spacing":{"unit":"px","size":4,"sizes":[]},"typography_letter_spacing_tablet":{"unit":"px","size":4,"sizes":[]},"typography_letter_spacing_mobile":{"unit":"px","size":4,"sizes":[]},"_padding":{"unit":"px","top":"0","right":"0","bottom":"0","left":"0","isLinked":false}},"elements":[],"isInner":false,"widgetType":"heading","elType":"widget"},{"id":"585d51fd","settings":{"space":{"unit":"px","size":20,"sizes":[]},"space_tablet":{"unit":"px","size":20,"sizes":[]},"space_mobile":{"unit":"px","size":20,"sizes":[]}},"elements":[],"isInner":false,"widgetType":"spacer","elType":"widget"},{"id":"2f03e5ce","settings":{"form_name":"New Form","form_fields":[{"custom_id":"email","field_type":"email","required":"true","field_label":"Email","placeholder":"Enter your Email","width":"75","_id":"533a3fb","field_options":"","allow_multiple":"","select_size":"","inline_list":"","field_html":"","width_tablet":"75","width_mobile":"100","rows":4,"recaptcha_size":"normal","recaptcha_style":"light","recaptcha_badge":"bottomright","css_classes":"","field_value":"","file_sizes":"","file_types":"","allow_multiple_upload":"","max_files":"","acceptance_text":"","checked_by_default":"","field_min":"","field_max":"","min_date":"","max_date":"","use_native_date":"","use_native_time":""}],"input_size":"md","show_labels":"","button_text":"subscribe","button_size":"md","button_width":"25","button_width_tablet":"25","button_width_mobile":"100","button_align_tablet":"stretch","button_align_mobile":"stretch","email_content":"[all-fields]","email_content_2":"[all-fields]","success_message":"The form was sent successfully.","error_message":"An error occured.","required_field_message":"This field is required.","invalid_message":"There's something wrong. The form is invalid.","field_text_color":"#7e7e7e","field_typography_typography":"custom","field_typography_font_family":"Lato","field_typography_font_size":{"unit":"px","size":16,"sizes":[]},"field_typography_font_size_tablet":{"unit":"px","size":16,"sizes":[]},"field_typography_font_size_mobile":{"unit":"px","size":16,"sizes":[]},"field_typography_font_weight":"400","field_typography_text_transform":"none","field_typography_font_style":"normal","field_typography_text_decoration":"none","field_typography_line_height":{"unit":"em","size":2.600000000000000088817841970012523233890533447265625,"sizes":[]},"field_typography_line_height_tablet":{"unit":"em","size":2.600000000000000088817841970012523233890533447265625,"sizes":[]},"field_typography_line_height_mobile":{"unit":"em","size":2.600000000000000088817841970012523233890533447265625,"sizes":[]},"field_border_width":{"unit":"px","top":"0","right":"0","bottom":"0","left":"0","isLinked":true},"field_border_radius":{"unit":"px","top":"0","right":"0","bottom":"0","left":"0","isLinked":false},"button_background_color":"#161b3e","button_text_color":"#ffffff","button_typography_typography":"custom","button_typography_font_size":{"unit":"px","size":14,"sizes":[]},"button_typography_font_size_tablet":{"unit":"px","size":14,"sizes":[]},"button_typography_font_size_mobile":{"unit":"px","size":14,"sizes":[]},"button_typography_font_weight":"700","button_typography_text_transform":"uppercase","button_typography_font_style":"normal","button_typography_text_decoration":"none","button_typography_line_height":{"unit":"em","size":1.399999999999999911182158029987476766109466552734375,"sizes":[]},"button_typography_line_height_tablet":{"unit":"em","size":1.399999999999999911182158029987476766109466552734375,"sizes":[]},"button_typography_line_height_mobile":{"unit":"em","size":1.399999999999999911182158029987476766109466552734375,"sizes":[]},"button_border_border":"solid","button_border_width":{"unit":"px","top":"2","right":"2","bottom":"2","left":"2","isLinked":true},"button_border_width_tablet":{"unit":"px","top":"2","right":"2","bottom":"2","left":"2","isLinked":true},"button_border_width_mobile":{"unit":"px","top":"2","right":"2","bottom":"2","left":"2","isLinked":true},"button_border_color":"#ff6d00","button_border_radius":{"unit":"px","top":"0","right":"0","bottom":"0","left":"0","isLinked":false},"button_background_hover_color":"#ff6d00","button_hover_color":"#ffffff","button_hover_border_color":"#ff6d00"},"elements":[],"isInner":false,"widgetType":"form","elType":"widget"}],"isInner":false,"elType":"column"}],"isInner":false,"elType":"section"},{"id":"3e226fdb","settings":{"gap":"extended","content_position":"top","background_background":"classic","background_color":"#ffffff","border_border":"solid","border_width":{"unit":"px","top":"0","right":"40","bottom":"40","left":"40","isLinked":false},"border_width_tablet":{"unit":"px","top":"0","right":"15","bottom":"15","left":"15","isLinked":false},"border_width_mobile":{"unit":"px","top":"0","right":"10","bottom":"10","left":"10","isLinked":false},"border_color":"#f8f3ea","border_radius":{"unit":"px","top":"0","right":"0","bottom":"0","left":"0","isLinked":false},"border_radius_tablet":{"unit":"px","top":"0","right":"0","bottom":"0","left":"0","isLinked":false},"border_radius_mobile":{"unit":"px","top":"0","right":"0","bottom":"0","left":"0","isLinked":false}},"elements":[{"id":"3ffe5435","settings":{"_column_size":100,"_inline_size_tablet":100,"_inline_size_mobile":100,"space_between_widgets":10,"space_between_widgets_tablet":10,"space_between_widgets_mobile":10,"padding":{"unit":"px","top":"15","right":"15","bottom":"15","left":"15","isLinked":true},"padding_tablet":{"unit":"px","top":"15","right":"30","bottom":"15","left":"30","isLinked":false},"padding_mobile":{"unit":"px","top":"15","right":"20","bottom":"15","left":"20","isLinked":false}},"elements":[{"id":"4dbb1d52","settings":{"space":{"unit":"px","size":175,"sizes":[]},"space_tablet":{"unit":"px","size":175,"sizes":[]},"space_mobile":{"unit":"px","size":95,"sizes":[]}},"elements":[],"isInner":false,"widgetType":"spacer","elType":"widget"},{"id":"636a6223","settings":{"image":{"id":"5484","url":"https:\/\/www.cssigniter.com\/elementor\/wp-content\/uploads\/2020\/01\/footer-logo-rjones.png"},"image_size":"full","align":"center","align_tablet":"center"},"elements":[],"isInner":false,"widgetType":"image","elType":"widget"},{"id":"73c3af81","settings":{"space":{"unit":"px","size":10,"sizes":[]},"space_tablet":{"unit":"px","size":10,"sizes":[]},"space_mobile":{"unit":"px","size":10,"sizes":[]}},"elements":[],"isInner":false,"widgetType":"spacer","elType":"widget"},{"id":"15815404","settings":{"title":"jones@cssigniter.com","header_size":"p","align":"center","align_tablet":"center","align_mobile":"center","title_color":"#161b3e","typography_typography":"custom","typography_font_family":"Lato","typography_font_size":{"unit":"px","size":16,"sizes":[]},"typography_font_size_tablet":{"unit":"px","size":16,"sizes":[]},"typography_font_size_mobile":{"unit":"px","size":16,"sizes":[]},"typography_font_weight":"400","typography_text_transform":"none","typography_text_decoration":"none","typography_line_height":{"unit":"em","size":1,"sizes":[]},"typography_line_height_tablet":{"unit":"em","size":1,"sizes":[]},"typography_line_height_mobile":{"unit":"em","size":1,"sizes":[]}},"elements":[],"isInner":false,"widgetType":"heading","elType":"widget"},{"id":"f7f401f","settings":{"title":"2019 \u00a9 Robert, All rights reserved.","header_size":"p","align":"center","align_tablet":"center","align_mobile":"center","title_color":"#161b3e","typography_typography":"custom","typography_font_family":"Lato","typography_font_size":{"unit":"px","size":16,"sizes":[]},"typography_font_size_tablet":{"unit":"px","size":16,"sizes":[]},"typography_font_size_mobile":{"unit":"px","size":16,"sizes":[]},"typography_font_weight":"400","typography_text_transform":"none","typography_text_decoration":"none","typography_line_height":{"unit":"em","size":1,"sizes":[]},"typography_line_height_tablet":{"unit":"em","size":1,"sizes":[]},"typography_line_height_mobile":{"unit":"em","size":1,"sizes":[]}},"elements":[],"isInner":false,"widgetType":"heading","elType":"widget"},{"id":"4c4f5a25","settings":{"space":{"unit":"px","size":10,"sizes":[]},"space_tablet":{"unit":"px","size":10,"sizes":[]},"space_mobile":{"unit":"px","size":10,"sizes":[]}},"elements":[],"isInner":false,"widgetType":"spacer","elType":"widget"},{"id":"4385b6a6","settings":{"social_icon_list":[{"social_icon":{"value":"fab fa-facebook-f","library":"fa-brands"},"_id":"36495f7","link":{"url":"#","is_external":"true","nofollow":""},"item_icon_color":"default","item_icon_primary_color":"","item_icon_secondary_color":""},{"social_icon":{"value":"fab fa-twitter","library":"fa-brands"},"_id":"cd63829","link":{"url":"#","is_external":"true","nofollow":""},"item_icon_color":"default","item_icon_primary_color":"","item_icon_secondary_color":""},{"social_icon":{"value":"fab fa-spotify","library":"fa-brands"},"_id":"2ccc5ba","link":{"url":"#","is_external":"true","nofollow":""},"item_icon_color":"default","item_icon_primary_color":"","item_icon_secondary_color":""},{"social_icon":{"value":"fab fa-youtube","library":"fa-brands"},"_id":"d63cc4f","link":{"url":"#","is_external":"true","nofollow":""},"item_icon_color":"default","item_icon_primary_color":"","item_icon_secondary_color":""},{"social_icon":{"value":"fab fa-soundcloud","library":"fa-brands"},"_id":"0d8db8b","link":{"url":"#","is_external":"true","nofollow":""},"item_icon_color":"default","item_icon_primary_color":"","item_icon_secondary_color":""},{"social_icon":{"value":"fab fa-instagram","library":"fa-brands"},"_id":"21ebc19","link":{"url":"#","is_external":"true","nofollow":""},"item_icon_color":"default","item_icon_primary_color":"","item_icon_secondary_color":""}],"shape":"circle","align_tablet":"center","align_mobile":"center","icon_color":"custom","icon_primary_color":"#ffffff","icon_secondary_color":"#161b3e","icon_size":{"unit":"px","size":20,"sizes":[]},"icon_size_tablet":{"unit":"px","size":20,"sizes":[]},"icon_size_mobile":{"unit":"px","size":16,"sizes":[]},"icon_padding":{"unit":"em","size":0.6999999999999999555910790149937383830547332763671875,"sizes":[]},"icon_padding_tablet":{"unit":"em","size":0.6999999999999999555910790149937383830547332763671875,"sizes":[]},"icon_padding_mobile":{"unit":"em","size":0.5,"sizes":[]},"icon_spacing":{"unit":"px","size":10,"sizes":[]},"icon_spacing_tablet":{"unit":"px","size":10,"sizes":[]},"icon_spacing_mobile":{"unit":"px","size":10,"sizes":[]},"image_border_border":"solid","image_border_width":{"unit":"px","top":"2","right":"2","bottom":"2","left":"2","isLinked":true},"image_border_width_tablet":{"unit":"px","top":"2","right":"2","bottom":"2","left":"2","isLinked":true},"image_border_width_mobile":{"unit":"px","top":"2","right":"2","bottom":"2","left":"2","isLinked":true},"image_border_color":"#ff6d00","hover_primary_color":"#ff6d00","hover_secondary_color":"#ffffff","hover_border_color":"#ff6d00"},"elements":[],"isInner":false,"widgetType":"social-icons","elType":"widget"},{"id":"762ee504","settings":{"space":{"unit":"px","size":175,"sizes":[]},"space_tablet":{"unit":"px","size":175,"sizes":[]},"space_mobile":{"unit":"px","size":95,"sizes":[]}},"elements":[],"isInner":false,"widgetType":"spacer","elType":"widget"}],"isInner":false,"elType":"column"}],"isInner":false,"elType":"section"}]}