{"version":"0.4","title":"ERJones &#8211; Contact","type":"page","content":[{"id":"3f2e0bb3","settings":{"gap":"extended","content_position":"top","background_background":"classic","background_image":{"id":5505,"url":"https:\/\/www.cssigniter.com\/elementor\/wp-content\/uploads\/2020\/01\/rjones-contact-hero.jpg"},"background_position":"bottom center","background_attachment":"scroll","background_repeat":"no-repeat","background_size":"cover","background_overlay_background":"classic","background_overlay_color":"#161B3E","height":"min-height","custom_height":{"unit":"px","size":600,"sizes":[]},"column_position":"bottom"},"elements":[{"id":"7a92e36d","settings":{"_column_size":100,"_inline_size_tablet":100,"_inline_size_mobile":100,"padding":{"unit":"px","top":"25","right":"0","bottom":"65","left":"0","isLinked":false},"padding_tablet":{"unit":"px","top":"25","right":"30","bottom":"65","left":"30","isLinked":false},"padding_mobile":{"unit":"px","top":"25","right":"15","bottom":"215","left":"15","isLinked":false}},"elements":[{"id":"529d5d87","settings":{"gap":"extended","content_position":"top","structure":"20"},"elements":[{"id":"7116cd30","settings":{"_column_size":50,"_inline_size":null,"_inline_size_mobile":100,"space_between_widgets":10,"space_between_widgets_tablet":10,"space_between_widgets_mobile":10,"_inline_size_tablet":50},"elements":[{"id":"423b1aa1","settings":{"title":"Contact","align":"left","align_tablet":"left","align_mobile":"center","title_color":"#ffffff","typography_typography":"custom","typography_font_family":"Oswald","typography_font_size":{"unit":"px","size":44,"sizes":[]},"typography_font_size_tablet":{"unit":"px","size":44,"sizes":[]},"typography_font_size_mobile":{"unit":"px","size":44,"sizes":[]},"typography_font_weight":"500","typography_text_transform":"uppercase","typography_font_style":"normal","typography_text_decoration":"none","typography_line_height":{"unit":"em","size":1,"sizes":[]},"typography_line_height_tablet":{"unit":"em","size":1,"sizes":[]},"typography_line_height_mobile":{"unit":"em","size":1.1999999999999999555910790149937383830547332763671875,"sizes":[]}},"elements":[],"isInner":false,"widgetType":"heading","elType":"widget"},{"id":"9dc3134","settings":{"title":"FEEL FREE TO CONTACT US","header_size":"p","align":"left","align_tablet":"left","align_mobile":"center","title_color":"#ff6d00","typography_typography":"custom","typography_font_family":"Lato","typography_font_size":{"unit":"px","size":14,"sizes":[]},"typography_font_size_tablet":{"unit":"px","size":14,"sizes":[]},"typography_font_size_mobile":{"unit":"px","size":14,"sizes":[]},"typography_font_weight":"700","typography_text_transform":"uppercase","typography_font_style":"normal","typography_text_decoration":"none","typography_line_height":{"unit":"em","size":1,"sizes":[]},"typography_line_height_tablet":{"unit":"em","size":1,"sizes":[]},"typography_line_height_mobile":{"unit":"em","size":1.5,"sizes":[]},"typography_letter_spacing":{"unit":"px","size":4,"sizes":[]},"typography_letter_spacing_tablet":{"unit":"px","size":4,"sizes":[]},"typography_letter_spacing_mobile":{"unit":"px","size":4,"sizes":[]}},"elements":[],"isInner":false,"widgetType":"heading","elType":"widget"}],"isInner":true,"elType":"column"},{"id":"7d907b51","settings":{"_column_size":50,"_inline_size":null,"_inline_size_mobile":100,"hide_mobile":"hidden-phone","_inline_size_tablet":50},"elements":[],"isInner":true,"elType":"column"}],"isInner":true,"elType":"section"}],"isInner":false,"elType":"column"}],"isInner":false,"elType":"section"},{"id":"4ca68456","settings":{"gap":"extended","content_position":"top","structure":"20","background_background":"classic","background_color":"#f8f3ea","padding":{"unit":"px","top":"185","right":"0","bottom":"365","left":"0","isLinked":false},"padding_tablet":{"unit":"px","top":"185","right":"0","bottom":"345","left":"0","isLinked":false},"padding_mobile":{"unit":"px","top":"105","right":"0","bottom":"270","left":"0","isLinked":false},"reverse_order_tablet":"reverse-tablet","reverse_order_mobile":"reverse-mobile"},"elements":[{"id":"32f63889","settings":{"_column_size":50,"_inline_size":69,"_inline_size_tablet":100,"_inline_size_mobile":100,"padding":{"unit":"px","top":"15","right":"65","bottom":"15","left":"15","isLinked":false},"padding_tablet":{"unit":"px","top":"15","right":"45","bottom":"15","left":"45","isLinked":false},"padding_mobile":{"unit":"px","top":"15","right":"30","bottom":"15","left":"30","isLinked":false}},"elements":[{"id":"6994176","settings":{"editor":"<p>Lorem ipsum dolor sit amet, an choro epicuri sea, ad vis falli petentium. Pro at eius ponderum. Odio volutpat no mel, autem vituperata an ius, lorem accommodare sed ad. Unum luptatum quo ad, qui malis repudiandae no. Temporibus complectitur cu quo, pri liber laoreet maluisset ad, usu tota epicurei efficiendi at. Sit ex inermis abhorreant, ut copiosae legendos eam, eu vis soleat euripidis. Ea sed congue utroque, tempor oblique ponderum usu ad, sensibus suscipiantur ex vel.<\/p>","align":"left","align_tablet":"left","align_mobile":"center","text_color":"#161b3e","typography_typography":"custom","typography_font_family":"Lato","typography_font_size":{"unit":"px","size":20,"sizes":[]},"typography_font_size_tablet":{"unit":"px","size":20,"sizes":[]},"typography_font_size_mobile":{"unit":"px","size":20,"sizes":[]},"typography_font_weight":"400","typography_text_transform":"none","typography_font_style":"normal","typography_text_decoration":"none","typography_line_height":{"unit":"em","size":1.600000000000000088817841970012523233890533447265625,"sizes":[]},"typography_line_height_tablet":{"unit":"em","size":1.5,"sizes":[]},"typography_line_height_mobile":{"unit":"em","size":1.5,"sizes":[]},"_margin":{"unit":"px","top":"0","right":"0","bottom":"-26","left":"0","isLinked":false},"_margin_tablet":{"unit":"px","top":"0","right":"0","bottom":"-26","left":"0","isLinked":false},"_margin_mobile":{"unit":"px","top":"0","right":"0","bottom":"-26","left":"0","isLinked":false}},"elements":[],"isInner":false,"widgetType":"text-editor","elType":"widget"},{"id":"1520bf51","settings":{"form_name":"New Form","form_fields":[{"custom_id":"name","field_type":"text","field_label":"Your Name","placeholder":"","width":"100","_id":"529e970","required":"true","field_options":"","allow_multiple":"","select_size":"","inline_list":"","field_html":"","width_tablet":"100","width_mobile":"100","rows":4,"recaptcha_size":"normal","recaptcha_style":"light","recaptcha_badge":"bottomright","css_classes":"","field_value":"","file_sizes":"","file_types":"","allow_multiple_upload":"","max_files":"","acceptance_text":"","checked_by_default":"","field_min":"","field_max":"","min_date":"","max_date":"","use_native_date":"","use_native_time":""},{"custom_id":"email","field_type":"email","required":"true","field_label":"Your Email","placeholder":"","width":"100","_id":"346a224","field_options":"","allow_multiple":"","select_size":"","inline_list":"","field_html":"","width_tablet":"100","width_mobile":"100","rows":4,"recaptcha_size":"normal","recaptcha_style":"light","recaptcha_badge":"bottomright","css_classes":"","field_value":"","file_sizes":"","file_types":"","allow_multiple_upload":"","max_files":"","acceptance_text":"","checked_by_default":"","field_min":"","field_max":"","min_date":"","max_date":"","use_native_date":"","use_native_time":""},{"field_type":"text","field_label":"Subject","placeholder":"","required":"","field_options":"","allow_multiple":"","select_size":"","inline_list":"","field_html":"","width":"100","width_tablet":"100","width_mobile":"100","rows":4,"recaptcha_size":"normal","recaptcha_style":"light","recaptcha_badge":"bottomright","css_classes":"","field_value":"","custom_id":"field_1","_id":"e5ece1e","file_sizes":"","file_types":"","allow_multiple_upload":"","max_files":"","acceptance_text":"","checked_by_default":"","field_min":"","field_max":"","min_date":"","max_date":"","use_native_date":"","use_native_time":""},{"custom_id":"message","field_type":"textarea","field_label":"Textarea","placeholder":"","width":"100","_id":"f9f5273","required":"","field_options":"","allow_multiple":"","select_size":"","inline_list":"","field_html":"","width_tablet":"100","width_mobile":"100","rows":5,"recaptcha_size":"normal","recaptcha_style":"light","recaptcha_badge":"bottomright","css_classes":"","field_value":"","file_sizes":"","file_types":"","allow_multiple_upload":"","max_files":"","acceptance_text":"","checked_by_default":"","field_min":"","field_max":"","min_date":"","max_date":"","use_native_date":"","use_native_time":""}],"input_size":"md","mark_required":"yes","button_text":"Send","button_size":"md","button_width_tablet":"100","button_width_mobile":"100","button_align":"start","button_align_tablet":"start","button_align_mobile":"center","email_content":"[all-fields]","email_content_2":"[all-fields]","success_message":"The form was sent successfully.","error_message":"An error occured.","required_field_message":"This field is required.","invalid_message":"There's something wrong. The form is invalid.","row_gap":{"unit":"px","size":15,"sizes":[]},"label_color":"#161b3e","mark_required_color":"#161b3e","label_typography_typography":"custom","label_typography_font_family":"Lato","label_typography_font_size":{"unit":"px","size":18,"sizes":[]},"label_typography_font_size_tablet":{"unit":"px","size":18,"sizes":[]},"label_typography_font_size_mobile":{"unit":"px","size":18,"sizes":[]},"label_typography_font_weight":"400","label_typography_text_transform":"capitalize","label_typography_font_style":"normal","label_typography_text_decoration":"none","label_typography_line_height":{"unit":"em","size":1,"sizes":[]},"label_typography_line_height_tablet":{"unit":"em","size":1,"sizes":[]},"label_typography_line_height_mobile":{"unit":"em","size":1,"sizes":[]},"field_text_color":"#161b3e","field_typography_typography":"custom","field_typography_font_family":"Lato","field_typography_font_size":{"unit":"px","size":15,"sizes":[]},"field_typography_font_weight":"400","field_typography_text_transform":"none","field_typography_font_style":"normal","field_typography_text_decoration":"none","field_typography_line_height":{"unit":"em","size":2.79999999999999982236431605997495353221893310546875,"sizes":[]},"field_border_width":{"unit":"px","top":"0","right":"0","bottom":"0","left":"0","isLinked":false},"field_border_radius":{"unit":"px","top":"0","right":"0","bottom":"0","left":"0","isLinked":false},"button_background_color":"#ff6d00","button_text_color":"#ffffff","button_typography_typography":"custom","button_typography_font_family":"Lato","button_typography_font_size":{"unit":"px","size":14,"sizes":[]},"button_typography_font_size_tablet":{"unit":"px","size":14,"sizes":[]},"button_typography_font_size_mobile":{"unit":"px","size":14,"sizes":[]},"button_typography_font_weight":"700","button_typography_text_transform":"uppercase","button_typography_font_style":"normal","button_typography_text_decoration":"none","button_typography_line_height":{"unit":"em","size":1.3000000000000000444089209850062616169452667236328125,"sizes":[]},"button_typography_line_height_tablet":{"unit":"em","size":1.3000000000000000444089209850062616169452667236328125,"sizes":[]},"button_typography_line_height_mobile":{"unit":"em","size":1.3000000000000000444089209850062616169452667236328125,"sizes":[]},"button_border_radius":{"unit":"px","top":"0","right":"0","bottom":"0","left":"0","isLinked":false},"button_text_padding":{"unit":"px","top":"18","right":"30","bottom":"18","left":"30","isLinked":false},"button_background_hover_color":"rgba(255,109,0,0.9)","button_hover_color":"#ffffff","_margin":{"unit":"px","top":"0","right":"0","bottom":"10","left":"0","isLinked":false},"_margin_tablet":{"unit":"px","top":"0","right":"0","bottom":"10","left":"0","isLinked":false},"_margin_mobile":{"unit":"px","top":"0","right":"0","bottom":"10","left":"0","isLinked":false}},"elements":[],"isInner":false,"widgetType":"form","elType":"widget"},{"id":"6c3b8040","settings":{"editor":"<p>Please note: The form above requires Elementor Pro. You can, of course, use any other free contact form plugins like Contact form 7 or WPForms.<\/p>","align":"left","align_tablet":"left","align_mobile":"center","text_color":"#161b3e","typography_typography":"custom","typography_font_family":"Lato","typography_font_size":{"unit":"px","size":14,"sizes":[]},"typography_font_size_tablet":{"unit":"px","size":14,"sizes":[]},"typography_font_size_mobile":{"unit":"px","size":14,"sizes":[]},"typography_font_weight":"400","typography_text_transform":"none","typography_font_style":"normal","typography_text_decoration":"none","typography_line_height":{"unit":"em","size":1.600000000000000088817841970012523233890533447265625,"sizes":[]},"typography_line_height_tablet":{"unit":"em","size":1.600000000000000088817841970012523233890533447265625,"sizes":[]},"typography_line_height_mobile":{"unit":"em","size":1.600000000000000088817841970012523233890533447265625,"sizes":[]},"_margin":{"unit":"px","top":"0","right":"0","bottom":"-26","left":"0","isLinked":false},"_margin_tablet":{"unit":"px","top":"0","right":"0","bottom":"-26","left":"0","isLinked":false},"_margin_mobile":{"unit":"px","top":"0","right":"0","bottom":"-26","left":"0","isLinked":false}},"elements":[],"isInner":false,"widgetType":"text-editor","elType":"widget"}],"isInner":false,"elType":"column"},{"id":"32628fdb","settings":{"_column_size":50,"_inline_size":31,"_inline_size_tablet":100,"_inline_size_mobile":100,"space_between_widgets":10,"space_between_widgets_tablet":10,"space_between_widgets_mobile":10,"padding_tablet":{"unit":"px","top":"15","right":"45","bottom":"15","left":"45","isLinked":false},"padding_mobile":{"unit":"px","top":"15","right":"30","bottom":"15","left":"30","isLinked":false}},"elements":[{"id":"6b571151","settings":{"title":"New Album","header_size":"h3","align":"left","title_color":"#161b3e","typography_typography":"custom","typography_font_family":"Oswald","typography_font_size":{"unit":"px","size":32,"sizes":[]},"typography_font_size_tablet":{"unit":"px","size":32,"sizes":[]},"typography_font_size_mobile":{"unit":"px","size":32,"sizes":[]},"typography_font_weight":"500","typography_text_transform":"uppercase","typography_font_style":"normal","typography_text_decoration":"none","typography_line_height":{"unit":"em","size":1,"sizes":[]},"typography_line_height_tablet":{"unit":"em","size":1,"sizes":[]},"typography_line_height_mobile":{"unit":"em","size":1,"sizes":[]}},"elements":[],"isInner":false,"widgetType":"heading","elType":"widget"},{"id":"2fc4211a","settings":{"title":"available now","header_size":"p","align":"left","title_color":"#ff6d00","typography_typography":"custom","typography_font_family":"Lato","typography_font_size":{"unit":"px","size":14,"sizes":[]},"typography_font_size_tablet":{"unit":"px","size":14,"sizes":[]},"typography_font_size_mobile":{"unit":"px","size":14,"sizes":[]},"typography_font_weight":"700","typography_text_transform":"uppercase","typography_line_height":{"unit":"em","size":1,"sizes":[]},"typography_line_height_tablet":{"unit":"em","size":1,"sizes":[]},"typography_line_height_mobile":{"unit":"em","size":1,"sizes":[]},"typography_letter_spacing":{"unit":"px","size":4,"sizes":[]},"typography_letter_spacing_tablet":{"unit":"px","size":4,"sizes":[]},"typography_letter_spacing_mobile":{"unit":"px","size":4,"sizes":[]}},"elements":[],"isInner":false,"widgetType":"heading","elType":"widget"},{"id":"62a303af","settings":{"space":{"unit":"px","size":20,"sizes":[]},"space_tablet":{"unit":"px","size":20,"sizes":[]},"space_mobile":{"unit":"px","size":20,"sizes":[]}},"elements":[],"isInner":false,"widgetType":"spacer","elType":"widget"},{"id":"397ed93e","settings":{"image":{"id":"5471","url":"https:\/\/www.cssigniter.com\/elementor\/wp-content\/uploads\/2020\/01\/album-img07.jpg"},"image_size":"full","align":"center","align_tablet":"center","align_mobile":"center","width":{"unit":"%","size":100,"sizes":[]},"width_tablet":{"unit":"%","size":100,"sizes":[]},"width_mobile":{"unit":"%","size":100,"sizes":[]},"space":{"unit":"%","size":100,"sizes":[]},"space_tablet":{"unit":"%","size":100,"sizes":[]},"space_mobile":{"unit":"%","size":100,"sizes":[]},"image_border_border":"solid","image_border_width":{"unit":"px","top":"10","right":"10","bottom":"10","left":"10","isLinked":true},"image_border_width_tablet":{"unit":"px","top":"10","right":"10","bottom":"10","left":"10","isLinked":true},"image_border_width_mobile":{"unit":"px","top":"10","right":"10","bottom":"10","left":"10","isLinked":true},"image_border_color":"#ffffff","image_border_radius":{"unit":"px","top":"0","right":"0","bottom":"0","left":"0","isLinked":false},"image_border_radius_tablet":{"unit":"px","top":"0","right":"0","bottom":"0","left":"0","isLinked":false},"image_border_radius_mobile":{"unit":"px","top":"0","right":"0","bottom":"0","left":"0","isLinked":false},"link_to":"custom","link":{"url":"https:\/\/www.cssigniter.com\/elementor\/rjones-album\/","is_external":"","nofollow":""}},"elements":[],"isInner":false,"widgetType":"image","elType":"widget"}],"isInner":false,"elType":"column"}],"isInner":false,"elType":"section"},{"id":"52b58f0e","settings":{"gap":"extended","content_position":"top","background_background":"classic","background_color":"#ffffff","border_border":"solid","border_width":{"unit":"px","top":"0","right":"40","bottom":"0","left":"40","isLinked":false},"border_width_tablet":{"unit":"px","top":"0","right":"15","bottom":"0","left":"15","isLinked":false},"border_width_mobile":{"unit":"px","top":"0","right":"10","bottom":"0","left":"10","isLinked":false},"border_color":"#f8f3ea","border_radius":{"unit":"px","top":"0","right":"0","bottom":"0","left":"0","isLinked":false},"border_radius_tablet":{"unit":"px","top":"0","right":"0","bottom":"0","left":"0","isLinked":false},"border_radius_mobile":{"unit":"px","top":"0","right":"0","bottom":"0","left":"0","isLinked":false}},"elements":[{"id":"62c3a095","settings":{"_column_size":100,"_inline_size_tablet":100,"_inline_size_mobile":100,"space_between_widgets":10,"space_between_widgets_tablet":10,"space_between_widgets_mobile":10,"padding":{"unit":"px","top":"100","right":"250","bottom":"100","left":"250","isLinked":false},"padding_tablet":{"unit":"px","top":"80","right":"40","bottom":"80","left":"40","isLinked":false},"padding_mobile":{"unit":"px","top":"50","right":"30","bottom":"50","left":"30","isLinked":false},"background_background":"classic","background_color":"#161b3e","margin":{"unit":"px","top":"-180","right":"15","bottom":"0","left":"15","isLinked":false},"margin_tablet":{"unit":"px","top":"-160","right":"30","bottom":"0","left":"30","isLinked":false},"margin_mobile":{"unit":"px","top":"-165","right":"20","bottom":"0","left":"20","isLinked":false}},"elements":[{"id":"77c7b376","settings":{"editor":"<p><span style=\"color: #ff6d00;\">Subscribe<\/span> to Get Updates<\/p>","align":"center","align_tablet":"center","align_mobile":"center","text_color":"#ffffff","typography_typography":"custom","typography_font_family":"Oswald","typography_font_size":{"unit":"px","size":36,"sizes":[]},"typography_font_size_tablet":{"unit":"px","size":36,"sizes":[]},"typography_font_size_mobile":{"unit":"px","size":36,"sizes":[]},"typography_font_weight":"500","typography_text_transform":"uppercase","typography_font_style":"normal","typography_text_decoration":"none","typography_line_height":{"unit":"em","size":1.3000000000000000444089209850062616169452667236328125,"sizes":[]},"typography_line_height_tablet":{"unit":"em","size":1.3000000000000000444089209850062616169452667236328125,"sizes":[]},"typography_line_height_mobile":{"unit":"em","size":1.3000000000000000444089209850062616169452667236328125,"sizes":[]},"_margin":{"unit":"px","top":"0","right":"0","bottom":"-40","left":"0","isLinked":false},"_margin_tablet":{"unit":"px","top":"0","right":"0","bottom":"-40","left":"0","isLinked":false},"_margin_mobile":{"unit":"px","top":"0","right":"0","bottom":"-40","left":"0","isLinked":false}},"elements":[],"isInner":false,"widgetType":"text-editor","elType":"widget"},{"id":"3d3187ea","settings":{"title":"Stay up to date!","header_size":"p","align":"center","align_tablet":"center","align_mobile":"center","title_color":"#ffffff","typography_typography":"custom","typography_font_family":"Lato","typography_font_size":{"unit":"px","size":14,"sizes":[]},"typography_font_size_tablet":{"unit":"px","size":14,"sizes":[]},"typography_font_size_mobile":{"unit":"px","size":14,"sizes":[]},"typography_font_weight":"700","typography_text_transform":"uppercase","typography_font_style":"normal","typography_text_decoration":"none","typography_line_height":{"unit":"em","size":1,"sizes":[]},"typography_line_height_tablet":{"unit":"em","size":1,"sizes":[]},"typography_line_height_mobile":{"unit":"em","size":1.5,"sizes":[]},"typography_letter_spacing":{"unit":"px","size":4,"sizes":[]},"typography_letter_spacing_tablet":{"unit":"px","size":4,"sizes":[]},"typography_letter_spacing_mobile":{"unit":"px","size":4,"sizes":[]}},"elements":[],"isInner":false,"widgetType":"heading","elType":"widget"},{"id":"1f5aab69","settings":{"space":{"unit":"px","size":20,"sizes":[]},"space_tablet":{"unit":"px","size":20,"sizes":[]},"space_mobile":{"unit":"px","size":20,"sizes":[]}},"elements":[],"isInner":false,"widgetType":"spacer","elType":"widget"},{"id":"4ce22df8","settings":{"form_name":"New Form","form_fields":[{"custom_id":"email","field_type":"email","required":"true","field_label":"Email","placeholder":"Enter your Email","width":"75","_id":"533a3fb","field_options":"","allow_multiple":"","select_size":"","inline_list":"","field_html":"","width_tablet":"75","width_mobile":"100","rows":4,"recaptcha_size":"normal","recaptcha_style":"light","recaptcha_badge":"bottomright","css_classes":"","field_value":"","file_sizes":"","file_types":"","allow_multiple_upload":"","max_files":"","acceptance_text":"","checked_by_default":"","field_min":"","field_max":"","min_date":"","max_date":"","use_native_date":"","use_native_time":""}],"input_size":"md","show_labels":"","button_text":"subscribe","button_size":"md","button_width":"25","button_width_tablet":"25","button_width_mobile":"100","button_align_tablet":"stretch","button_align_mobile":"stretch","email_content":"[all-fields]","email_content_2":"[all-fields]","success_message":"The form was sent successfully.","error_message":"An error occured.","required_field_message":"This field is required.","invalid_message":"There's something wrong. The form is invalid.","field_text_color":"#7e7e7e","field_typography_typography":"custom","field_typography_font_family":"Lato","field_typography_font_size":{"unit":"px","size":16,"sizes":[]},"field_typography_font_size_tablet":{"unit":"px","size":16,"sizes":[]},"field_typography_font_size_mobile":{"unit":"px","size":16,"sizes":[]},"field_typography_font_weight":"400","field_typography_text_transform":"none","field_typography_font_style":"normal","field_typography_text_decoration":"none","field_typography_line_height":{"unit":"em","size":2.600000000000000088817841970012523233890533447265625,"sizes":[]},"field_typography_line_height_tablet":{"unit":"em","size":2.600000000000000088817841970012523233890533447265625,"sizes":[]},"field_typography_line_height_mobile":{"unit":"em","size":2.600000000000000088817841970012523233890533447265625,"sizes":[]},"field_border_width":{"unit":"px","top":"0","right":"0","bottom":"0","left":"0","isLinked":true},"field_border_radius":{"unit":"px","top":"0","right":"0","bottom":"0","left":"0","isLinked":false},"button_background_color":"#161b3e","button_text_color":"#ffffff","button_typography_typography":"custom","button_typography_font_size":{"unit":"px","size":14,"sizes":[]},"button_typography_font_size_tablet":{"unit":"px","size":14,"sizes":[]},"button_typography_font_size_mobile":{"unit":"px","size":14,"sizes":[]},"button_typography_font_weight":"700","button_typography_text_transform":"uppercase","button_typography_font_style":"normal","button_typography_text_decoration":"none","button_typography_line_height":{"unit":"em","size":1.399999999999999911182158029987476766109466552734375,"sizes":[]},"button_typography_line_height_tablet":{"unit":"em","size":1.399999999999999911182158029987476766109466552734375,"sizes":[]},"button_typography_line_height_mobile":{"unit":"em","size":1.399999999999999911182158029987476766109466552734375,"sizes":[]},"button_border_border":"solid","button_border_width":{"unit":"px","top":"2","right":"2","bottom":"2","left":"2","isLinked":true},"button_border_width_tablet":{"unit":"px","top":"2","right":"2","bottom":"2","left":"2","isLinked":true},"button_border_width_mobile":{"unit":"px","top":"2","right":"2","bottom":"2","left":"2","isLinked":true},"button_border_color":"#ff6d00","button_border_radius":{"unit":"px","top":"0","right":"0","bottom":"0","left":"0","isLinked":false},"button_background_hover_color":"#ff6d00","button_hover_color":"#ffffff","button_hover_border_color":"#ff6d00"},"elements":[],"isInner":false,"widgetType":"form","elType":"widget"}],"isInner":false,"elType":"column"}],"isInner":false,"elType":"section"},{"id":"1cddd142","settings":{"gap":"extended","content_position":"top","background_background":"classic","background_color":"#ffffff","border_border":"solid","border_width":{"unit":"px","top":"0","right":"40","bottom":"40","left":"40","isLinked":false},"border_width_tablet":{"unit":"px","top":"0","right":"15","bottom":"15","left":"15","isLinked":false},"border_width_mobile":{"unit":"px","top":"0","right":"10","bottom":"10","left":"10","isLinked":false},"border_color":"#f8f3ea","border_radius":{"unit":"px","top":"0","right":"0","bottom":"0","left":"0","isLinked":false},"border_radius_tablet":{"unit":"px","top":"0","right":"0","bottom":"0","left":"0","isLinked":false},"border_radius_mobile":{"unit":"px","top":"0","right":"0","bottom":"0","left":"0","isLinked":false}},"elements":[{"id":"1c8a97e6","settings":{"_column_size":100,"_inline_size_tablet":100,"_inline_size_mobile":100,"space_between_widgets":10,"space_between_widgets_tablet":10,"space_between_widgets_mobile":10,"padding":{"unit":"px","top":"15","right":"15","bottom":"15","left":"15","isLinked":true},"padding_tablet":{"unit":"px","top":"15","right":"30","bottom":"15","left":"30","isLinked":false},"padding_mobile":{"unit":"px","top":"15","right":"20","bottom":"15","left":"20","isLinked":false}},"elements":[{"id":"539c4249","settings":{"space":{"unit":"px","size":175,"sizes":[]},"space_tablet":{"unit":"px","size":175,"sizes":[]},"space_mobile":{"unit":"px","size":95,"sizes":[]}},"elements":[],"isInner":false,"widgetType":"spacer","elType":"widget"},{"id":"4e4e2526","settings":{"image":{"id":"5484","url":"https:\/\/www.cssigniter.com\/elementor\/wp-content\/uploads\/2020\/01\/footer-logo-rjones.png"},"image_size":"full","align":"center","align_tablet":"center"},"elements":[],"isInner":false,"widgetType":"image","elType":"widget"},{"id":"2cac0642","settings":{"space":{"unit":"px","size":10,"sizes":[]},"space_tablet":{"unit":"px","size":10,"sizes":[]},"space_mobile":{"unit":"px","size":10,"sizes":[]}},"elements":[],"isInner":false,"widgetType":"spacer","elType":"widget"},{"id":"7e01d807","settings":{"title":"jones@cssigniter.com","header_size":"p","align":"center","align_tablet":"center","align_mobile":"center","title_color":"#161b3e","typography_typography":"custom","typography_font_family":"Lato","typography_font_size":{"unit":"px","size":16,"sizes":[]},"typography_font_size_tablet":{"unit":"px","size":16,"sizes":[]},"typography_font_size_mobile":{"unit":"px","size":16,"sizes":[]},"typography_font_weight":"400","typography_text_transform":"none","typography_text_decoration":"none","typography_line_height":{"unit":"em","size":1,"sizes":[]},"typography_line_height_tablet":{"unit":"em","size":1,"sizes":[]},"typography_line_height_mobile":{"unit":"em","size":1,"sizes":[]}},"elements":[],"isInner":false,"widgetType":"heading","elType":"widget"},{"id":"43948eb5","settings":{"title":"2019 \u00a9 Robert, All rights reserved.","header_size":"p","align":"center","align_tablet":"center","align_mobile":"center","title_color":"#161b3e","typography_typography":"custom","typography_font_family":"Lato","typography_font_size":{"unit":"px","size":16,"sizes":[]},"typography_font_size_tablet":{"unit":"px","size":16,"sizes":[]},"typography_font_size_mobile":{"unit":"px","size":16,"sizes":[]},"typography_font_weight":"400","typography_text_transform":"none","typography_text_decoration":"none","typography_line_height":{"unit":"em","size":1,"sizes":[]},"typography_line_height_tablet":{"unit":"em","size":1,"sizes":[]},"typography_line_height_mobile":{"unit":"em","size":1,"sizes":[]}},"elements":[],"isInner":false,"widgetType":"heading","elType":"widget"},{"id":"1397deec","settings":{"space":{"unit":"px","size":10,"sizes":[]},"space_tablet":{"unit":"px","size":10,"sizes":[]},"space_mobile":{"unit":"px","size":10,"sizes":[]}},"elements":[],"isInner":false,"widgetType":"spacer","elType":"widget"},{"id":"1ec12287","settings":{"social_icon_list":[{"social_icon":{"value":"fab fa-facebook-f","library":"fa-brands"},"_id":"36495f7","link":{"url":"#","is_external":"true","nofollow":""},"item_icon_color":"default","item_icon_primary_color":"","item_icon_secondary_color":""},{"social_icon":{"value":"fab fa-twitter","library":"fa-brands"},"_id":"cd63829","link":{"url":"#","is_external":"true","nofollow":""},"item_icon_color":"default","item_icon_primary_color":"","item_icon_secondary_color":""},{"social_icon":{"value":"fab fa-spotify","library":"fa-brands"},"_id":"2ccc5ba","link":{"url":"#","is_external":"true","nofollow":""},"item_icon_color":"default","item_icon_primary_color":"","item_icon_secondary_color":""},{"social_icon":{"value":"fab fa-youtube","library":"fa-brands"},"_id":"d63cc4f","link":{"url":"#","is_external":"true","nofollow":""},"item_icon_color":"default","item_icon_primary_color":"","item_icon_secondary_color":""},{"social_icon":{"value":"fab fa-soundcloud","library":"fa-brands"},"_id":"0d8db8b","link":{"url":"#","is_external":"true","nofollow":""},"item_icon_color":"default","item_icon_primary_color":"","item_icon_secondary_color":""},{"social_icon":{"value":"fab fa-instagram","library":"fa-brands"},"_id":"21ebc19","link":{"url":"#","is_external":"true","nofollow":""},"item_icon_color":"default","item_icon_primary_color":"","item_icon_secondary_color":""}],"shape":"circle","align_tablet":"center","align_mobile":"center","icon_color":"custom","icon_primary_color":"#ffffff","icon_secondary_color":"#161b3e","icon_size":{"unit":"px","size":20,"sizes":[]},"icon_size_tablet":{"unit":"px","size":20,"sizes":[]},"icon_size_mobile":{"unit":"px","size":16,"sizes":[]},"icon_padding":{"unit":"em","size":0.6999999999999999555910790149937383830547332763671875,"sizes":[]},"icon_padding_tablet":{"unit":"em","size":0.6999999999999999555910790149937383830547332763671875,"sizes":[]},"icon_padding_mobile":{"unit":"em","size":0.5,"sizes":[]},"icon_spacing":{"unit":"px","size":10,"sizes":[]},"icon_spacing_tablet":{"unit":"px","size":10,"sizes":[]},"icon_spacing_mobile":{"unit":"px","size":10,"sizes":[]},"image_border_border":"solid","image_border_width":{"unit":"px","top":"2","right":"2","bottom":"2","left":"2","isLinked":true},"image_border_width_tablet":{"unit":"px","top":"2","right":"2","bottom":"2","left":"2","isLinked":true},"image_border_width_mobile":{"unit":"px","top":"2","right":"2","bottom":"2","left":"2","isLinked":true},"image_border_color":"#ff6d00","hover_primary_color":"#ff6d00","hover_secondary_color":"#ffffff","hover_border_color":"#ff6d00"},"elements":[],"isInner":false,"widgetType":"social-icons","elType":"widget"},{"id":"2f523d7c","settings":{"space":{"unit":"px","size":175,"sizes":[]},"space_tablet":{"unit":"px","size":175,"sizes":[]},"space_mobile":{"unit":"px","size":95,"sizes":[]}},"elements":[],"isInner":false,"widgetType":"spacer","elType":"widget"}],"isInner":false,"elType":"column"}],"isInner":false,"elType":"section"}]}