{"version":"0.4","title":"ERJones &#8211; Discography","type":"page","content":[{"id":"5f3a6abb","settings":{"gap":"extended","content_position":"top","background_background":"classic","background_image":{"id":5508,"url":"https:\/\/www.cssigniter.com\/elementor\/wp-content\/uploads\/2020\/01\/rjones-discography-hero.jpg"},"background_position":"bottom center","background_attachment":"scroll","background_repeat":"no-repeat","background_size":"cover","background_overlay_background":"classic","background_overlay_color":"#161b3e","height":"min-height","custom_height":{"unit":"px","size":600,"sizes":[]},"column_position":"bottom"},"elements":[{"id":"231fb096","settings":{"_column_size":100,"_inline_size_tablet":100,"_inline_size_mobile":100,"padding":{"unit":"px","top":"25","right":"0","bottom":"65","left":"0","isLinked":false},"padding_tablet":{"unit":"px","top":"25","right":"30","bottom":"65","left":"30","isLinked":false},"padding_mobile":{"unit":"px","top":"25","right":"15","bottom":"215","left":"15","isLinked":false}},"elements":[{"id":"44f4ff0b","settings":{"gap":"extended","content_position":"top","structure":"20"},"elements":[{"id":"6c08539a","settings":{"_column_size":50,"_inline_size":null,"_inline_size_mobile":100,"space_between_widgets":10,"space_between_widgets_tablet":10,"space_between_widgets_mobile":10,"_inline_size_tablet":50},"elements":[{"id":"46a309d2","settings":{"title":"Latest Albums","align":"left","align_tablet":"left","align_mobile":"center","title_color":"#ffffff","typography_typography":"custom","typography_font_family":"Oswald","typography_font_size":{"unit":"px","size":44,"sizes":[]},"typography_font_size_tablet":{"unit":"px","size":44,"sizes":[]},"typography_font_size_mobile":{"unit":"px","size":44,"sizes":[]},"typography_font_weight":"500","typography_text_transform":"uppercase","typography_font_style":"normal","typography_text_decoration":"none","typography_line_height":{"unit":"em","size":1,"sizes":[]},"typography_line_height_tablet":{"unit":"em","size":1,"sizes":[]},"typography_line_height_mobile":{"unit":"em","size":1.1999999999999999555910790149937383830547332763671875,"sizes":[]}},"elements":[],"isInner":false,"widgetType":"heading","elType":"widget"},{"id":"45d76a1a","settings":{"title":"THINGS WE\u2019VE MADE","header_size":"p","align":"left","align_tablet":"left","align_mobile":"center","title_color":"#ff6d00","typography_typography":"custom","typography_font_family":"Lato","typography_font_size":{"unit":"px","size":14,"sizes":[]},"typography_font_size_tablet":{"unit":"px","size":14,"sizes":[]},"typography_font_size_mobile":{"unit":"px","size":14,"sizes":[]},"typography_font_weight":"700","typography_text_transform":"uppercase","typography_font_style":"normal","typography_text_decoration":"none","typography_line_height":{"unit":"em","size":1,"sizes":[]},"typography_line_height_tablet":{"unit":"em","size":1,"sizes":[]},"typography_line_height_mobile":{"unit":"em","size":1.5,"sizes":[]},"typography_letter_spacing":{"unit":"px","size":4,"sizes":[]},"typography_letter_spacing_tablet":{"unit":"px","size":4,"sizes":[]},"typography_letter_spacing_mobile":{"unit":"px","size":4,"sizes":[]}},"elements":[],"isInner":false,"widgetType":"heading","elType":"widget"}],"isInner":true,"elType":"column"},{"id":"7c092889","settings":{"_column_size":50,"_inline_size":null,"_inline_size_mobile":100,"hide_mobile":"hidden-phone","_inline_size_tablet":50},"elements":[],"isInner":true,"elType":"column"}],"isInner":true,"elType":"section"}],"isInner":false,"elType":"column"}],"isInner":false,"elType":"section"},{"id":"3982614f","settings":{"gap":"extended","background_background":"classic","background_color":"#f8f3ea"},"elements":[{"id":"55a63673","settings":{"_column_size":100,"_inline_size_tablet":100,"padding":{"unit":"px","top":"15","right":"15","bottom":"15","left":"15","isLinked":false},"padding_tablet":{"unit":"px","top":"15","right":"45","bottom":"15","left":"45","isLinked":false},"padding_mobile":{"unit":"px","top":"15","right":"30","bottom":"15","left":"30","isLinked":false}},"elements":[{"id":"3a62726a","settings":{"space":{"unit":"px","size":155,"sizes":[]},"space_tablet":{"unit":"px","size":155,"sizes":[]},"space_mobile":{"unit":"px","size":75,"sizes":[]}},"elements":[],"isInner":false,"widgetType":"spacer","elType":"widget"}],"isInner":false,"elType":"column"}],"isInner":false,"elType":"section"},{"id":"53ec946d","settings":{"gap":"extended","content_position":"top","structure":"30","background_background":"classic","background_color":"#f8f3ea"},"elements":[{"id":"7dc1c4db","settings":{"_column_size":33,"_inline_size":null,"_inline_size_tablet":100,"_inline_size_mobile":100,"space_between_widgets":0,"space_between_widgets_tablet":0,"space_between_widgets_mobile":0,"padding":{"unit":"px","top":"15","right":"15","bottom":"15","left":"15","isLinked":true},"padding_tablet":{"unit":"px","top":"15","right":"45","bottom":"15","left":"45","isLinked":false},"padding_mobile":{"unit":"px","top":"15","right":"30","bottom":"15","left":"30","isLinked":false}},"elements":[{"id":"17519ea0","settings":{"image":{"id":"5473","url":"https:\/\/www.cssigniter.com\/elementor\/wp-content\/uploads\/2020\/01\/album-img03.jpg"},"image_size":"full","align":"center","align_tablet":"center","align_mobile":"center","width":{"unit":"%","size":100,"sizes":[]},"width_tablet":{"unit":"%","size":100,"sizes":[]},"width_mobile":{"unit":"%","size":100,"sizes":[]},"space":{"unit":"%","size":100,"sizes":[]},"space_tablet":{"unit":"%","size":100,"sizes":[]},"space_mobile":{"unit":"%","size":100,"sizes":[]},"image_border_border":"solid","image_border_width":{"unit":"px","top":"10","right":"10","bottom":"10","left":"10","isLinked":true},"image_border_width_tablet":{"unit":"px","top":"10","right":"10","bottom":"10","left":"10","isLinked":true},"image_border_width_mobile":{"unit":"px","top":"10","right":"10","bottom":"10","left":"10","isLinked":true},"image_border_color":"#ffffff","image_border_radius":{"unit":"px","top":"0","right":"0","bottom":"0","left":"0","isLinked":false},"image_border_radius_tablet":{"unit":"px","top":"0","right":"0","bottom":"0","left":"0","isLinked":false},"image_border_radius_mobile":{"unit":"px","top":"0","right":"0","bottom":"0","left":"0","isLinked":false},"link_to":"custom","link":{"url":"https:\/\/www.cssigniter.com\/elementor\/rjones-album\/","is_external":"","nofollow":""}},"elements":[],"isInner":false,"widgetType":"image","elType":"widget"},{"id":"2310c071","settings":{"gap":"wider"},"elements":[{"id":"5978ed9a","settings":{"_column_size":100,"_inline_size":null,"background_background":"classic","background_color":"#ffffff","margin":{"unit":"px","top":"-40","right":"0","bottom":"0","left":"30","isLinked":false},"_inline_size_tablet":100,"_inline_size_mobile":100,"space_between_widgets":10,"space_between_widgets_tablet":10,"space_between_widgets_mobile":10,"margin_tablet":{"unit":"px","top":"-40","right":"0","bottom":"0","left":"30","isLinked":false},"margin_mobile":{"unit":"px","top":"-40","right":"0","bottom":"0","left":"30","isLinked":false}},"elements":[{"id":"835c500","settings":{"title":"Stay","link":{"url":"https:\/\/www.cssigniter.com\/elementor\/rjones-album\/","is_external":"","nofollow":""},"header_size":"h4","align":"left","align_tablet":"left","align_mobile":"left","title_color":"#ff5900","typography_typography":"custom","typography_font_family":"Oswald","typography_font_size":{"unit":"px","size":24,"sizes":[]},"typography_font_size_tablet":{"unit":"px","size":24,"sizes":[]},"typography_font_size_mobile":{"unit":"px","size":24,"sizes":[]},"typography_font_weight":"500","typography_text_transform":"uppercase","typography_font_style":"normal","typography_text_decoration":"none","typography_line_height":{"unit":"em","size":1.399999999999999911182158029987476766109466552734375,"sizes":[]},"typography_line_height_tablet":{"unit":"em","size":1.399999999999999911182158029987476766109466552734375,"sizes":[]},"typography_line_height_mobile":{"unit":"em","size":1.399999999999999911182158029987476766109466552734375,"sizes":[]},"motion_fx_blur_effect":"yes"},"elements":[],"isInner":false,"widgetType":"heading","elType":"widget"},{"id":"7f1d8812","settings":{"title":"NOVEMBER 18, 2019","header_size":"p","align":"left","align_tablet":"left","align_mobile":"left","title_color":"#161b3e","typography_typography":"custom","typography_font_family":"Lato","typography_font_size":{"unit":"px","size":12,"sizes":[]},"typography_font_size_tablet":{"unit":"px","size":12,"sizes":[]},"typography_font_size_mobile":{"unit":"px","size":12,"sizes":[]},"typography_font_weight":"700","typography_text_transform":"uppercase","typography_font_style":"normal","typography_text_decoration":"none","typography_line_height":{"unit":"em","size":1.399999999999999911182158029987476766109466552734375,"sizes":[]},"typography_line_height_tablet":{"unit":"em","size":1.399999999999999911182158029987476766109466552734375,"sizes":[]},"typography_line_height_mobile":{"unit":"em","size":1.399999999999999911182158029987476766109466552734375,"sizes":[]},"typography_letter_spacing":{"unit":"px","size":1.3000000000000000444089209850062616169452667236328125,"sizes":[]},"typography_letter_spacing_tablet":{"unit":"px","size":1.3000000000000000444089209850062616169452667236328125,"sizes":[]},"typography_letter_spacing_mobile":{"unit":"px","size":1.3000000000000000444089209850062616169452667236328125,"sizes":[]}},"elements":[],"isInner":false,"widgetType":"heading","elType":"widget"}],"isInner":true,"elType":"column"}],"isInner":true,"elType":"section"}],"isInner":false,"elType":"column"},{"id":"d58998f","settings":{"_column_size":33,"_inline_size":null,"_inline_size_tablet":100,"_inline_size_mobile":100,"space_between_widgets":0,"space_between_widgets_tablet":0,"space_between_widgets_mobile":0,"padding":{"unit":"px","top":"15","right":"15","bottom":"15","left":"15","isLinked":true},"padding_tablet":{"unit":"px","top":"15","right":"45","bottom":"15","left":"45","isLinked":false},"padding_mobile":{"unit":"px","top":"15","right":"30","bottom":"15","left":"30","isLinked":false}},"elements":[{"id":"59a221e6","settings":{"image":{"id":"5474","url":"https:\/\/www.cssigniter.com\/elementor\/wp-content\/uploads\/2020\/01\/album-img01.jpg"},"image_size":"full","align":"center","align_tablet":"center","align_mobile":"center","width":{"unit":"%","size":100,"sizes":[]},"width_tablet":{"unit":"%","size":100,"sizes":[]},"width_mobile":{"unit":"%","size":100,"sizes":[]},"space":{"unit":"%","size":100,"sizes":[]},"space_tablet":{"unit":"%","size":100,"sizes":[]},"space_mobile":{"unit":"%","size":100,"sizes":[]},"image_border_border":"solid","image_border_width":{"unit":"px","top":"10","right":"10","bottom":"10","left":"10","isLinked":true},"image_border_width_tablet":{"unit":"px","top":"10","right":"10","bottom":"10","left":"10","isLinked":true},"image_border_width_mobile":{"unit":"px","top":"10","right":"10","bottom":"10","left":"10","isLinked":true},"image_border_color":"#ffffff","image_border_radius":{"unit":"px","top":"0","right":"0","bottom":"0","left":"0","isLinked":false},"image_border_radius_tablet":{"unit":"px","top":"0","right":"0","bottom":"0","left":"0","isLinked":false},"image_border_radius_mobile":{"unit":"px","top":"0","right":"0","bottom":"0","left":"0","isLinked":false},"link_to":"custom","link":{"url":"https:\/\/www.cssigniter.com\/elementor\/rjones-album\/","is_external":"","nofollow":""}},"elements":[],"isInner":false,"widgetType":"image","elType":"widget"},{"id":"6c59ca36","settings":{"gap":"wider"},"elements":[{"id":"5d9eb7e8","settings":{"_column_size":100,"_inline_size":null,"background_background":"classic","background_color":"#ffffff","margin":{"unit":"px","top":"-40","right":"0","bottom":"0","left":"30","isLinked":false},"_inline_size_tablet":100,"_inline_size_mobile":100,"space_between_widgets":10,"space_between_widgets_tablet":10,"space_between_widgets_mobile":10,"margin_tablet":{"unit":"px","top":"-40","right":"0","bottom":"0","left":"30","isLinked":false},"margin_mobile":{"unit":"px","top":"-40","right":"0","bottom":"0","left":"30","isLinked":false}},"elements":[{"id":"2445f8f9","settings":{"title":"Please Me","link":{"url":"https:\/\/www.cssigniter.com\/elementor\/rjones-album\/","is_external":"","nofollow":""},"header_size":"h4","align":"left","align_tablet":"left","align_mobile":"left","title_color":"#ff5900","typography_typography":"custom","typography_font_family":"Oswald","typography_font_size":{"unit":"px","size":24,"sizes":[]},"typography_font_size_tablet":{"unit":"px","size":24,"sizes":[]},"typography_font_size_mobile":{"unit":"px","size":24,"sizes":[]},"typography_font_weight":"500","typography_text_transform":"uppercase","typography_font_style":"normal","typography_text_decoration":"none","typography_line_height":{"unit":"em","size":1.399999999999999911182158029987476766109466552734375,"sizes":[]},"typography_line_height_tablet":{"unit":"em","size":1.399999999999999911182158029987476766109466552734375,"sizes":[]},"typography_line_height_mobile":{"unit":"em","size":1.399999999999999911182158029987476766109466552734375,"sizes":[]},"motion_fx_blur_effect":"yes"},"elements":[],"isInner":false,"widgetType":"heading","elType":"widget"},{"id":"1280a478","settings":{"title":"APRIL 21, 2018","header_size":"p","align":"left","align_tablet":"left","align_mobile":"left","title_color":"#161b3e","typography_typography":"custom","typography_font_family":"Lato","typography_font_size":{"unit":"px","size":12,"sizes":[]},"typography_font_size_tablet":{"unit":"px","size":12,"sizes":[]},"typography_font_size_mobile":{"unit":"px","size":12,"sizes":[]},"typography_font_weight":"700","typography_text_transform":"uppercase","typography_font_style":"normal","typography_text_decoration":"none","typography_line_height":{"unit":"em","size":1.399999999999999911182158029987476766109466552734375,"sizes":[]},"typography_line_height_tablet":{"unit":"em","size":1.399999999999999911182158029987476766109466552734375,"sizes":[]},"typography_line_height_mobile":{"unit":"em","size":1.399999999999999911182158029987476766109466552734375,"sizes":[]},"typography_letter_spacing":{"unit":"px","size":1.3000000000000000444089209850062616169452667236328125,"sizes":[]},"typography_letter_spacing_tablet":{"unit":"px","size":1.3000000000000000444089209850062616169452667236328125,"sizes":[]},"typography_letter_spacing_mobile":{"unit":"px","size":1.3000000000000000444089209850062616169452667236328125,"sizes":[]}},"elements":[],"isInner":false,"widgetType":"heading","elType":"widget"}],"isInner":true,"elType":"column"}],"isInner":true,"elType":"section"}],"isInner":false,"elType":"column"},{"id":"7280ff1a","settings":{"_column_size":33,"_inline_size":null,"_inline_size_tablet":100,"_inline_size_mobile":100,"space_between_widgets":0,"space_between_widgets_tablet":0,"space_between_widgets_mobile":0,"padding":{"unit":"px","top":"15","right":"15","bottom":"15","left":"15","isLinked":true},"padding_tablet":{"unit":"px","top":"15","right":"45","bottom":"15","left":"45","isLinked":false},"padding_mobile":{"unit":"px","top":"15","right":"30","bottom":"15","left":"30","isLinked":false}},"elements":[{"id":"162340d1","settings":{"image":{"id":"5475","url":"https:\/\/www.cssigniter.com\/elementor\/wp-content\/uploads\/2020\/01\/album-img04.jpg"},"image_size":"full","align":"center","align_tablet":"center","align_mobile":"center","width":{"unit":"%","size":100,"sizes":[]},"width_tablet":{"unit":"%","size":100,"sizes":[]},"width_mobile":{"unit":"%","size":100,"sizes":[]},"space":{"unit":"%","size":100,"sizes":[]},"space_tablet":{"unit":"%","size":100,"sizes":[]},"space_mobile":{"unit":"%","size":100,"sizes":[]},"image_border_border":"solid","image_border_width":{"unit":"px","top":"10","right":"10","bottom":"10","left":"10","isLinked":true},"image_border_width_tablet":{"unit":"px","top":"10","right":"10","bottom":"10","left":"10","isLinked":true},"image_border_width_mobile":{"unit":"px","top":"10","right":"10","bottom":"10","left":"10","isLinked":true},"image_border_color":"#ffffff","image_border_radius":{"unit":"px","top":"0","right":"0","bottom":"0","left":"0","isLinked":false},"image_border_radius_tablet":{"unit":"px","top":"0","right":"0","bottom":"0","left":"0","isLinked":false},"image_border_radius_mobile":{"unit":"px","top":"0","right":"0","bottom":"0","left":"0","isLinked":false},"link_to":"custom","link":{"url":"https:\/\/www.cssigniter.com\/elementor\/rjones-album\/","is_external":"","nofollow":""}},"elements":[],"isInner":false,"widgetType":"image","elType":"widget"},{"id":"42e692f9","settings":{"gap":"wider"},"elements":[{"id":"13e09c5e","settings":{"_column_size":100,"_inline_size":null,"background_background":"classic","background_color":"#ffffff","margin":{"unit":"px","top":"-40","right":"0","bottom":"0","left":"30","isLinked":false},"_inline_size_tablet":100,"_inline_size_mobile":100,"space_between_widgets":10,"space_between_widgets_tablet":10,"space_between_widgets_mobile":10,"margin_tablet":{"unit":"px","top":"-40","right":"0","bottom":"0","left":"30","isLinked":false},"margin_mobile":{"unit":"px","top":"-40","right":"0","bottom":"0","left":"30","isLinked":false}},"elements":[{"id":"493a2bd9","settings":{"title":"One Breath Away","link":{"url":"https:\/\/www.cssigniter.com\/elementor\/rjones-album\/","is_external":"","nofollow":""},"header_size":"h4","align":"left","align_tablet":"left","align_mobile":"left","title_color":"#ff5900","typography_typography":"custom","typography_font_family":"Oswald","typography_font_size":{"unit":"px","size":24,"sizes":[]},"typography_font_size_tablet":{"unit":"px","size":24,"sizes":[]},"typography_font_size_mobile":{"unit":"px","size":24,"sizes":[]},"typography_font_weight":"500","typography_text_transform":"uppercase","typography_font_style":"normal","typography_text_decoration":"none","typography_line_height":{"unit":"em","size":1.399999999999999911182158029987476766109466552734375,"sizes":[]},"typography_line_height_tablet":{"unit":"em","size":1.399999999999999911182158029987476766109466552734375,"sizes":[]},"typography_line_height_mobile":{"unit":"em","size":1.399999999999999911182158029987476766109466552734375,"sizes":[]},"motion_fx_blur_effect":"yes"},"elements":[],"isInner":false,"widgetType":"heading","elType":"widget"},{"id":"6d4cb5b1","settings":{"title":"JANUARY 1, 2017","header_size":"p","align":"left","align_tablet":"left","align_mobile":"left","title_color":"#161b3e","typography_typography":"custom","typography_font_family":"Lato","typography_font_size":{"unit":"px","size":12,"sizes":[]},"typography_font_size_tablet":{"unit":"px","size":12,"sizes":[]},"typography_font_size_mobile":{"unit":"px","size":12,"sizes":[]},"typography_font_weight":"700","typography_text_transform":"uppercase","typography_font_style":"normal","typography_text_decoration":"none","typography_line_height":{"unit":"em","size":1.399999999999999911182158029987476766109466552734375,"sizes":[]},"typography_line_height_tablet":{"unit":"em","size":1.399999999999999911182158029987476766109466552734375,"sizes":[]},"typography_line_height_mobile":{"unit":"em","size":1.399999999999999911182158029987476766109466552734375,"sizes":[]},"typography_letter_spacing":{"unit":"px","size":1.3000000000000000444089209850062616169452667236328125,"sizes":[]},"typography_letter_spacing_tablet":{"unit":"px","size":1.3000000000000000444089209850062616169452667236328125,"sizes":[]},"typography_letter_spacing_mobile":{"unit":"px","size":1.3000000000000000444089209850062616169452667236328125,"sizes":[]}},"elements":[],"isInner":false,"widgetType":"heading","elType":"widget"}],"isInner":true,"elType":"column"}],"isInner":true,"elType":"section"}],"isInner":false,"elType":"column"}],"isInner":false,"elType":"section"},{"id":"7075b90c","settings":{"gap":"extended","content_position":"top","structure":"30","background_background":"classic","background_color":"#f8f3ea"},"elements":[{"id":"3c8fa603","settings":{"_column_size":33,"_inline_size":null,"_inline_size_tablet":100,"_inline_size_mobile":100,"space_between_widgets":0,"space_between_widgets_tablet":0,"space_between_widgets_mobile":0,"padding":{"unit":"px","top":"15","right":"15","bottom":"15","left":"15","isLinked":true},"padding_tablet":{"unit":"px","top":"15","right":"45","bottom":"15","left":"45","isLinked":false},"padding_mobile":{"unit":"px","top":"15","right":"30","bottom":"15","left":"30","isLinked":false}},"elements":[{"id":"47f597d9","settings":{"image":{"id":"5476","url":"https:\/\/www.cssigniter.com\/elementor\/wp-content\/uploads\/2020\/01\/album-img02.jpg"},"image_size":"full","align":"center","align_tablet":"center","align_mobile":"center","width":{"unit":"%","size":100,"sizes":[]},"width_tablet":{"unit":"%","size":100,"sizes":[]},"width_mobile":{"unit":"%","size":100,"sizes":[]},"space":{"unit":"%","size":100,"sizes":[]},"space_tablet":{"unit":"%","size":100,"sizes":[]},"space_mobile":{"unit":"%","size":100,"sizes":[]},"image_border_border":"solid","image_border_width":{"unit":"px","top":"10","right":"10","bottom":"10","left":"10","isLinked":true},"image_border_width_tablet":{"unit":"px","top":"10","right":"10","bottom":"10","left":"10","isLinked":true},"image_border_width_mobile":{"unit":"px","top":"10","right":"10","bottom":"10","left":"10","isLinked":true},"image_border_color":"#ffffff","image_border_radius":{"unit":"px","top":"0","right":"0","bottom":"0","left":"0","isLinked":false},"image_border_radius_tablet":{"unit":"px","top":"0","right":"0","bottom":"0","left":"0","isLinked":false},"image_border_radius_mobile":{"unit":"px","top":"0","right":"0","bottom":"0","left":"0","isLinked":false},"link_to":"custom","link":{"url":"https:\/\/www.cssigniter.com\/elementor\/rjones-album\/","is_external":"","nofollow":""}},"elements":[],"isInner":false,"widgetType":"image","elType":"widget"},{"id":"3a948622","settings":{"gap":"wider"},"elements":[{"id":"408353a5","settings":{"_column_size":100,"_inline_size":null,"background_background":"classic","background_color":"#ffffff","margin":{"unit":"px","top":"-40","right":"0","bottom":"0","left":"30","isLinked":false},"_inline_size_tablet":100,"_inline_size_mobile":100,"space_between_widgets":10,"space_between_widgets_tablet":10,"space_between_widgets_mobile":10,"margin_tablet":{"unit":"px","top":"-40","right":"0","bottom":"0","left":"30","isLinked":false},"margin_mobile":{"unit":"px","top":"-40","right":"0","bottom":"0","left":"30","isLinked":false}},"elements":[{"id":"5bc93c6c","settings":{"title":"Can\u2019t Break Me Down","link":{"url":"https:\/\/www.cssigniter.com\/elementor\/rjones-album\/","is_external":"","nofollow":""},"header_size":"h4","align":"left","align_tablet":"left","align_mobile":"left","title_color":"#ff5900","typography_typography":"custom","typography_font_family":"Oswald","typography_font_size":{"unit":"px","size":24,"sizes":[]},"typography_font_size_tablet":{"unit":"px","size":24,"sizes":[]},"typography_font_size_mobile":{"unit":"px","size":24,"sizes":[]},"typography_font_weight":"500","typography_text_transform":"uppercase","typography_font_style":"normal","typography_text_decoration":"none","typography_line_height":{"unit":"em","size":1.399999999999999911182158029987476766109466552734375,"sizes":[]},"typography_line_height_tablet":{"unit":"em","size":1.399999999999999911182158029987476766109466552734375,"sizes":[]},"typography_line_height_mobile":{"unit":"em","size":1.399999999999999911182158029987476766109466552734375,"sizes":[]},"motion_fx_blur_effect":"yes"},"elements":[],"isInner":false,"widgetType":"heading","elType":"widget"},{"id":"3745ca88","settings":{"title":"DECEMBER 24, 2016","header_size":"p","align":"left","align_tablet":"left","align_mobile":"left","title_color":"#161b3e","typography_typography":"custom","typography_font_family":"Lato","typography_font_size":{"unit":"px","size":12,"sizes":[]},"typography_font_size_tablet":{"unit":"px","size":12,"sizes":[]},"typography_font_size_mobile":{"unit":"px","size":12,"sizes":[]},"typography_font_weight":"700","typography_text_transform":"uppercase","typography_font_style":"normal","typography_text_decoration":"none","typography_line_height":{"unit":"em","size":1.399999999999999911182158029987476766109466552734375,"sizes":[]},"typography_line_height_tablet":{"unit":"em","size":1.399999999999999911182158029987476766109466552734375,"sizes":[]},"typography_line_height_mobile":{"unit":"em","size":1.399999999999999911182158029987476766109466552734375,"sizes":[]},"typography_letter_spacing":{"unit":"px","size":1.3000000000000000444089209850062616169452667236328125,"sizes":[]},"typography_letter_spacing_tablet":{"unit":"px","size":1.3000000000000000444089209850062616169452667236328125,"sizes":[]},"typography_letter_spacing_mobile":{"unit":"px","size":1.3000000000000000444089209850062616169452667236328125,"sizes":[]}},"elements":[],"isInner":false,"widgetType":"heading","elType":"widget"}],"isInner":true,"elType":"column"}],"isInner":true,"elType":"section"}],"isInner":false,"elType":"column"},{"id":"4ef1ef07","settings":{"_column_size":33,"_inline_size":null,"_inline_size_tablet":100,"_inline_size_mobile":100,"space_between_widgets":0,"space_between_widgets_tablet":0,"space_between_widgets_mobile":0,"padding":{"unit":"px","top":"15","right":"15","bottom":"15","left":"15","isLinked":true},"padding_tablet":{"unit":"px","top":"15","right":"45","bottom":"15","left":"45","isLinked":false},"padding_mobile":{"unit":"px","top":"15","right":"30","bottom":"15","left":"30","isLinked":false}},"elements":[{"id":"318ef69e","settings":{"image":{"id":"5477","url":"https:\/\/www.cssigniter.com\/elementor\/wp-content\/uploads\/2020\/01\/album-img06.jpg"},"image_size":"full","align":"center","align_tablet":"center","align_mobile":"center","width":{"unit":"%","size":100,"sizes":[]},"width_tablet":{"unit":"%","size":100,"sizes":[]},"width_mobile":{"unit":"%","size":100,"sizes":[]},"space":{"unit":"%","size":100,"sizes":[]},"space_tablet":{"unit":"%","size":100,"sizes":[]},"space_mobile":{"unit":"%","size":100,"sizes":[]},"image_border_border":"solid","image_border_width":{"unit":"px","top":"10","right":"10","bottom":"10","left":"10","isLinked":true},"image_border_width_tablet":{"unit":"px","top":"10","right":"10","bottom":"10","left":"10","isLinked":true},"image_border_width_mobile":{"unit":"px","top":"10","right":"10","bottom":"10","left":"10","isLinked":true},"image_border_color":"#ffffff","image_border_radius":{"unit":"px","top":"0","right":"0","bottom":"0","left":"0","isLinked":false},"image_border_radius_tablet":{"unit":"px","top":"0","right":"0","bottom":"0","left":"0","isLinked":false},"image_border_radius_mobile":{"unit":"px","top":"0","right":"0","bottom":"0","left":"0","isLinked":false},"link_to":"custom","link":{"url":"https:\/\/www.cssigniter.com\/elementor\/rjones-album\/","is_external":"","nofollow":""}},"elements":[],"isInner":false,"widgetType":"image","elType":"widget"},{"id":"6fdd7ac3","settings":{"gap":"wider"},"elements":[{"id":"d7948c1","settings":{"_column_size":100,"_inline_size":null,"background_background":"classic","background_color":"#ffffff","margin":{"unit":"px","top":"-40","right":"0","bottom":"0","left":"30","isLinked":false},"_inline_size_tablet":100,"_inline_size_mobile":100,"space_between_widgets":10,"space_between_widgets_tablet":10,"space_between_widgets_mobile":10,"margin_tablet":{"unit":"px","top":"-40","right":"0","bottom":"0","left":"30","isLinked":false},"margin_mobile":{"unit":"px","top":"-40","right":"0","bottom":"0","left":"30","isLinked":false}},"elements":[{"id":"7cabf9bb","settings":{"title":"Nothing To Fear","link":{"url":"https:\/\/www.cssigniter.com\/elementor\/rjones-album\/","is_external":"","nofollow":""},"header_size":"h4","align":"left","align_tablet":"left","align_mobile":"left","title_color":"#ff5900","typography_typography":"custom","typography_font_family":"Oswald","typography_font_size":{"unit":"px","size":24,"sizes":[]},"typography_font_size_tablet":{"unit":"px","size":24,"sizes":[]},"typography_font_size_mobile":{"unit":"px","size":24,"sizes":[]},"typography_font_weight":"500","typography_text_transform":"uppercase","typography_font_style":"normal","typography_text_decoration":"none","typography_line_height":{"unit":"em","size":1.399999999999999911182158029987476766109466552734375,"sizes":[]},"typography_line_height_tablet":{"unit":"em","size":1.399999999999999911182158029987476766109466552734375,"sizes":[]},"typography_line_height_mobile":{"unit":"em","size":1.399999999999999911182158029987476766109466552734375,"sizes":[]},"motion_fx_blur_effect":"yes"},"elements":[],"isInner":false,"widgetType":"heading","elType":"widget"},{"id":"4ff5e6e2","settings":{"title":"MAY 8, 2015","header_size":"p","align":"left","align_tablet":"left","align_mobile":"left","title_color":"#161b3e","typography_typography":"custom","typography_font_family":"Lato","typography_font_size":{"unit":"px","size":12,"sizes":[]},"typography_font_size_tablet":{"unit":"px","size":12,"sizes":[]},"typography_font_size_mobile":{"unit":"px","size":12,"sizes":[]},"typography_font_weight":"700","typography_text_transform":"uppercase","typography_font_style":"normal","typography_text_decoration":"none","typography_line_height":{"unit":"em","size":1.399999999999999911182158029987476766109466552734375,"sizes":[]},"typography_line_height_tablet":{"unit":"em","size":1.399999999999999911182158029987476766109466552734375,"sizes":[]},"typography_line_height_mobile":{"unit":"em","size":1.399999999999999911182158029987476766109466552734375,"sizes":[]},"typography_letter_spacing":{"unit":"px","size":1.3000000000000000444089209850062616169452667236328125,"sizes":[]},"typography_letter_spacing_tablet":{"unit":"px","size":1.3000000000000000444089209850062616169452667236328125,"sizes":[]},"typography_letter_spacing_mobile":{"unit":"px","size":1.3000000000000000444089209850062616169452667236328125,"sizes":[]}},"elements":[],"isInner":false,"widgetType":"heading","elType":"widget"}],"isInner":true,"elType":"column"}],"isInner":true,"elType":"section"}],"isInner":false,"elType":"column"},{"id":"1754189","settings":{"_column_size":33,"_inline_size":null,"_inline_size_tablet":100,"_inline_size_mobile":100,"space_between_widgets":0,"space_between_widgets_tablet":0,"space_between_widgets_mobile":0,"padding":{"unit":"px","top":"15","right":"15","bottom":"15","left":"15","isLinked":true},"padding_tablet":{"unit":"px","top":"15","right":"45","bottom":"15","left":"45","isLinked":false},"padding_mobile":{"unit":"px","top":"15","right":"30","bottom":"15","left":"30","isLinked":false}},"elements":[{"id":"1c193bef","settings":{"image":{"id":"5478","url":"https:\/\/www.cssigniter.com\/elementor\/wp-content\/uploads\/2020\/01\/album-img05.jpg"},"image_size":"full","align":"center","align_tablet":"center","align_mobile":"center","width":{"unit":"%","size":100,"sizes":[]},"width_tablet":{"unit":"%","size":100,"sizes":[]},"width_mobile":{"unit":"%","size":100,"sizes":[]},"space":{"unit":"%","size":100,"sizes":[]},"space_tablet":{"unit":"%","size":100,"sizes":[]},"space_mobile":{"unit":"%","size":100,"sizes":[]},"image_border_border":"solid","image_border_width":{"unit":"px","top":"10","right":"10","bottom":"10","left":"10","isLinked":true},"image_border_width_tablet":{"unit":"px","top":"10","right":"10","bottom":"10","left":"10","isLinked":true},"image_border_width_mobile":{"unit":"px","top":"10","right":"10","bottom":"10","left":"10","isLinked":true},"image_border_color":"#ffffff","image_border_radius":{"unit":"px","top":"0","right":"0","bottom":"0","left":"0","isLinked":false},"image_border_radius_tablet":{"unit":"px","top":"0","right":"0","bottom":"0","left":"0","isLinked":false},"image_border_radius_mobile":{"unit":"px","top":"0","right":"0","bottom":"0","left":"0","isLinked":false},"link_to":"custom","link":{"url":"https:\/\/www.cssigniter.com\/elementor\/rjones-album\/","is_external":"","nofollow":""}},"elements":[],"isInner":false,"widgetType":"image","elType":"widget"},{"id":"792800b3","settings":{"gap":"wider"},"elements":[{"id":"11e05e79","settings":{"_column_size":100,"_inline_size":null,"background_background":"classic","background_color":"#ffffff","margin":{"unit":"px","top":"-40","right":"0","bottom":"0","left":"30","isLinked":false},"_inline_size_tablet":100,"_inline_size_mobile":100,"space_between_widgets":10,"space_between_widgets_tablet":10,"space_between_widgets_mobile":10,"margin_tablet":{"unit":"px","top":"-40","right":"0","bottom":"0","left":"30","isLinked":false},"margin_mobile":{"unit":"px","top":"-40","right":"0","bottom":"0","left":"30","isLinked":false}},"elements":[{"id":"4656b92","settings":{"title":"If I Knew","link":{"url":"https:\/\/www.cssigniter.com\/elementor\/rjones-album\/","is_external":"","nofollow":""},"header_size":"h4","align":"left","align_tablet":"left","align_mobile":"left","title_color":"#ff5900","typography_typography":"custom","typography_font_family":"Oswald","typography_font_size":{"unit":"px","size":24,"sizes":[]},"typography_font_size_tablet":{"unit":"px","size":24,"sizes":[]},"typography_font_size_mobile":{"unit":"px","size":24,"sizes":[]},"typography_font_weight":"500","typography_text_transform":"uppercase","typography_font_style":"normal","typography_text_decoration":"none","typography_line_height":{"unit":"em","size":1.399999999999999911182158029987476766109466552734375,"sizes":[]},"typography_line_height_tablet":{"unit":"em","size":1.399999999999999911182158029987476766109466552734375,"sizes":[]},"typography_line_height_mobile":{"unit":"em","size":1.399999999999999911182158029987476766109466552734375,"sizes":[]},"motion_fx_blur_effect":"yes"},"elements":[],"isInner":false,"widgetType":"heading","elType":"widget"},{"id":"3c2a78a0","settings":{"title":"June 17, 2015","header_size":"p","align":"left","align_tablet":"left","align_mobile":"left","title_color":"#161b3e","typography_typography":"custom","typography_font_family":"Lato","typography_font_size":{"unit":"px","size":12,"sizes":[]},"typography_font_size_tablet":{"unit":"px","size":12,"sizes":[]},"typography_font_size_mobile":{"unit":"px","size":12,"sizes":[]},"typography_font_weight":"700","typography_text_transform":"uppercase","typography_font_style":"normal","typography_text_decoration":"none","typography_line_height":{"unit":"em","size":1.399999999999999911182158029987476766109466552734375,"sizes":[]},"typography_line_height_tablet":{"unit":"em","size":1.399999999999999911182158029987476766109466552734375,"sizes":[]},"typography_line_height_mobile":{"unit":"em","size":1.399999999999999911182158029987476766109466552734375,"sizes":[]},"typography_letter_spacing":{"unit":"px","size":1.3000000000000000444089209850062616169452667236328125,"sizes":[]},"typography_letter_spacing_tablet":{"unit":"px","size":1.3000000000000000444089209850062616169452667236328125,"sizes":[]},"typography_letter_spacing_mobile":{"unit":"px","size":1.3000000000000000444089209850062616169452667236328125,"sizes":[]}},"elements":[],"isInner":false,"widgetType":"heading","elType":"widget"}],"isInner":true,"elType":"column"}],"isInner":true,"elType":"section"}],"isInner":false,"elType":"column"}],"isInner":false,"elType":"section"},{"id":"389af17a","settings":{"gap":"extended","background_background":"classic","background_color":"#f8f3ea"},"elements":[{"id":"4105f927","settings":{"_column_size":100,"_inline_size_tablet":100,"padding":{"unit":"px","top":"15","right":"15","bottom":"15","left":"15","isLinked":true},"padding_tablet":{"unit":"px","top":"15","right":"45","bottom":"15","left":"45","isLinked":false},"padding_mobile":{"unit":"px","top":"15","right":"30","bottom":"15","left":"30","isLinked":false}},"elements":[{"id":"626678e0","settings":{"space":{"unit":"px","size":335,"sizes":[]},"space_tablet":{"unit":"px","size":315,"sizes":[]},"space_mobile":{"unit":"px","size":240,"sizes":[]}},"elements":[],"isInner":false,"widgetType":"spacer","elType":"widget"}],"isInner":false,"elType":"column"}],"isInner":false,"elType":"section"},{"id":"64bcef94","settings":{"gap":"extended","content_position":"top","background_background":"classic","background_color":"#ffffff","border_border":"solid","border_width":{"unit":"px","top":"0","right":"40","bottom":"0","left":"40","isLinked":false},"border_width_tablet":{"unit":"px","top":"0","right":"15","bottom":"0","left":"15","isLinked":false},"border_width_mobile":{"unit":"px","top":"0","right":"10","bottom":"0","left":"10","isLinked":false},"border_color":"#f8f3ea","border_radius":{"unit":"px","top":"0","right":"0","bottom":"0","left":"0","isLinked":false},"border_radius_tablet":{"unit":"px","top":"0","right":"0","bottom":"0","left":"0","isLinked":false},"border_radius_mobile":{"unit":"px","top":"0","right":"0","bottom":"0","left":"0","isLinked":false}},"elements":[{"id":"4fead0bf","settings":{"_column_size":100,"_inline_size_tablet":100,"_inline_size_mobile":100,"space_between_widgets":10,"space_between_widgets_tablet":10,"space_between_widgets_mobile":10,"padding":{"unit":"px","top":"100","right":"250","bottom":"100","left":"250","isLinked":false},"padding_tablet":{"unit":"px","top":"80","right":"40","bottom":"80","left":"40","isLinked":false},"padding_mobile":{"unit":"px","top":"50","right":"30","bottom":"50","left":"30","isLinked":false},"background_background":"classic","background_color":"#161b3e","margin":{"unit":"px","top":"-180","right":"15","bottom":"0","left":"15","isLinked":false},"margin_tablet":{"unit":"px","top":"-160","right":"30","bottom":"0","left":"30","isLinked":false},"margin_mobile":{"unit":"px","top":"-165","right":"20","bottom":"0","left":"20","isLinked":false}},"elements":[{"id":"bc80bd","settings":{"editor":"<p><span style=\"color: #ff6d00;\">Subscribe<\/span> to Get Updates<\/p>","align":"center","align_tablet":"center","align_mobile":"center","text_color":"#ffffff","typography_typography":"custom","typography_font_family":"Oswald","typography_font_size":{"unit":"px","size":36,"sizes":[]},"typography_font_size_tablet":{"unit":"px","size":36,"sizes":[]},"typography_font_size_mobile":{"unit":"px","size":36,"sizes":[]},"typography_font_weight":"500","typography_text_transform":"uppercase","typography_font_style":"normal","typography_text_decoration":"none","typography_line_height":{"unit":"em","size":1.3000000000000000444089209850062616169452667236328125,"sizes":[]},"typography_line_height_tablet":{"unit":"em","size":1.3000000000000000444089209850062616169452667236328125,"sizes":[]},"typography_line_height_mobile":{"unit":"em","size":1.3000000000000000444089209850062616169452667236328125,"sizes":[]},"_margin":{"unit":"px","top":"0","right":"0","bottom":"-40","left":"0","isLinked":false},"_margin_tablet":{"unit":"px","top":"0","right":"0","bottom":"-40","left":"0","isLinked":false},"_margin_mobile":{"unit":"px","top":"0","right":"0","bottom":"-40","left":"0","isLinked":false}},"elements":[],"isInner":false,"widgetType":"text-editor","elType":"widget"},{"id":"11a1ffca","settings":{"title":"Stay up to date!","header_size":"p","align":"center","align_tablet":"center","align_mobile":"center","title_color":"#ffffff","typography_typography":"custom","typography_font_family":"Lato","typography_font_size":{"unit":"px","size":14,"sizes":[]},"typography_font_size_tablet":{"unit":"px","size":14,"sizes":[]},"typography_font_size_mobile":{"unit":"px","size":14,"sizes":[]},"typography_font_weight":"700","typography_text_transform":"uppercase","typography_font_style":"normal","typography_text_decoration":"none","typography_line_height":{"unit":"em","size":1,"sizes":[]},"typography_line_height_tablet":{"unit":"em","size":1,"sizes":[]},"typography_line_height_mobile":{"unit":"em","size":1.5,"sizes":[]},"typography_letter_spacing":{"unit":"px","size":4,"sizes":[]},"typography_letter_spacing_tablet":{"unit":"px","size":4,"sizes":[]},"typography_letter_spacing_mobile":{"unit":"px","size":4,"sizes":[]}},"elements":[],"isInner":false,"widgetType":"heading","elType":"widget"},{"id":"19c226df","settings":{"space":{"unit":"px","size":20,"sizes":[]},"space_tablet":{"unit":"px","size":20,"sizes":[]},"space_mobile":{"unit":"px","size":20,"sizes":[]}},"elements":[],"isInner":false,"widgetType":"spacer","elType":"widget"},{"id":"710f1353","settings":{"form_name":"New Form","form_fields":[{"custom_id":"email","field_type":"email","required":"true","field_label":"Email","placeholder":"Enter your Email","width":"75","_id":"533a3fb","field_options":"","allow_multiple":"","select_size":"","inline_list":"","field_html":"","width_tablet":"75","width_mobile":"100","rows":4,"recaptcha_size":"normal","recaptcha_style":"light","recaptcha_badge":"bottomright","css_classes":"","field_value":"","file_sizes":"","file_types":"","allow_multiple_upload":"","max_files":"","acceptance_text":"","checked_by_default":"","field_min":"","field_max":"","min_date":"","max_date":"","use_native_date":"","use_native_time":""}],"input_size":"md","show_labels":"","button_text":"subscribe","button_size":"md","button_width":"25","button_width_tablet":"25","button_width_mobile":"100","button_align_tablet":"stretch","button_align_mobile":"stretch","email_content":"[all-fields]","email_content_2":"[all-fields]","success_message":"The form was sent successfully.","error_message":"An error occured.","required_field_message":"This field is required.","invalid_message":"There's something wrong. The form is invalid.","field_text_color":"#7e7e7e","field_typography_typography":"custom","field_typography_font_family":"Lato","field_typography_font_size":{"unit":"px","size":16,"sizes":[]},"field_typography_font_size_tablet":{"unit":"px","size":16,"sizes":[]},"field_typography_font_size_mobile":{"unit":"px","size":16,"sizes":[]},"field_typography_font_weight":"400","field_typography_text_transform":"none","field_typography_font_style":"normal","field_typography_text_decoration":"none","field_typography_line_height":{"unit":"em","size":2.600000000000000088817841970012523233890533447265625,"sizes":[]},"field_typography_line_height_tablet":{"unit":"em","size":2.600000000000000088817841970012523233890533447265625,"sizes":[]},"field_typography_line_height_mobile":{"unit":"em","size":2.600000000000000088817841970012523233890533447265625,"sizes":[]},"field_border_width":{"unit":"px","top":"0","right":"0","bottom":"0","left":"0","isLinked":true},"field_border_radius":{"unit":"px","top":"0","right":"0","bottom":"0","left":"0","isLinked":false},"button_background_color":"#161b3e","button_text_color":"#ffffff","button_typography_typography":"custom","button_typography_font_size":{"unit":"px","size":14,"sizes":[]},"button_typography_font_size_tablet":{"unit":"px","size":14,"sizes":[]},"button_typography_font_size_mobile":{"unit":"px","size":14,"sizes":[]},"button_typography_font_weight":"700","button_typography_text_transform":"uppercase","button_typography_font_style":"normal","button_typography_text_decoration":"none","button_typography_line_height":{"unit":"em","size":1.399999999999999911182158029987476766109466552734375,"sizes":[]},"button_typography_line_height_tablet":{"unit":"em","size":1.399999999999999911182158029987476766109466552734375,"sizes":[]},"button_typography_line_height_mobile":{"unit":"em","size":1.399999999999999911182158029987476766109466552734375,"sizes":[]},"button_border_border":"solid","button_border_width":{"unit":"px","top":"2","right":"2","bottom":"2","left":"2","isLinked":true},"button_border_width_tablet":{"unit":"px","top":"2","right":"2","bottom":"2","left":"2","isLinked":true},"button_border_width_mobile":{"unit":"px","top":"2","right":"2","bottom":"2","left":"2","isLinked":true},"button_border_color":"#ff6d00","button_border_radius":{"unit":"px","top":"0","right":"0","bottom":"0","left":"0","isLinked":false},"button_background_hover_color":"#ff6d00","button_hover_color":"#ffffff","button_hover_border_color":"#ff6d00"},"elements":[],"isInner":false,"widgetType":"form","elType":"widget"}],"isInner":false,"elType":"column"}],"isInner":false,"elType":"section"},{"id":"421de3a2","settings":{"gap":"extended","content_position":"top","background_background":"classic","background_color":"#ffffff","border_border":"solid","border_width":{"unit":"px","top":"0","right":"40","bottom":"40","left":"40","isLinked":false},"border_width_tablet":{"unit":"px","top":"0","right":"15","bottom":"15","left":"15","isLinked":false},"border_width_mobile":{"unit":"px","top":"0","right":"10","bottom":"10","left":"10","isLinked":false},"border_color":"#f8f3ea","border_radius":{"unit":"px","top":"0","right":"0","bottom":"0","left":"0","isLinked":false},"border_radius_tablet":{"unit":"px","top":"0","right":"0","bottom":"0","left":"0","isLinked":false},"border_radius_mobile":{"unit":"px","top":"0","right":"0","bottom":"0","left":"0","isLinked":false}},"elements":[{"id":"4e431aa5","settings":{"_column_size":100,"_inline_size_tablet":100,"_inline_size_mobile":100,"space_between_widgets":10,"space_between_widgets_tablet":10,"space_between_widgets_mobile":10,"padding":{"unit":"px","top":"15","right":"15","bottom":"15","left":"15","isLinked":true},"padding_tablet":{"unit":"px","top":"15","right":"30","bottom":"15","left":"30","isLinked":false},"padding_mobile":{"unit":"px","top":"15","right":"20","bottom":"15","left":"20","isLinked":false}},"elements":[{"id":"abf0490","settings":{"space":{"unit":"px","size":175,"sizes":[]},"space_tablet":{"unit":"px","size":175,"sizes":[]},"space_mobile":{"unit":"px","size":95,"sizes":[]}},"elements":[],"isInner":false,"widgetType":"spacer","elType":"widget"},{"id":"26ce4689","settings":{"image":{"id":"5484","url":"https:\/\/www.cssigniter.com\/elementor\/wp-content\/uploads\/2020\/01\/footer-logo-rjones.png"},"image_size":"full","align":"center","align_tablet":"center"},"elements":[],"isInner":false,"widgetType":"image","elType":"widget"},{"id":"5849528f","settings":{"space":{"unit":"px","size":10,"sizes":[]},"space_tablet":{"unit":"px","size":10,"sizes":[]},"space_mobile":{"unit":"px","size":10,"sizes":[]}},"elements":[],"isInner":false,"widgetType":"spacer","elType":"widget"},{"id":"42af5788","settings":{"title":"jones@cssigniter.com","header_size":"p","align":"center","align_tablet":"center","align_mobile":"center","title_color":"#161b3e","typography_typography":"custom","typography_font_family":"Lato","typography_font_size":{"unit":"px","size":16,"sizes":[]},"typography_font_size_tablet":{"unit":"px","size":16,"sizes":[]},"typography_font_size_mobile":{"unit":"px","size":16,"sizes":[]},"typography_font_weight":"400","typography_text_transform":"none","typography_text_decoration":"none","typography_line_height":{"unit":"em","size":1,"sizes":[]},"typography_line_height_tablet":{"unit":"em","size":1,"sizes":[]},"typography_line_height_mobile":{"unit":"em","size":1,"sizes":[]}},"elements":[],"isInner":false,"widgetType":"heading","elType":"widget"},{"id":"62fd326f","settings":{"title":"2019 \u00a9 Robert, All rights reserved.","header_size":"p","align":"center","align_tablet":"center","align_mobile":"center","title_color":"#161b3e","typography_typography":"custom","typography_font_family":"Lato","typography_font_size":{"unit":"px","size":16,"sizes":[]},"typography_font_size_tablet":{"unit":"px","size":16,"sizes":[]},"typography_font_size_mobile":{"unit":"px","size":16,"sizes":[]},"typography_font_weight":"400","typography_text_transform":"none","typography_text_decoration":"none","typography_line_height":{"unit":"em","size":1,"sizes":[]},"typography_line_height_tablet":{"unit":"em","size":1,"sizes":[]},"typography_line_height_mobile":{"unit":"em","size":1,"sizes":[]}},"elements":[],"isInner":false,"widgetType":"heading","elType":"widget"},{"id":"2079efcc","settings":{"space":{"unit":"px","size":10,"sizes":[]},"space_tablet":{"unit":"px","size":10,"sizes":[]},"space_mobile":{"unit":"px","size":10,"sizes":[]}},"elements":[],"isInner":false,"widgetType":"spacer","elType":"widget"},{"id":"8b2695b","settings":{"social_icon_list":[{"social_icon":{"value":"fab fa-facebook-f","library":"fa-brands"},"_id":"36495f7","link":{"url":"#","is_external":"true","nofollow":""},"item_icon_color":"default","item_icon_primary_color":"","item_icon_secondary_color":""},{"social_icon":{"value":"fab fa-twitter","library":"fa-brands"},"_id":"cd63829","link":{"url":"#","is_external":"true","nofollow":""},"item_icon_color":"default","item_icon_primary_color":"","item_icon_secondary_color":""},{"social_icon":{"value":"fab fa-spotify","library":"fa-brands"},"_id":"2ccc5ba","link":{"url":"#","is_external":"true","nofollow":""},"item_icon_color":"default","item_icon_primary_color":"","item_icon_secondary_color":""},{"social_icon":{"value":"fab fa-youtube","library":"fa-brands"},"_id":"d63cc4f","link":{"url":"#","is_external":"true","nofollow":""},"item_icon_color":"default","item_icon_primary_color":"","item_icon_secondary_color":""},{"social_icon":{"value":"fab fa-soundcloud","library":"fa-brands"},"_id":"0d8db8b","link":{"url":"#","is_external":"true","nofollow":""},"item_icon_color":"default","item_icon_primary_color":"","item_icon_secondary_color":""},{"social_icon":{"value":"fab fa-instagram","library":"fa-brands"},"_id":"21ebc19","link":{"url":"#","is_external":"true","nofollow":""},"item_icon_color":"default","item_icon_primary_color":"","item_icon_secondary_color":""}],"shape":"circle","align_tablet":"center","align_mobile":"center","icon_color":"custom","icon_primary_color":"#ffffff","icon_secondary_color":"#161b3e","icon_size":{"unit":"px","size":20,"sizes":[]},"icon_size_tablet":{"unit":"px","size":20,"sizes":[]},"icon_size_mobile":{"unit":"px","size":16,"sizes":[]},"icon_padding":{"unit":"em","size":0.6999999999999999555910790149937383830547332763671875,"sizes":[]},"icon_padding_tablet":{"unit":"em","size":0.6999999999999999555910790149937383830547332763671875,"sizes":[]},"icon_padding_mobile":{"unit":"em","size":0.5,"sizes":[]},"icon_spacing":{"unit":"px","size":10,"sizes":[]},"icon_spacing_tablet":{"unit":"px","size":10,"sizes":[]},"icon_spacing_mobile":{"unit":"px","size":10,"sizes":[]},"image_border_border":"solid","image_border_width":{"unit":"px","top":"2","right":"2","bottom":"2","left":"2","isLinked":true},"image_border_width_tablet":{"unit":"px","top":"2","right":"2","bottom":"2","left":"2","isLinked":true},"image_border_width_mobile":{"unit":"px","top":"2","right":"2","bottom":"2","left":"2","isLinked":true},"image_border_color":"#ff6d00","hover_primary_color":"#ff6d00","hover_secondary_color":"#ffffff","hover_border_color":"#ff6d00"},"elements":[],"isInner":false,"widgetType":"social-icons","elType":"widget"},{"id":"768544a9","settings":{"space":{"unit":"px","size":175,"sizes":[]},"space_tablet":{"unit":"px","size":175,"sizes":[]},"space_mobile":{"unit":"px","size":95,"sizes":[]}},"elements":[],"isInner":false,"widgetType":"spacer","elType":"widget"}],"isInner":false,"elType":"column"}],"isInner":false,"elType":"section"}]}