{"version":"0.4","title":"Norton","type":"page","content":[{"id":"7a327112","settings":{"gap":"no","height":"full","background_background":"classic","background_image":{"url":"https:\/\/www.cssigniter.com\/elementor\/wp-content\/uploads\/2019\/06\/norton_music_hero.jpg","id":5202},"background_position":"center center","background_size":"cover","background_overlay_background":"classic","background_overlay_color":"rgba(170,52,52,0)","background_overlay_color_stop":{"unit":"%","size":65},"background_overlay_color_b":"#ffffff","background_overlay_color_b_stop":{"unit":"%","size":85},"background_overlay_opacity":{"unit":"px","size":1},"css_filters_blur":{"unit":"px","size":4.20000000000000017763568394002504646778106689453125},"css_filters_brightness":{"unit":"px","size":66},"shape_divider_bottom_width":{"unit":"%","size":100},"shape_divider_bottom_height":{"unit":"px","size":457},"shape_divider_bottom_negative":"yes","padding_mobile":{"unit":"px","top":"200","right":"0","bottom":"200","left":"0","isLinked":false}},"elements":[{"id":"3d275cc2","settings":{"_column_size":100},"elements":[{"id":"3f0fe9cb","settings":{"image":{"url":"https:\/\/www.cssigniter.com\/elementor\/wp-content\/uploads\/2019\/06\/norton_logo.png","id":5203},"space_mobile":{"unit":"%","size":58}},"elements":[],"isInner":false,"widgetType":"image","elType":"widget"},{"id":"632dbda6","settings":{"space":{"unit":"px","size":30}},"elements":[],"isInner":false,"widgetType":"spacer","elType":"widget"},{"id":"3b753d3","settings":{"title":"Under The Same Sky","header_size":"h1","align":"center","title_color":"#ff5b5b","typography_typography":"custom","typography_font_family":"Raleway","typography_font_size":{"unit":"px","size":60},"typography_font_weight":"400","typography_text_transform":"uppercase","typography_letter_spacing":{"unit":"px","size":10},"_margin":{"unit":"px","top":"0","right":"0","bottom":"35","left":"0","isLinked":false},"typography_font_size_tablet":{"unit":"px","size":36}},"elements":[],"isInner":false,"widgetType":"heading","elType":"widget"},{"id":"56dfef29","settings":{"title":"NEW ALBUM OUT NOW","header_size":"p","align":"center","title_color":"#ffffff","typography_typography":"custom","typography_font_family":"Raleway","typography_font_size":{"unit":"px","size":16},"typography_font_weight":"300","typography_text_transform":"uppercase","typography_letter_spacing":{"unit":"px","size":4}},"elements":[],"isInner":false,"widgetType":"heading","elType":"widget"}],"isInner":false,"elType":"column"}],"isInner":false,"elType":"section"},{"id":"f19572d","settings":{"gap":"no","margin":{"unit":"px","top":"-175","right":0,"bottom":"0","left":0,"isLinked":false},"margin_mobile":{"unit":"px","top":"0","right":0,"bottom":"0","left":0,"isLinked":true}},"elements":[{"id":"39df9871","settings":{"_column_size":100,"background_background":"classic","background_color":"#ffffff","box_shadow_box_shadow_type":"yes","box_shadow_box_shadow":{"horizontal":0,"vertical":-90,"blur":68,"spread":0,"color":"rgba(0,0,0,0.03)"}},"elements":[{"id":"1db3c570","settings":{"gap":"no"},"elements":[{"id":"7538a1d9","settings":{"_column_size":100,"_inline_size":null,"padding":{"unit":"px","top":"80","right":"70","bottom":"70","left":"70","isLinked":false},"padding_mobile":{"unit":"px","top":"15","right":"15","bottom":"15","left":"15","isLinked":true}},"elements":[{"id":"3f17082a","settings":{"playlist":"2903","background_color":"#f4f4f4","text_color":"#595959","accent_color":"#ff5b5b","text_on_accent":"#ffffff","control_color":"#ffffff"},"elements":[],"isInner":false,"widgetType":"ep-audioigniter","elType":"widget"},{"id":"5b82f71d","settings":[],"elements":[],"isInner":false,"widgetType":"spacer","elType":"widget"},{"id":"6abee34d","settings":{"title":"Hi, I'm elizabeth","header_size":"h1","align":"center","title_color":"#ff5b5b","typography_typography":"custom","typography_font_family":"Raleway","typography_font_size":{"unit":"px","size":30},"typography_font_weight":"400","typography_text_transform":"uppercase","typography_letter_spacing":{"unit":"px","size":10},"_margin":{"unit":"px","top":"0","right":"0","bottom":"0","left":"0","isLinked":false},"align_mobile":"left"},"elements":[],"isInner":false,"widgetType":"heading","elType":"widget"},{"id":"21cbe7d5","settings":{"title":"Singer, Songwriter, Producer","header_size":"p","align":"center","title_color":"#7a7a7a","typography_typography":"custom","typography_font_family":"Raleway","typography_font_size":{"unit":"px","size":14},"typography_font_weight":"400","typography_text_transform":"uppercase","typography_letter_spacing":{"unit":"px","size":1},"align_mobile":"left"},"elements":[],"isInner":false,"widgetType":"heading","elType":"widget"},{"id":"5718637","settings":{"editor":"<p>Etiam quis tristique urna. Nam vitae dignissim urna, quis vulputate lorem. Etiam vehicula nulla non tellus commodo, fermentum ultricies leo fermentum. Nunc lobortis, odio quis rutrum vehicula, tortor tellus cursus velit, sed luctus tortor erat in nibh. Donec accumsan diam lectus, id consequat nisi lacinia non. Mauris sagittis purus vulputate risus faucibus pulvinar. Nulla quam enim, facilisis eu ligula at, ultricies commodo mauris. Nulla mattis, augue non consequat pretium, ipsum elit pulvinar risus, quis malesuada dolor erat vel massa. Cras pharetra porta gravida. Pellentesque sed neque nec justo dapibus lobortis dignissim sed lectus. Aliquam sed libero libero. Vestibulum ante ipsum primis in faucibus orci luctus et ultrices posuere cubilia Curae; Aliquam ante massa, faucibus in purus in, maximus vestibulum mi.<\/p>","text_color":"#494949","typography_typography":"custom","typography_font_family":"Zilla Slab","typography_font_size":{"unit":"px","size":18},"typography_line_height":{"unit":"em","size":1.6999999999999999555910790149937383830547332763671875},"_margin":{"unit":"px","top":"50","right":"0","bottom":"50","left":"0","isLinked":false},"_padding":{"unit":"px","top":"0","right":"120","bottom":"0","left":"120","isLinked":false},"_padding_tablet":{"unit":"px","top":"0","right":"0","bottom":"0","left":"0","isLinked":true}},"elements":[],"isInner":false,"widgetType":"text-editor","elType":"widget"},{"id":"6748449e","settings":{"image":{"url":"https:\/\/www.cssigniter.com\/elementor\/wp-content\/uploads\/2019\/06\/norton_featured.jpg","id":5207},"image_size":"full"},"elements":[],"isInner":false,"widgetType":"image","elType":"widget"},{"id":"1a03fd58","settings":{"editor":"<p>Where it all started. London, 2003.<\/p>","text_color":"#8c8c8c","typography_typography":"custom","typography_font_family":"Zilla Slab","typography_font_size":{"unit":"px","size":14},"typography_line_height":{"unit":"em","size":1.6999999999999999555910790149937383830547332763671875},"_margin":{"unit":"px","top":"15","right":"0","bottom":"50","left":"0","isLinked":false},"_padding":{"unit":"px","top":"0","right":"120","bottom":"0","left":"120","isLinked":false},"_padding_mobile":{"unit":"px","top":"0","right":"0","bottom":"0","left":"0","isLinked":true}},"elements":[],"isInner":false,"widgetType":"text-editor","elType":"widget"},{"id":"1f5fe1","settings":{"editor":"<p>Nulla mattis, augue non consequat pretium, ipsum elit pulvinar risus, quis malesuada dolor erat vel massa. Cras pharetra porta gravida. Pellentesque sed neque nec justo dapibus lobortis dignissim sed lectus. Aliquam sed libero libero. Vestibulum ante ipsum primis in faucibus orci luctus et ultrices posuere cubilia Curae; Aliquam ante massa, faucibus in purus in, maximus vestibulum mi.<\/p>","text_color":"#494949","typography_typography":"custom","typography_font_family":"Zilla Slab","typography_font_size":{"unit":"px","size":18},"typography_line_height":{"unit":"em","size":1.6999999999999999555910790149937383830547332763671875},"_margin":{"unit":"px","top":"50","right":"0","bottom":"0","left":"0","isLinked":false},"_padding":{"unit":"px","top":"0","right":"120","bottom":"0","left":"120","isLinked":false},"_padding_tablet":{"unit":"px","top":"0","right":"0","bottom":"0","left":"0","isLinked":true}},"elements":[],"isInner":false,"widgetType":"text-editor","elType":"widget"},{"id":"44bf4a4a","settings":{"image":{"url":"https:\/\/www.cssigniter.com\/elementor\/wp-content\/uploads\/2019\/06\/elizabeth-nortons.png","id":5209},"image_size":"full","align":"left","_margin":{"unit":"px","top":"0","right":"0","bottom":"0","left":"120","isLinked":false},"_margin_tablet":{"unit":"px","top":"0","right":"0","bottom":"0","left":"0","isLinked":true}},"elements":[],"isInner":false,"widgetType":"image","elType":"widget"}],"isInner":true,"elType":"column"}],"isInner":true,"elType":"section"}],"isInner":false,"elType":"column"}],"isInner":false,"elType":"section"},{"id":"1be84c77","settings":{"gap":"no","height":"min-height","background_background":"classic","background_image":{"url":"https:\/\/www.cssigniter.com\/elementor\/wp-content\/uploads\/2019\/06\/norton_blank.jpg","id":5211},"background_position":"center center","background_size":"cover","background_overlay_background":"classic","background_overlay_color":"rgba(255,255,255,0.34)","background_overlay_color_stop":{"unit":"%","size":63},"background_overlay_color_b":"#ffffff","background_overlay_color_b_stop":{"unit":"%","size":85},"background_overlay_opacity":{"unit":"px","size":1},"css_filters_blur":{"unit":"px","size":4.20000000000000017763568394002504646778106689453125},"css_filters_brightness":{"unit":"px","size":66},"custom_height":{"unit":"px","size":680},"background_attachment":"scroll","shape_divider_bottom_width":{"unit":"%","size":100},"shape_divider_bottom_height":{"unit":"px","size":457},"shape_divider_bottom_negative":"yes"},"elements":[{"id":"58926955","settings":{"_column_size":100},"elements":[{"id":"9fed85c","settings":{"space":{"unit":"px","size":30}},"elements":[],"isInner":false,"widgetType":"spacer","elType":"widget"},{"id":"5872ab7d","settings":{"title":"tour dates","align":"center","title_color":"#ff5b5b","typography_typography":"custom","typography_font_family":"Raleway","typography_font_size":{"unit":"px","size":60},"typography_font_weight":"400","typography_text_transform":"uppercase","typography_letter_spacing":{"unit":"px","size":10},"_margin":{"unit":"px","top":"0","right":"0","bottom":"35","left":"0","isLinked":false},"typography_font_size_tablet":{"unit":"px","size":36}},"elements":[],"isInner":false,"widgetType":"heading","elType":"widget"},{"id":"5f947fe6","settings":{"title":"Around the world tour 2020","header_size":"p","align":"center","title_color":"#ffffff","typography_typography":"custom","typography_font_family":"Raleway","typography_font_size":{"unit":"px","size":16},"typography_font_weight":"300","typography_text_transform":"uppercase","typography_letter_spacing":{"unit":"px","size":4}},"elements":[],"isInner":false,"widgetType":"heading","elType":"widget"}],"isInner":false,"elType":"column"}],"isInner":false,"elType":"section"},{"id":"280df520","settings":{"gap":"no","margin":{"unit":"px","top":"-175","right":0,"bottom":"0","left":0,"isLinked":false},"margin_mobile":{"unit":"px","top":"0","right":0,"bottom":"0","left":0,"isLinked":true}},"elements":[{"id":"5d0da7e","settings":{"_column_size":100,"background_background":"classic","background_color":"#ffffff","box_shadow_box_shadow_type":"yes","box_shadow_box_shadow":{"horizontal":0,"vertical":-80,"blur":68,"spread":0,"color":"rgba(0,0,0,0.03)"},"padding":{"unit":"px","top":"80","right":"70","bottom":"70","left":"70","isLinked":false},"padding_mobile":{"unit":"px","top":"30","right":"15","bottom":"15","left":"15","isLinked":false}},"elements":[{"id":"ea29ff8","settings":{"gap":"no","structure":"30","border_border":"dashed","border_width":{"unit":"px","top":"0","right":"0","bottom":"1","left":"0","isLinked":false},"border_color":"#cccccc","margin":{"unit":"px","top":"0","right":0,"bottom":"30","left":0,"isLinked":false},"padding":{"unit":"px","top":"0","right":"0","bottom":"30","left":"0","isLinked":false},"animation":"fadeIn"},"elements":[{"id":"5ee8078e","settings":{"_column_size":33,"_inline_size":null},"elements":[{"id":"33658f00","settings":{"title":"18 September","header_size":"h3","align":"left","title_color":"#ff5b5b","typography_typography":"custom","typography_font_family":"Raleway","typography_font_size":{"unit":"px","size":18},"typography_font_weight":"400","typography_text_transform":"uppercase","typography_letter_spacing":{"unit":"px","size":0},"_margin":{"unit":"px","top":"0","right":"0","bottom":"-15","left":"0","isLinked":false}},"elements":[],"isInner":false,"widgetType":"heading","elType":"widget"},{"id":"177ee2f6","settings":{"title":"2020","header_size":"p","align":"left","title_color":"#7a7a7a","typography_typography":"custom","typography_font_family":"Raleway","typography_font_size":{"unit":"px","size":14},"typography_font_weight":"400","typography_text_transform":"uppercase","typography_letter_spacing":{"unit":"px","size":1},"_margin_mobile":{"unit":"px","top":"0","right":"0","bottom":"15","left":"0","isLinked":false}},"elements":[],"isInner":false,"widgetType":"heading","elType":"widget"}],"isInner":true,"elType":"column"},{"id":"23f97f5b","settings":{"_column_size":33,"_inline_size":null},"elements":[{"id":"1d447c64","settings":{"title":"Blue note","header_size":"h3","align":"left","title_color":"#ff5b5b","typography_typography":"custom","typography_font_family":"Raleway","typography_font_size":{"unit":"px","size":18},"typography_font_weight":"400","typography_text_transform":"uppercase","typography_letter_spacing":{"unit":"px","size":0},"_margin":{"unit":"px","top":"0","right":"0","bottom":"-15","left":"0","isLinked":false}},"elements":[],"isInner":false,"widgetType":"heading","elType":"widget"},{"id":"2cab97ae","settings":{"title":"New york","header_size":"p","align":"left","title_color":"#7a7a7a","typography_typography":"custom","typography_font_family":"Raleway","typography_font_size":{"unit":"px","size":14},"typography_font_weight":"400","typography_text_transform":"uppercase","typography_letter_spacing":{"unit":"px","size":1},"_margin_mobile":{"unit":"px","top":"0","right":"0","bottom":"15","left":"0","isLinked":false}},"elements":[],"isInner":false,"widgetType":"heading","elType":"widget"}],"isInner":true,"elType":"column"},{"id":"1311e26e","settings":{"_column_size":33,"_inline_size":null},"elements":[{"id":"66c739d2","settings":{"text":"Watch Live","align":"right","size":"md","typography_typography":"custom","typography_font_family":"Raleway","button_text_color":"#ffffff","background_color":"#ff5b5b","border_radius":{"unit":"px","top":"0","right":"0","bottom":"0","left":"0","isLinked":true},"align_mobile":"left"},"elements":[],"isInner":false,"widgetType":"button","elType":"widget"}],"isInner":true,"elType":"column"}],"isInner":true,"elType":"section"},{"id":"25e93a96","settings":{"gap":"no","structure":"30","border_border":"dashed","border_width":{"unit":"px","top":"0","right":"0","bottom":"1","left":"0","isLinked":false},"border_color":"#cccccc","margin":{"unit":"px","top":"0","right":0,"bottom":"30","left":0,"isLinked":false},"padding":{"unit":"px","top":"0","right":"0","bottom":"30","left":"0","isLinked":false},"animation":"fadeIn","animation_delay":200},"elements":[{"id":"271ee503","settings":{"_column_size":33,"_inline_size":null},"elements":[{"id":"45ffa29c","settings":{"title":"21 September","header_size":"h3","align":"left","title_color":"#ff5b5b","typography_typography":"custom","typography_font_family":"Raleway","typography_font_size":{"unit":"px","size":18},"typography_font_weight":"400","typography_text_transform":"uppercase","typography_letter_spacing":{"unit":"px","size":0},"_margin":{"unit":"px","top":"0","right":"0","bottom":"-15","left":"0","isLinked":false}},"elements":[],"isInner":false,"widgetType":"heading","elType":"widget"},{"id":"e94ff9d","settings":{"title":"2020","header_size":"p","align":"left","title_color":"#7a7a7a","typography_typography":"custom","typography_font_family":"Raleway","typography_font_size":{"unit":"px","size":14},"typography_font_weight":"400","typography_text_transform":"uppercase","typography_letter_spacing":{"unit":"px","size":1},"_margin_mobile":{"unit":"px","top":"0","right":"0","bottom":"15","left":"0","isLinked":false}},"elements":[],"isInner":false,"widgetType":"heading","elType":"widget"}],"isInner":true,"elType":"column"},{"id":"389ef1dc","settings":{"_column_size":33,"_inline_size":null},"elements":[{"id":"29fd8e36","settings":{"title":"Jazz Club","header_size":"h3","align":"left","title_color":"#ff5b5b","typography_typography":"custom","typography_font_family":"Raleway","typography_font_size":{"unit":"px","size":18},"typography_font_weight":"400","typography_text_transform":"uppercase","typography_letter_spacing":{"unit":"px","size":0},"_margin":{"unit":"px","top":"0","right":"0","bottom":"-15","left":"0","isLinked":false}},"elements":[],"isInner":false,"widgetType":"heading","elType":"widget"},{"id":"35b7e665","settings":{"title":"Paris, france","header_size":"p","align":"left","title_color":"#7a7a7a","typography_typography":"custom","typography_font_family":"Raleway","typography_font_size":{"unit":"px","size":14},"typography_font_weight":"400","typography_text_transform":"uppercase","typography_letter_spacing":{"unit":"px","size":1},"_margin_mobile":{"unit":"px","top":"0","right":"0","bottom":"15","left":"0","isLinked":false}},"elements":[],"isInner":false,"widgetType":"heading","elType":"widget"}],"isInner":true,"elType":"column"},{"id":"59a9782c","settings":{"_column_size":33,"_inline_size":null},"elements":[{"id":"39186bd4","settings":{"text":"Buy Tickets","align":"right","size":"md","typography_typography":"custom","typography_font_family":"Raleway","button_text_color":"#ffffff","background_color":"#ff5b5b","border_radius":{"unit":"px","top":"0","right":"0","bottom":"0","left":"0","isLinked":true},"align_mobile":"left"},"elements":[],"isInner":false,"widgetType":"button","elType":"widget"}],"isInner":true,"elType":"column"}],"isInner":true,"elType":"section"},{"id":"7aa08762","settings":{"gap":"no","structure":"30","border_border":"dashed","border_width":{"unit":"px","top":"0","right":"0","bottom":"1","left":"0","isLinked":false},"border_color":"#cccccc","margin":{"unit":"px","top":"0","right":0,"bottom":"30","left":0,"isLinked":false},"padding":{"unit":"px","top":"0","right":"0","bottom":"30","left":"0","isLinked":false},"animation":"fadeIn","animation_delay":400},"elements":[{"id":"3c5ac7b0","settings":{"_column_size":33,"_inline_size":null},"elements":[{"id":"79def860","settings":{"title":"25 September","header_size":"h3","align":"left","title_color":"#ff5b5b","typography_typography":"custom","typography_font_family":"Raleway","typography_font_size":{"unit":"px","size":18},"typography_font_weight":"400","typography_text_transform":"uppercase","typography_letter_spacing":{"unit":"px","size":0},"_margin":{"unit":"px","top":"0","right":"0","bottom":"-15","left":"0","isLinked":false}},"elements":[],"isInner":false,"widgetType":"heading","elType":"widget"},{"id":"7b99332f","settings":{"title":"2020","header_size":"p","align":"left","title_color":"#7a7a7a","typography_typography":"custom","typography_font_family":"Raleway","typography_font_size":{"unit":"px","size":14},"typography_font_weight":"400","typography_text_transform":"uppercase","typography_letter_spacing":{"unit":"px","size":1}},"elements":[],"isInner":false,"widgetType":"heading","elType":"widget"}],"isInner":true,"elType":"column"},{"id":"78a5171f","settings":{"_column_size":33,"_inline_size":null},"elements":[{"id":"525a1f0","settings":{"title":"brasil","header_size":"h3","align":"left","title_color":"#ff5b5b","typography_typography":"custom","typography_font_family":"Raleway","typography_font_size":{"unit":"px","size":18},"typography_font_weight":"400","typography_text_transform":"uppercase","typography_letter_spacing":{"unit":"px","size":0},"_margin":{"unit":"px","top":"0","right":"0","bottom":"-15","left":"0","isLinked":false}},"elements":[],"isInner":false,"widgetType":"heading","elType":"widget"},{"id":"4b4287b1","settings":{"title":"torino, italy","header_size":"p","align":"left","title_color":"#7a7a7a","typography_typography":"custom","typography_font_family":"Raleway","typography_font_size":{"unit":"px","size":14},"typography_font_weight":"400","typography_text_transform":"uppercase","typography_letter_spacing":{"unit":"px","size":1}},"elements":[],"isInner":false,"widgetType":"heading","elType":"widget"}],"isInner":true,"elType":"column"},{"id":"2e5f42bb","settings":{"_column_size":33,"_inline_size":null},"elements":[{"id":"11065015","settings":{"text":"Buy Tickets","align":"right","size":"md","typography_typography":"custom","typography_font_family":"Raleway","button_text_color":"#ffffff","background_color":"#ff5b5b","border_radius":{"unit":"px","top":"0","right":"0","bottom":"0","left":"0","isLinked":true},"align_mobile":"left"},"elements":[],"isInner":false,"widgetType":"button","elType":"widget"}],"isInner":true,"elType":"column"}],"isInner":true,"elType":"section"},{"id":"322ae158","settings":{"gap":"no","structure":"30","border_border":"dashed","border_width":{"unit":"px","top":"0","right":"0","bottom":"1","left":"0","isLinked":false},"border_color":"#cccccc","margin":{"unit":"px","top":"0","right":0,"bottom":"30","left":0,"isLinked":false},"padding":{"unit":"px","top":"0","right":"0","bottom":"30","left":"0","isLinked":false},"animation":"fadeIn","animation_delay":600},"elements":[{"id":"217fb78b","settings":{"_column_size":33,"_inline_size":null},"elements":[{"id":"4640acf0","settings":{"title":"6 October","header_size":"h3","align":"left","title_color":"#ff5b5b","typography_typography":"custom","typography_font_family":"Raleway","typography_font_size":{"unit":"px","size":18},"typography_font_weight":"400","typography_text_transform":"uppercase","typography_letter_spacing":{"unit":"px","size":0},"_margin":{"unit":"px","top":"0","right":"0","bottom":"-15","left":"0","isLinked":false}},"elements":[],"isInner":false,"widgetType":"heading","elType":"widget"},{"id":"4b146653","settings":{"title":"2020","header_size":"p","align":"left","title_color":"#7a7a7a","typography_typography":"custom","typography_font_family":"Raleway","typography_font_size":{"unit":"px","size":14},"typography_font_weight":"400","typography_text_transform":"uppercase","typography_letter_spacing":{"unit":"px","size":1},"_margin_mobile":{"unit":"px","top":"0","right":"0","bottom":"15","left":"0","isLinked":false}},"elements":[],"isInner":false,"widgetType":"heading","elType":"widget"}],"isInner":true,"elType":"column"},{"id":"48f0a97f","settings":{"_column_size":33,"_inline_size":null},"elements":[{"id":"1258c439","settings":{"title":"the mask","header_size":"h3","align":"left","title_color":"#ff5b5b","typography_typography":"custom","typography_font_family":"Raleway","typography_font_size":{"unit":"px","size":18},"typography_font_weight":"400","typography_text_transform":"uppercase","typography_letter_spacing":{"unit":"px","size":0},"_margin":{"unit":"px","top":"0","right":"0","bottom":"-15","left":"0","isLinked":false}},"elements":[],"isInner":false,"widgetType":"heading","elType":"widget"},{"id":"2630d13e","settings":{"title":"berlin, germany","header_size":"p","align":"left","title_color":"#7a7a7a","typography_typography":"custom","typography_font_family":"Raleway","typography_font_size":{"unit":"px","size":14},"typography_font_weight":"400","typography_text_transform":"uppercase","typography_letter_spacing":{"unit":"px","size":1},"_margin_mobile":{"unit":"px","top":"0","right":"0","bottom":"15","left":"0","isLinked":false}},"elements":[],"isInner":false,"widgetType":"heading","elType":"widget"}],"isInner":true,"elType":"column"},{"id":"586c183f","settings":{"_column_size":33,"_inline_size":null},"elements":[{"id":"66361ee2","settings":{"text":"Buy Tickets","align":"right","size":"md","typography_typography":"custom","typography_font_family":"Raleway","button_text_color":"#ffffff","background_color":"#ff5b5b","border_radius":{"unit":"px","top":"0","right":"0","bottom":"0","left":"0","isLinked":true},"align_mobile":"left"},"elements":[],"isInner":false,"widgetType":"button","elType":"widget"}],"isInner":true,"elType":"column"}],"isInner":true,"elType":"section"},{"id":"3c0e09e7","settings":{"gap":"no","structure":"30","border_border":"dashed","border_width":{"unit":"px","top":"0","right":"0","bottom":"1","left":"0","isLinked":false},"border_color":"#cccccc","margin":{"unit":"px","top":"0","right":0,"bottom":"30","left":0,"isLinked":false},"padding":{"unit":"px","top":"0","right":"0","bottom":"30","left":"0","isLinked":false},"animation":"fadeIn","animation_delay":800},"elements":[{"id":"64cb5d06","settings":{"_column_size":33,"_inline_size":null},"elements":[{"id":"20141f","settings":{"title":"18 October","header_size":"h3","align":"left","title_color":"#ff5b5b","typography_typography":"custom","typography_font_family":"Raleway","typography_font_size":{"unit":"px","size":18},"typography_font_weight":"400","typography_text_transform":"uppercase","typography_letter_spacing":{"unit":"px","size":0},"_margin":{"unit":"px","top":"0","right":"0","bottom":"-15","left":"0","isLinked":false}},"elements":[],"isInner":false,"widgetType":"heading","elType":"widget"},{"id":"517ee8b1","settings":{"title":"2020","header_size":"p","align":"left","title_color":"#7a7a7a","typography_typography":"custom","typography_font_family":"Raleway","typography_font_size":{"unit":"px","size":14},"typography_font_weight":"400","typography_text_transform":"uppercase","typography_letter_spacing":{"unit":"px","size":1},"_margin_mobile":{"unit":"px","top":"0","right":"0","bottom":"15","left":"0","isLinked":false}},"elements":[],"isInner":false,"widgetType":"heading","elType":"widget"}],"isInner":true,"elType":"column"},{"id":"69eaa78b","settings":{"_column_size":33,"_inline_size":null},"elements":[{"id":"71bc336e","settings":{"title":"shadow note","header_size":"h3","align":"left","title_color":"#ff5b5b","typography_typography":"custom","typography_font_family":"Raleway","typography_font_size":{"unit":"px","size":18},"typography_font_weight":"400","typography_text_transform":"uppercase","typography_letter_spacing":{"unit":"px","size":0},"_margin":{"unit":"px","top":"0","right":"0","bottom":"-15","left":"0","isLinked":false}},"elements":[],"isInner":false,"widgetType":"heading","elType":"widget"},{"id":"52c74315","settings":{"title":"london, uk","header_size":"p","align":"left","title_color":"#7a7a7a","typography_typography":"custom","typography_font_family":"Raleway","typography_font_size":{"unit":"px","size":14},"typography_font_weight":"400","typography_text_transform":"uppercase","typography_letter_spacing":{"unit":"px","size":1},"_margin_mobile":{"unit":"px","top":"0","right":"0","bottom":"15","left":"0","isLinked":false}},"elements":[],"isInner":false,"widgetType":"heading","elType":"widget"}],"isInner":true,"elType":"column"},{"id":"65f4e264","settings":{"_column_size":33,"_inline_size":null},"elements":[{"id":"302fbadc","settings":{"text":"Buy Tickets","align":"right","size":"md","typography_typography":"custom","typography_font_family":"Raleway","button_text_color":"#ffffff","background_color":"#ff5b5b","border_radius":{"unit":"px","top":"0","right":"0","bottom":"0","left":"0","isLinked":true},"align_mobile":"left"},"elements":[],"isInner":false,"widgetType":"button","elType":"widget"}],"isInner":true,"elType":"column"}],"isInner":true,"elType":"section"},{"id":"7e7008ac","settings":{"gap":"no","structure":"30","border_border":"dashed","border_width":{"unit":"px","top":"0","right":"0","bottom":"1","left":"0","isLinked":false},"border_color":"#cccccc","margin":{"unit":"px","top":"0","right":0,"bottom":"30","left":0,"isLinked":false},"padding":{"unit":"px","top":"0","right":"0","bottom":"30","left":"0","isLinked":false},"animation":"fadeIn","animation_delay":1000},"elements":[{"id":"274c8c06","settings":{"_column_size":33,"_inline_size":null},"elements":[{"id":"3d20956e","settings":{"title":"19 November","header_size":"h3","align":"left","title_color":"#ff5b5b","typography_typography":"custom","typography_font_family":"Raleway","typography_font_size":{"unit":"px","size":18},"typography_font_weight":"400","typography_text_transform":"uppercase","typography_letter_spacing":{"unit":"px","size":0},"_margin":{"unit":"px","top":"0","right":"0","bottom":"-15","left":"0","isLinked":false}},"elements":[],"isInner":false,"widgetType":"heading","elType":"widget"},{"id":"97539ac","settings":{"title":"2020","header_size":"p","align":"left","title_color":"#7a7a7a","typography_typography":"custom","typography_font_family":"Raleway","typography_font_size":{"unit":"px","size":14},"typography_font_weight":"400","typography_text_transform":"uppercase","typography_letter_spacing":{"unit":"px","size":1},"_margin_mobile":{"unit":"px","top":"0","right":"0","bottom":"15","left":"0","isLinked":false}},"elements":[],"isInner":false,"widgetType":"heading","elType":"widget"}],"isInner":true,"elType":"column"},{"id":"3f3ef1f4","settings":{"_column_size":33,"_inline_size":null},"elements":[{"id":"136aaad8","settings":{"title":"Cultural Center","header_size":"h3","align":"left","title_color":"#ff5b5b","typography_typography":"custom","typography_font_family":"Raleway","typography_font_size":{"unit":"px","size":18},"typography_font_weight":"400","typography_text_transform":"uppercase","typography_letter_spacing":{"unit":"px","size":0},"_margin":{"unit":"px","top":"0","right":"0","bottom":"-15","left":"0","isLinked":false}},"elements":[],"isInner":false,"widgetType":"heading","elType":"widget"},{"id":"334ead0f","settings":{"title":"New york","header_size":"p","align":"left","title_color":"#7a7a7a","typography_typography":"custom","typography_font_family":"Raleway","typography_font_size":{"unit":"px","size":14},"typography_font_weight":"400","typography_text_transform":"uppercase","typography_letter_spacing":{"unit":"px","size":1},"_margin_mobile":{"unit":"px","top":"0","right":"0","bottom":"15","left":"0","isLinked":false}},"elements":[],"isInner":false,"widgetType":"heading","elType":"widget"}],"isInner":true,"elType":"column"},{"id":"d88a32a","settings":{"_column_size":33,"_inline_size":null},"elements":[{"id":"52df5c2b","settings":{"text":"Buy Tickets","align":"right","size":"md","typography_typography":"custom","typography_font_family":"Raleway","button_text_color":"#ffffff","background_color":"#ff5b5b","border_radius":{"unit":"px","top":"0","right":"0","bottom":"0","left":"0","isLinked":true},"align_mobile":"left"},"elements":[],"isInner":false,"widgetType":"button","elType":"widget"}],"isInner":true,"elType":"column"}],"isInner":true,"elType":"section"}],"isInner":false,"elType":"column"}],"isInner":false,"elType":"section"},{"id":"554e1402","settings":{"gap":"no","height":"min-height","background_background":"classic","background_image":{"url":"https:\/\/www.cssigniter.com\/elementor\/wp-content\/uploads\/2019\/06\/norton_medias.jpg","id":5215},"background_position":"center center","background_size":"cover","background_overlay_background":"classic","background_overlay_color":"rgba(255,255,255,0.61)","background_overlay_color_stop":{"unit":"%","size":63},"background_overlay_color_b":"#ffffff","background_overlay_color_b_stop":{"unit":"%","size":85},"background_overlay_opacity":{"unit":"px","size":1},"css_filters_blur":{"unit":"px","size":4.20000000000000017763568394002504646778106689453125},"css_filters_brightness":{"unit":"px","size":66},"custom_height":{"unit":"px","size":680},"background_attachment":"fixed","shape_divider_bottom_width":{"unit":"%","size":100},"shape_divider_bottom_height":{"unit":"px","size":457},"shape_divider_bottom_negative":"yes"},"elements":[{"id":"2ab66abd","settings":{"_column_size":100},"elements":[{"id":"5b144b29","settings":{"space":{"unit":"px","size":30}},"elements":[],"isInner":false,"widgetType":"spacer","elType":"widget"},{"id":"3d1a2fb3","settings":{"title":"media library","align":"center","title_color":"#ff5b5b","typography_typography":"custom","typography_font_family":"Raleway","typography_font_size":{"unit":"px","size":60},"typography_font_weight":"400","typography_text_transform":"uppercase","typography_letter_spacing":{"unit":"px","size":10},"_margin":{"unit":"px","top":"0","right":"0","bottom":"35","left":"0","isLinked":false},"typography_font_size_tablet":{"unit":"px","size":36}},"elements":[],"isInner":false,"widgetType":"heading","elType":"widget"}],"isInner":false,"elType":"column"}],"isInner":false,"elType":"section"},{"id":"69ee0f82","settings":{"gap":"no","margin":{"unit":"px","top":"-175","right":0,"bottom":"0","left":0,"isLinked":false},"margin_mobile":{"unit":"px","top":"0","right":0,"bottom":"0","left":0,"isLinked":true},"padding_mobile":{"unit":"px","top":"0","right":"0","bottom":"0","left":"0","isLinked":true}},"elements":[{"id":"2246522d","settings":{"_column_size":100,"background_background":"classic","background_color":"#ffffff","box_shadow_box_shadow_type":"yes","box_shadow_box_shadow":{"horizontal":0,"vertical":-80,"blur":68,"spread":0,"color":"rgba(0,0,0,0.03)"},"padding":{"unit":"px","top":"80","right":"70","bottom":"70","left":"70","isLinked":false},"padding_mobile":{"unit":"px","top":"30","right":"15","bottom":"15","left":"15","isLinked":false}},"elements":[{"id":"3dae5867","settings":{"gap":"no","border_border":"dashed","border_width":{"unit":"px","top":"0","right":"0","bottom":"1","left":"0","isLinked":false},"border_color":"#cccccc","margin":{"unit":"px","top":"0","right":0,"bottom":"30","left":0,"isLinked":false},"padding":{"unit":"px","top":"0","right":"0","bottom":"30","left":"0","isLinked":false},"animation":"fadeIn"},"elements":[{"id":"7bc1b543","settings":{"_column_size":100,"_inline_size":null},"elements":[{"id":"425a3623","settings":{"youtube_url":"https:\/\/www.youtube.com\/watch?v=9COePp7RCrU","vimeo_url":"https:\/\/vimeo.com\/235215203","dailymotion_url":"https:\/\/www.dailymotion.com\/video\/x6tqhqb","show_image_overlay":"yes","image_overlay":{"url":"https:\/\/www.cssigniter.com\/elementor\/wp-content\/uploads\/2019\/06\/norton_music_hero.jpg","id":5202},"lightbox":"yes"},"elements":[],"isInner":false,"widgetType":"video","elType":"widget"}],"isInner":true,"elType":"column"}],"isInner":true,"elType":"section"},{"id":"6845ccd2","settings":{"gap":"no","border_border":"dashed","border_width":{"unit":"px","top":"0","right":"0","bottom":"1","left":"0","isLinked":false},"border_color":"#cccccc","margin":{"unit":"px","top":"0","right":0,"bottom":"30","left":0,"isLinked":false},"padding":{"unit":"px","top":"0","right":"0","bottom":"30","left":"0","isLinked":false},"animation":"fadeIn"},"elements":[{"id":"4edf8439","settings":{"_column_size":100,"_inline_size":null},"elements":[{"id":"5a11073e","settings":{"wp_gallery":[{"id":5216,"url":"https:\/\/www.cssigniter.com\/elementor\/wp-content\/uploads\/2019\/06\/norton_gal1.jpg"},{"id":5217,"url":"https:\/\/www.cssigniter.com\/elementor\/wp-content\/uploads\/2019\/06\/norton_gal2.jpg"},{"id":5218,"url":"https:\/\/www.cssigniter.com\/elementor\/wp-content\/uploads\/2019\/06\/norton_gal3.jpg"},{"id":5219,"url":"https:\/\/www.cssigniter.com\/elementor\/wp-content\/uploads\/2019\/06\/norton_gal4.jpg"},{"id":5220,"url":"https:\/\/www.cssigniter.com\/elementor\/wp-content\/uploads\/2019\/06\/norton_gal5.jpg"}],"thumbnail_size":"medium_large","row-height":260,"gallery-margins":15,"last_row":"justify"},"elements":[],"isInner":false,"widgetType":"justified-gallery","elType":"widget"}],"isInner":true,"elType":"column"}],"isInner":true,"elType":"section"}],"isInner":false,"elType":"column"}],"isInner":false,"elType":"section"},{"id":"6828b3ae","settings":{"gap":"no","height":"min-height","background_background":"classic","background_image":{"url":"https:\/\/www.cssigniter.com\/elementor\/wp-content\/uploads\/2019\/06\/norton_albums.jpg","id":5222},"background_position":"center center","background_size":"cover","background_overlay_background":"classic","background_overlay_color":"rgba(255,255,255,0.61)","background_overlay_color_stop":{"unit":"%","size":63},"background_overlay_color_b":"#ffffff","background_overlay_color_b_stop":{"unit":"%","size":85},"background_overlay_opacity":{"unit":"px","size":1},"css_filters_blur":{"unit":"px","size":4.20000000000000017763568394002504646778106689453125},"css_filters_brightness":{"unit":"px","size":66},"custom_height":{"unit":"px","size":680},"background_attachment":"fixed","shape_divider_bottom_width":{"unit":"%","size":100},"shape_divider_bottom_height":{"unit":"px","size":457},"shape_divider_bottom_negative":"yes"},"elements":[{"id":"1c43b8b0","settings":{"_column_size":100},"elements":[{"id":"514fb208","settings":{"space":{"unit":"px","size":30}},"elements":[],"isInner":false,"widgetType":"spacer","elType":"widget"},{"id":"66bbc38","settings":{"title":"discography","align":"center","title_color":"#ff5b5b","typography_typography":"custom","typography_font_family":"Raleway","typography_font_size":{"unit":"px","size":60},"typography_font_weight":"400","typography_text_transform":"uppercase","typography_letter_spacing":{"unit":"px","size":10},"_margin":{"unit":"px","top":"0","right":"0","bottom":"35","left":"0","isLinked":false},"typography_font_size_tablet":{"unit":"px","size":36},"typography_font_size_mobile":{"unit":"px","size":28}},"elements":[],"isInner":false,"widgetType":"heading","elType":"widget"}],"isInner":false,"elType":"column"}],"isInner":false,"elType":"section"},{"id":"4197d3e5","settings":{"gap":"no","margin":{"unit":"px","top":"-175","right":0,"bottom":"50","left":0,"isLinked":false},"background_background":"classic","background_position":"bottom center","background_repeat":"no-repeat"},"elements":[{"id":"4560bc05","settings":{"_column_size":100,"background_background":"classic","background_color":"#ffffff","box_shadow_box_shadow_type":"yes","box_shadow_box_shadow":{"horizontal":0,"vertical":-80,"blur":68,"spread":0,"color":"rgba(0,0,0,0.03)"},"padding":{"unit":"px","top":"80","right":"70","bottom":"70","left":"70","isLinked":false},"background_image":{"url":"https:\/\/www.cssigniter.com\/elementor\/wp-content\/uploads\/2019\/06\/norton_footer.jpg","id":5238},"background_position":"bottom center","background_attachment":"scroll","background_repeat":"no-repeat","padding_mobile":{"unit":"px","top":"15","right":"15","bottom":"15","left":"15","isLinked":true}},"elements":[{"id":"3ccd9a55","settings":{"gap":"extended","border_border":"dashed","border_width":{"unit":"px","top":"0","right":"0","bottom":"1","left":"0","isLinked":false},"border_color":"#cccccc","margin":{"unit":"px","top":"0","right":0,"bottom":"30","left":0,"isLinked":false},"padding":{"unit":"px","top":"0","right":"0","bottom":"30","left":"0","isLinked":false},"animation":"fadeIn","structure":"30"},"elements":[{"id":"a9edf7f","settings":{"_column_size":33,"_inline_size":null,"_inline_size_tablet":100},"elements":[{"id":"5eeef571","settings":{"image":{"url":"https:\/\/www.cssigniter.com\/elementor\/wp-content\/uploads\/2019\/06\/album01.jpg","id":5223}},"elements":[],"isInner":false,"widgetType":"image","elType":"widget"},{"id":"4ec307c5","settings":{"title":"Under The Same Sky","align":"center","title_color":"#ff5b5b","typography_typography":"custom","typography_font_family":"Raleway","typography_font_size":{"unit":"px","size":13},"typography_font_weight":"bold","typography_text_transform":"uppercase","typography_letter_spacing":{"unit":"px","size":0},"_margin":{"unit":"px","top":"0","right":"0","bottom":"0","left":"0","isLinked":false},"header_size":"h4"},"elements":[],"isInner":false,"widgetType":"heading","elType":"widget"},{"id":"2b187c45","settings":{"button_1_text":"Spotify","button_1_align":"center","button_1_icon":"fa fa-spotify","button_2_text":"Apple Music","button_2_icon":"fa fa-apple","buttons_layout":"horizontal","button_1_text_margin":{"unit":"px","top":0,"right":"5","bottom":"0","left":0,"isLinked":false},"button_1_typography_typography":"custom","button_1_typography_font_family":"Raleway","button_1_typography_font_size":{"unit":"px","size":13},"button_1_background_color":"#0c0c0c","button_2_typography_typography":"custom","button_2_typography_font_family":"Raleway","button_2_typography_font_size":{"unit":"px","size":13},"button_2_background_color":"#0c0c0c"},"elements":[],"isInner":false,"widgetType":"dual-button","elType":"widget"}],"isInner":true,"elType":"column"},{"id":"5cc527b5","settings":{"_column_size":33,"_inline_size":null,"_inline_size_tablet":100},"elements":[{"id":"663494be","settings":{"image":{"url":"https:\/\/www.cssigniter.com\/elementor\/wp-content\/uploads\/2019\/06\/norton_album02.jpg","id":5225}},"elements":[],"isInner":false,"widgetType":"image","elType":"widget"},{"id":"41fd14cf","settings":{"title":"Lady Soul","align":"center","title_color":"#ff5b5b","typography_typography":"custom","typography_font_family":"Raleway","typography_font_size":{"unit":"px","size":13},"typography_font_weight":"bold","typography_text_transform":"uppercase","typography_letter_spacing":{"unit":"px","size":0},"_margin":{"unit":"px","top":"0","right":"0","bottom":"0","left":"0","isLinked":false},"header_size":"h4"},"elements":[],"isInner":false,"widgetType":"heading","elType":"widget"},{"id":"1b8e42a8","settings":{"button_1_text":"Spotify","button_1_align":"center","button_1_icon":"fa fa-spotify","button_2_text":"Apple Music","button_2_icon":"fa fa-apple","buttons_layout":"horizontal","button_1_text_margin":{"unit":"px","top":0,"right":"5","bottom":"0","left":0,"isLinked":false},"button_1_typography_typography":"custom","button_1_typography_font_family":"Raleway","button_1_typography_font_size":{"unit":"px","size":13},"button_1_background_color":"#0c0c0c","button_2_typography_typography":"custom","button_2_typography_font_family":"Raleway","button_2_typography_font_size":{"unit":"px","size":13},"button_2_background_color":"#0c0c0c"},"elements":[],"isInner":false,"widgetType":"dual-button","elType":"widget"}],"isInner":true,"elType":"column"},{"id":"3afaef79","settings":{"_column_size":33,"_inline_size":null,"_inline_size_tablet":100},"elements":[{"id":"6c820df1","settings":{"image":{"url":"https:\/\/www.cssigniter.com\/elementor\/wp-content\/uploads\/2019\/06\/norton_album03.jpg","id":5226}},"elements":[],"isInner":false,"widgetType":"image","elType":"widget"},{"id":"6fb48ac5","settings":{"title":"innervisions","align":"center","title_color":"#ff5b5b","typography_typography":"custom","typography_font_family":"Raleway","typography_font_size":{"unit":"px","size":13},"typography_font_weight":"bold","typography_text_transform":"uppercase","typography_letter_spacing":{"unit":"px","size":0},"_margin":{"unit":"px","top":"0","right":"0","bottom":"0","left":"0","isLinked":false},"header_size":"h4"},"elements":[],"isInner":false,"widgetType":"heading","elType":"widget"},{"id":"5b8b986d","settings":{"button_1_text":"Spotify","button_1_align":"center","button_1_icon":"fa fa-spotify","button_2_text":"Free Download","button_2_icon":"fa fa-arrow-down","buttons_layout":"horizontal","button_1_text_margin":{"unit":"px","top":0,"right":"5","bottom":"0","left":0,"isLinked":false},"button_1_typography_typography":"custom","button_1_typography_font_family":"Raleway","button_1_typography_font_size":{"unit":"px","size":13},"button_1_background_color":"#0c0c0c","button_2_typography_typography":"custom","button_2_typography_font_family":"Raleway","button_2_typography_font_size":{"unit":"px","size":13},"button_2_background_color":"#ff5b5b"},"elements":[],"isInner":false,"widgetType":"dual-button","elType":"widget"}],"isInner":true,"elType":"column"}],"isInner":true,"elType":"section"},{"id":"39991b2c","settings":{"gap":"extended","border_border":"dashed","border_width":{"unit":"px","top":"0","right":"0","bottom":"1","left":"0","isLinked":false},"border_color":"#cccccc","margin":{"unit":"px","top":"0","right":0,"bottom":"30","left":0,"isLinked":false},"padding":{"unit":"px","top":"0","right":"0","bottom":"30","left":"0","isLinked":false},"animation":"fadeIn","structure":"30"},"elements":[{"id":"5b03fb25","settings":{"_column_size":33,"_inline_size":null,"_inline_size_tablet":100},"elements":[{"id":"797064dd","settings":{"image":{"url":"https:\/\/www.cssigniter.com\/elementor\/wp-content\/uploads\/2019\/06\/norton_album06.jpg","id":5227}},"elements":[],"isInner":false,"widgetType":"image","elType":"widget"},{"id":"4100afa2","settings":{"title":"good news","align":"center","title_color":"#ff5b5b","typography_typography":"custom","typography_font_family":"Raleway","typography_font_size":{"unit":"px","size":13},"typography_font_weight":"bold","typography_text_transform":"uppercase","typography_letter_spacing":{"unit":"px","size":0},"_margin":{"unit":"px","top":"0","right":"0","bottom":"0","left":"0","isLinked":false},"header_size":"h4"},"elements":[],"isInner":false,"widgetType":"heading","elType":"widget"},{"id":"7a348b09","settings":{"button_1_text":"Spotify","button_1_align":"center","button_1_icon":"fa fa-spotify","button_2_text":"Apple Music","button_2_icon":"fa fa-apple","buttons_layout":"horizontal","button_1_text_margin":{"unit":"px","top":0,"right":"5","bottom":"0","left":0,"isLinked":false},"button_1_typography_typography":"custom","button_1_typography_font_family":"Raleway","button_1_typography_font_size":{"unit":"px","size":13},"button_1_background_color":"#0c0c0c","button_2_typography_typography":"custom","button_2_typography_font_family":"Raleway","button_2_typography_font_size":{"unit":"px","size":13},"button_2_background_color":"#0c0c0c"},"elements":[],"isInner":false,"widgetType":"dual-button","elType":"widget"}],"isInner":true,"elType":"column"},{"id":"5c87a795","settings":{"_column_size":33,"_inline_size":null,"_inline_size_tablet":100},"elements":[{"id":"2ddd628","settings":{"image":{"url":"https:\/\/www.cssigniter.com\/elementor\/wp-content\/uploads\/2019\/06\/norton_album05.jpg","id":5228}},"elements":[],"isInner":false,"widgetType":"image","elType":"widget"},{"id":"53816d2","settings":{"title":"just as i am","align":"center","title_color":"#ff5b5b","typography_typography":"custom","typography_font_family":"Raleway","typography_font_size":{"unit":"px","size":13},"typography_font_weight":"bold","typography_text_transform":"uppercase","typography_letter_spacing":{"unit":"px","size":0},"_margin":{"unit":"px","top":"0","right":"0","bottom":"0","left":"0","isLinked":false},"header_size":"h4"},"elements":[],"isInner":false,"widgetType":"heading","elType":"widget"},{"id":"26af77ac","settings":{"button_1_text":"Spotify","button_1_align":"center","button_1_icon":"fa fa-spotify","button_2_text":"Apple Music","button_2_icon":"fa fa-apple","buttons_layout":"horizontal","button_1_text_margin":{"unit":"px","top":0,"right":"5","bottom":"0","left":0,"isLinked":false},"button_1_typography_typography":"custom","button_1_typography_font_family":"Raleway","button_1_typography_font_size":{"unit":"px","size":13},"button_1_background_color":"#0c0c0c","button_2_typography_typography":"custom","button_2_typography_font_family":"Raleway","button_2_typography_font_size":{"unit":"px","size":13},"button_2_background_color":"#0c0c0c"},"elements":[],"isInner":false,"widgetType":"dual-button","elType":"widget"}],"isInner":true,"elType":"column"},{"id":"89a4bbd","settings":{"_column_size":33,"_inline_size":null,"_inline_size_tablet":100},"elements":[{"id":"36c0466","settings":{"image":{"url":"https:\/\/www.cssigniter.com\/elementor\/wp-content\/uploads\/2019\/06\/norton_album04.jpg","id":5230}},"elements":[],"isInner":false,"widgetType":"image","elType":"widget"},{"id":"2eb8bc80","settings":{"title":"imagination","align":"center","title_color":"#ff5b5b","typography_typography":"custom","typography_font_family":"Raleway","typography_font_size":{"unit":"px","size":13},"typography_font_weight":"bold","typography_text_transform":"uppercase","typography_letter_spacing":{"unit":"px","size":0},"_margin":{"unit":"px","top":"0","right":"0","bottom":"0","left":"0","isLinked":false},"header_size":"h4"},"elements":[],"isInner":false,"widgetType":"heading","elType":"widget"},{"id":"4a93c646","settings":{"button_1_text":"Spotify","button_1_align":"center","button_1_icon":"fa fa-spotify","button_2_text":"Apple Music","button_2_icon":"fa fa-apple","buttons_layout":"horizontal","button_1_text_margin":{"unit":"px","top":0,"right":"5","bottom":"0","left":0,"isLinked":false},"button_1_typography_typography":"custom","button_1_typography_font_family":"Raleway","button_1_typography_font_size":{"unit":"px","size":13},"button_1_background_color":"#0c0c0c","button_2_typography_typography":"custom","button_2_typography_font_family":"Raleway","button_2_typography_font_size":{"unit":"px","size":13},"button_2_background_color":"#0c0c0c"},"elements":[],"isInner":false,"widgetType":"dual-button","elType":"widget"}],"isInner":true,"elType":"column"}],"isInner":true,"elType":"section"},{"id":"25c6062b","settings":{"gap":"no","border_border":"dashed","border_width":{"unit":"px","top":"0","right":"0","bottom":"1","left":"0","isLinked":false},"border_color":"#cccccc","margin":{"unit":"px","top":"0","right":0,"bottom":"30","left":0,"isLinked":false},"padding":{"unit":"px","top":"0","right":"0","bottom":"30","left":"0","isLinked":false},"animation":"fadeIn"},"elements":[{"id":"306ade6e","settings":{"_column_size":100,"_inline_size":null},"elements":[{"id":"60539cd9","settings":{"carousel":[{"id":5231,"url":"https:\/\/www.cssigniter.com\/elementor\/wp-content\/uploads\/2019\/06\/logo_bandcamp.png"},{"id":5232,"url":"https:\/\/www.cssigniter.com\/elementor\/wp-content\/uploads\/2019\/06\/logo_beatport.png"},{"id":5233,"url":"https:\/\/www.cssigniter.com\/elementor\/wp-content\/uploads\/2019\/06\/logo_bigcartel.png"},{"id":5234,"url":"https:\/\/www.cssigniter.com\/elementor\/wp-content\/uploads\/2019\/06\/logo_mixcloud.png"},{"id":5235,"url":"https:\/\/www.cssigniter.com\/elementor\/wp-content\/uploads\/2019\/06\/logo_reverb.png"}],"thumbnail_size":"full","slides_to_show":"4","slides_to_scroll":"1","navigation":"dots"},"elements":[],"isInner":false,"widgetType":"image-carousel","elType":"widget"}],"isInner":true,"elType":"column"}],"isInner":true,"elType":"section"},{"id":"76f52ef4","settings":[],"elements":[],"isInner":false,"widgetType":"spacer","elType":"widget"},{"id":"fd5c308","settings":{"title":"bookings","align":"center","title_color":"#ff5b5b","typography_typography":"custom","typography_font_family":"Raleway","typography_font_size":{"unit":"px","size":28},"typography_font_weight":"400","typography_text_transform":"uppercase","typography_letter_spacing":{"unit":"px","size":10},"_margin":{"unit":"px","top":"0","right":"0","bottom":"35","left":"0","isLinked":false},"header_size":"h3","align_mobile":"left"},"elements":[],"isInner":false,"widgetType":"heading","elType":"widget"},{"id":"466ec08d","settings":{"gap":"no","structure":"20"},"elements":[{"id":"55a7410b","settings":{"_column_size":50,"_inline_size":null,"margin":{"unit":"px","top":"0","right":"15","bottom":"0","left":"0","isLinked":false}},"elements":[{"id":"1a2deb9d","settings":{"title":"Worldwide","align":"right","title_color":"#ff5b5b","typography_typography":"custom","typography_font_family":"Raleway","typography_font_size":{"unit":"px","size":18},"typography_font_weight":"600","typography_letter_spacing":{"unit":"px","size":0},"_margin":{"unit":"px","top":"0","right":"0","bottom":"15","left":"0","isLinked":false},"header_size":"h3","align_mobile":"left"},"elements":[],"isInner":false,"widgetType":"heading","elType":"widget"},{"id":"1850d78b","settings":{"editor":"<p>1026 Elementor Str.<br \/>10432, New York<br \/>+1 1234 5678<br \/>norton@example.com<\/p>","align":"right","align_mobile":"left"},"elements":[],"isInner":false,"widgetType":"text-editor","elType":"widget"}],"isInner":true,"elType":"column"},{"id":"711b49d0","settings":{"_column_size":50,"_inline_size":null,"margin":{"unit":"px","top":"0","right":"0","bottom":"0","left":"15","isLinked":false},"margin_mobile":{"unit":"px","top":"0","right":"0","bottom":"0","left":"0","isLinked":true}},"elements":[{"id":"4846058","settings":{"title":"Europe","align":"left","title_color":"#ff5b5b","typography_typography":"custom","typography_font_family":"Raleway","typography_font_size":{"unit":"px","size":18},"typography_font_weight":"600","typography_letter_spacing":{"unit":"px","size":0},"_margin":{"unit":"px","top":"0","right":"0","bottom":"15","left":"0","isLinked":false},"header_size":"h3"},"elements":[],"isInner":false,"widgetType":"heading","elType":"widget"},{"id":"62521cf9","settings":{"editor":"<p>1027 Elementor Str.<br \/>10432, London<br \/>+1 1234 5678<br \/><span style=\"text-align: right;\">norton@example.com<\/span><\/p>"},"elements":[],"isInner":false,"widgetType":"text-editor","elType":"widget"}],"isInner":true,"elType":"column"}],"isInner":true,"elType":"section"},{"id":"5e384bc1","settings":{"space":{"unit":"px","size":20}},"elements":[],"isInner":false,"widgetType":"spacer","elType":"widget"},{"id":"4e11f8ff","settings":{"form_name":"New Form","form_fields":[{"_id":"name","field_type":"text","field_label":"Name","placeholder":"Name","width":"50","required":"","min_date":"","max_date":"","field_options":"","allow_multiple":"","select_size":"","inline_list":"","field_html":"","width_tablet":"","width_mobile":"","rows":4,"recaptcha_size":"normal","recaptcha_style":"light","css_classes":"","field_value":"","custom_id":"name","recaptcha_badge":"bottomright"},{"_id":"email","field_type":"email","required":"true","field_label":"Email","placeholder":"Email","width":"50","min_date":"","max_date":"","field_options":"","allow_multiple":"","select_size":"","inline_list":"","field_html":"","width_tablet":"","width_mobile":"","rows":4,"recaptcha_size":"normal","recaptcha_style":"light","css_classes":"","field_value":"","custom_id":"email","recaptcha_badge":"bottomright"},{"field_type":"text","field_label":"Subject","placeholder":"","required":"","min_date":"","max_date":"","field_options":"","allow_multiple":"","select_size":"","inline_list":"","field_html":"","width":"100","width_tablet":"","width_mobile":"","rows":4,"recaptcha_size":"normal","recaptcha_style":"light","css_classes":"","field_value":"","_id":"99664f2","custom_id":"99664f2","recaptcha_badge":"bottomright"},{"_id":"message","field_type":"textarea","field_label":"Message","placeholder":"Message","width":"100","required":"","min_date":"","max_date":"","field_options":"","allow_multiple":"","select_size":"","inline_list":"","field_html":"","width_tablet":"","width_mobile":"","rows":4,"recaptcha_size":"normal","recaptcha_style":"light","css_classes":"","field_value":"","custom_id":"message","recaptcha_badge":"bottomright"}],"input_size":"lg","button_text":"Submit Form","button_size":"lg","email_content":"[all-fields]","email_content_2":"[all-fields]","success_message":"The form was sent successfully.","error_message":"An error occured.","required_field_message":"This field is required.","invalid_message":"There's something wrong. The form is invalid.","column_gap":{"unit":"px","size":30},"row_gap":{"unit":"px","size":30},"label_typography_typography":"custom","label_typography_font_family":"Raleway","field_typography_typography":"custom","field_typography_font_family":"Raleway","field_border_radius":{"unit":"px","top":"0","right":"0","bottom":"0","left":"0","isLinked":true},"button_background_color":"#ff5b5b","button_typography_typography":"custom","button_typography_font_family":"Raleway","button_border_radius":{"unit":"px","top":"0","right":"0","bottom":"0","left":"0","isLinked":true}},"elements":[],"isInner":false,"widgetType":"form","elType":"widget"},{"id":"192b3a5d","settings":{"image":{"url":"https:\/\/www.cssigniter.com\/elementor\/wp-content\/uploads\/2019\/06\/norton_signature_footer.png","id":5239},"_margin":{"unit":"px","top":"350","right":"0","bottom":"-15","left":"0","isLinked":false}},"elements":[],"isInner":false,"widgetType":"image","elType":"widget"},{"id":"438fe08b","settings":{"social_icon_list":[{"social":"fa fa-facebook","_id":"e54c682","link":{"url":"","is_external":"true","nofollow":""},"social_icon":{"value":"fab fa-facebook-f","library":"fa-brands"},"item_icon_color":"default","item_icon_primary_color":"","item_icon_secondary_color":"","__fa4_migrated":{"social_icon":true}},{"social":"fa fa-twitter","_id":"75dd72b","link":{"url":"","is_external":"true","nofollow":""},"social_icon":{"value":"fab fa-twitter","library":"fa-brands"},"item_icon_color":"default","item_icon_primary_color":"","item_icon_secondary_color":"","__fa4_migrated":{"social_icon":true}},{"social":"fa fa-spotify","link":{"url":"","is_external":"true","nofollow":""},"_id":"badb759","social_icon":{"value":"fab fa-spotify","library":"fa-brands"},"item_icon_color":"default","item_icon_primary_color":"","item_icon_secondary_color":"","__fa4_migrated":{"social_icon":true}},{"social":"fa fa-youtube","link":{"url":"","is_external":"true","nofollow":""},"_id":"4e5e3a3","social_icon":{"value":"fab fa-youtube","library":"fa-brands"},"item_icon_color":"default","item_icon_primary_color":"","item_icon_secondary_color":"","__fa4_migrated":{"social_icon":true}},{"social":"fa fa-instagram","link":{"url":"","is_external":"true","nofollow":""},"_id":"24653a2","social_icon":{"value":"fab fa-instagram","library":"fa-brands"},"item_icon_color":"default","item_icon_primary_color":"","item_icon_secondary_color":"","__fa4_migrated":{"social_icon":true}}],"icon_color":"custom","icon_primary_color":"rgba(255,255,255,0.6)","icon_secondary_color":"#ff5b5b","icon_size":{"unit":"px","size":22},"icon_padding":{"unit":"em","size":0.40000000000000002220446049250313080847263336181640625},"image_border_border":"solid","image_border_width":{"unit":"px","top":"1","right":"1","bottom":"1","left":"1","isLinked":true},"image_border_color":"#ff5b5b","border_radius":{"unit":"px","top":"56","right":"56","bottom":"56","left":"56","isLinked":true},"hover_primary_color":"#ff5b5b","hover_secondary_color":"#ffffff","hover_border_color":"#ff5b5b"},"elements":[],"isInner":false,"widgetType":"social-icons","elType":"widget"},{"id":"71aec95c","settings":{"editor":"<p>Elizabeth Norton - Copyright 2019 - 2020<\/p>","text_color":"#8c8c8c","typography_typography":"custom","typography_font_family":"Zilla Slab","typography_font_size":{"unit":"px","size":14},"typography_line_height":{"unit":"em","size":1.6999999999999999555910790149937383830547332763671875},"_margin":{"unit":"px","top":"15","right":"0","bottom":"50","left":"0","isLinked":false},"_padding":{"unit":"px","top":"0","right":"120","bottom":"0","left":"120","isLinked":false},"align":"center","_margin_mobile":{"unit":"px","top":"0","right":"0","bottom":"0","left":"0","isLinked":true},"_padding_mobile":{"unit":"px","top":"0","right":"0","bottom":"0","left":"0","isLinked":true}},"elements":[],"isInner":false,"widgetType":"text-editor","elType":"widget"}],"isInner":false,"elType":"column"}],"isInner":false,"elType":"section"}]}