{"version":"0.4","title":"Ignition","type":"page","content":[{"id":"25214206","settings":{"layout":"full_width","background_background":"gradient","background_color":"#fcc71f","background_color_b":"#ff196d","background_gradient_angle":{"unit":"deg","size":150},"shape_divider_top_height":{"unit":"px","size":16},"padding":{"unit":"px","top":"0","right":"0","bottom":"0","left":"0","isLinked":false},"height":"min-height","custom_height":{"unit":"px","size":20},"shape_divider_bottom_width":{"unit":"%","size":205},"shape_divider_bottom_height":{"unit":"px","size":"10"},"shape_divider_bottom_flip":"yes"},"elements":[{"id":"3f598955","settings":{"_column_size":100,"_inline_size":null},"elements":[],"isInner":false,"elType":"column"}],"isInner":false,"elType":"section"},{"id":"308e973e","settings":{"content_position":"middle","structure":"20","margin":{"unit":"px","top":"50","right":0,"bottom":"0","left":0,"isLinked":false}},"elements":[{"id":"34deaf0a","settings":{"_column_size":50,"_inline_size":"25.000"},"elements":[{"id":"4168a5c0","settings":{"title":"IGNITION","title_color":"#000000","typography_typography":"custom","typography_font_size":{"unit":"px","size":20},"typography_font_family":"Poppins","typography_font_weight":"bold","typography_letter_spacing":{"unit":"px","size":0},"typography_line_height":{"unit":"em","size":1},"_margin":{"unit":"px","top":"0","right":"0","bottom":"-15","left":"0","isLinked":false},"align_mobile":"center","align":"left","align_tablet":"left","typography_font_size_tablet":{"unit":"px","size":20,"sizes":[]},"typography_font_size_mobile":{"unit":"px","size":20,"sizes":[]},"typography_text_transform":"none","typography_font_style":"normal","typography_text_decoration":"none","typography_line_height_tablet":{"unit":"em","size":1,"sizes":[]},"typography_line_height_mobile":{"unit":"em","size":1,"sizes":[]}},"elements":[],"isInner":false,"widgetType":"heading","elType":"widget"},{"id":"a4c62bf","settings":{"title":"WE DO MAGIC, THEY SAY.","title_color":"#afafaf","typography_typography":"custom","typography_font_size":{"unit":"px","size":12},"typography_font_family":"Poppins","typography_font_weight":"normal","typography_letter_spacing":{"unit":"px","size":0},"header_size":"p","typography_line_height":{"unit":"em","size":1},"align_mobile":"center","align":"left","align_tablet":"left","typography_font_size_tablet":{"unit":"px","size":12,"sizes":[]},"typography_font_size_mobile":{"unit":"px","size":12,"sizes":[]},"typography_text_transform":"uppercase","typography_font_style":"normal","typography_text_decoration":"none","typography_line_height_tablet":{"unit":"em","size":1,"sizes":[]},"typography_line_height_mobile":{"unit":"em","size":1.399999999999999911182158029987476766109466552734375,"sizes":[]}},"elements":[],"isInner":false,"widgetType":"heading","elType":"widget"}],"isInner":false,"elType":"column"},{"id":"199d49b0","settings":{"_column_size":50,"_inline_size":"75.000"},"elements":[{"id":"3a123dcd","settings":{"text":"Let's Talk","align":"right","typography_typography":"custom","typography_font_family":"Poppins","button_text_color":"#000000","background_color":"rgba(0,0,0,0)","hover_color":"#ffffff","button_background_hover_color":"#e00059","button_hover_border_color":"rgba(0,0,0,0)","border_border":"solid","border_width":{"unit":"px","top":"1","right":"1","bottom":"1","left":"1","isLinked":true},"border_color":"#b5b5b5","border_radius":{"unit":"px","top":"0","right":"0","bottom":"0","left":"0","isLinked":true},"link":{"is_external":"","url":"#about"},"align_mobile":"center","typography_font_size":{"unit":"px","size":"14"},"align_tablet":"right","typography_font_size_tablet":{"unit":"px","size":14,"sizes":[]},"typography_font_size_mobile":{"unit":"px","size":14,"sizes":[]},"typography_font_weight":"500","typography_text_transform":"none","typography_font_style":"normal","typography_text_decoration":"none","typography_line_height":{"unit":"em","size":1,"sizes":[]},"typography_line_height_tablet":{"unit":"em","size":1,"sizes":[]},"typography_line_height_mobile":{"unit":"em","size":1,"sizes":[]},"border_width_tablet":{"unit":"px","top":"1","right":"1","bottom":"1","left":"1","isLinked":true},"border_width_mobile":{"unit":"px","top":"1","right":"1","bottom":"1","left":"1","isLinked":true}},"elements":[],"isInner":false,"widgetType":"button","elType":"widget"}],"isInner":false,"elType":"column"}],"isInner":false,"elType":"section"},{"id":"35695e17","settings":{"height":"min-height","custom_height":{"unit":"px","size":"600"},"animation_duration":"fast"},"elements":[{"id":"37450834","settings":{"_column_size":100,"_inline_size":null,"padding":{"unit":"px","top":"0","right":"0","bottom":"0","left":"0","isLinked":true}},"elements":[{"id":"32443346","settings":{"title":"Keeping it simple.","title_color":"#000000","typography_typography":"custom","typography_font_size":{"unit":"px","size":"90"},"typography_font_family":"Poppins","typography_font_weight":"bold","typography_letter_spacing":{"unit":"px","size":-5},"align_tablet":"center","align_mobile":"center","typography_font_size_mobile":{"unit":"px","size":59},"typography_letter_spacing_mobile":{"unit":"px","size":-2},"_padding_tablet":{"unit":"px","top":"0","right":"0","bottom":"0","left":"010","isLinked":false},"align":"left","typography_font_size_tablet":{"unit":"px","size":90,"sizes":[]},"typography_text_transform":"none","typography_font_style":"normal","typography_text_decoration":"none","typography_line_height":{"unit":"em","size":1,"sizes":[]},"typography_line_height_tablet":{"unit":"em","size":1,"sizes":[]},"typography_line_height_mobile":{"unit":"em","size":1.100000000000000088817841970012523233890533447265625,"sizes":[]},"typography_letter_spacing_tablet":{"unit":"px","size":-5,"sizes":[]}},"elements":[],"isInner":false,"widgetType":"heading","elType":"widget"},{"id":"51cd994a","settings":{"structure":"20"},"elements":[{"id":"6ecb100","settings":{"_column_size":50,"_inline_size":"70.000","padding":{"unit":"px","top":"5","right":"5","bottom":"5","left":"5","isLinked":true},"_inline_size_tablet":100},"elements":[{"id":"6440ce92","settings":{"editor":"<p>Lorem ipsum dolor sit amet, consectetur adipiscing elit. Ut elit tellus, luctus nec ullamcorper mattis, pulvinar dapibus leo.<\/p>","typography_typography":"custom","typography_font_size":{"unit":"px","size":18},"typography_font_family":"Poppins","align_mobile":"center","_padding_tablet":{"unit":"px","top":"0","right":"10","bottom":"0","left":"10","isLinked":false},"_padding_mobile":{"unit":"px","top":"0","right":"20","bottom":"0","left":"20","isLinked":false},"align":"left","align_tablet":"center","text_color":"#7a7a7a","typography_font_size_tablet":{"unit":"px","size":18,"sizes":[]},"typography_font_size_mobile":{"unit":"px","size":18,"sizes":[]},"typography_font_weight":"400","typography_text_transform":"none","typography_font_style":"normal","typography_text_decoration":"none","typography_line_height":{"unit":"em","size":1.600000000000000088817841970012523233890533447265625,"sizes":[]},"typography_line_height_tablet":{"unit":"em","size":1.600000000000000088817841970012523233890533447265625,"sizes":[]},"typography_line_height_mobile":{"unit":"em","size":1.600000000000000088817841970012523233890533447265625,"sizes":[]}},"elements":[],"isInner":false,"widgetType":"text-editor","elType":"widget"}],"isInner":true,"elType":"column"},{"id":"63db3f85","settings":{"_column_size":50,"_inline_size":"30.000","_inline_size_tablet":100,"hide_tablet":"hidden-tablet","hide_mobile":"hidden-phone"},"elements":[],"isInner":true,"elType":"column"}],"isInner":true,"elType":"section"},{"id":"4f959d33","settings":{"icon":"fa fa-angle-down","link":{"is_external":"","url":"#work"},"align":"left","primary_color":"#000000","hover_primary_color":"#e00059","hover_animation":"bob","align_mobile":"center","selected_icon":{"value":"fas fa-angle-down","library":"fa-solid"},"align_tablet":"center","size":{"unit":"px","size":50,"sizes":[]},"size_tablet":{"unit":"px","size":50,"sizes":[]},"size_mobile":{"unit":"px","size":50,"sizes":[]},"rotate_tablet":{"unit":"deg","size":0,"sizes":[]},"rotate_mobile":{"unit":"deg","size":0,"sizes":[]},"__fa4_migrated":{"selected_icon":true}},"elements":[],"isInner":false,"widgetType":"icon","elType":"widget"}],"isInner":false,"elType":"column"}],"isInner":false,"elType":"section"},{"id":"bbd08f3","settings":{"layout":"full_width","background_background":"gradient","background_color":"#fcc71f","background_color_b":"#ff196d","background_gradient_angle":{"unit":"deg","size":150},"shape_divider_top_height":{"unit":"px","size":"5"},"padding":{"unit":"px","top":"100","right":"0","bottom":"100","left":"0","isLinked":false}},"elements":[{"id":"281bfdac","settings":{"_column_size":100,"_inline_size":null},"elements":[{"id":"114b195","settings":{"structure":"20"},"elements":[{"id":"61612f0d","settings":{"_column_size":50,"_inline_size":null},"elements":[{"id":"5b39c25f","settings":{"title":"Services.","title_color":"#ffffff","typography_typography":"custom","typography_font_size":{"unit":"px","size":38},"typography_font_family":"Poppins","typography_font_weight":"bold","typography_letter_spacing":{"unit":"px","size":-0.90000000000000002220446049250313080847263336181640625},"_padding":{"unit":"px","top":"0","right":"0","bottom":"30","left":"0","isLinked":false},"align":"left","align_tablet":"left","align_mobile":"left","typography_font_size_tablet":{"unit":"px","size":38,"sizes":[]},"typography_font_size_mobile":{"unit":"px","size":38,"sizes":[]},"typography_text_transform":"none","typography_font_style":"normal","typography_text_decoration":"none","typography_line_height":{"unit":"em","size":1,"sizes":[]},"typography_line_height_tablet":{"unit":"em","size":1,"sizes":[]},"typography_line_height_mobile":{"unit":"em","size":1,"sizes":[]},"typography_letter_spacing_tablet":{"unit":"px","size":-0.90000000000000002220446049250313080847263336181640625,"sizes":[]},"typography_letter_spacing_mobile":{"unit":"px","size":-0.90000000000000002220446049250313080847263336181640625,"sizes":[]}},"elements":[],"isInner":false,"widgetType":"heading","elType":"widget"}],"isInner":true,"elType":"column"},{"id":"2b66ad7b","settings":{"_column_size":50,"_inline_size":null},"elements":[],"isInner":true,"elType":"column"}],"isInner":true,"elType":"section"},{"id":"3d564590","settings":{"structure":"30"},"elements":[{"id":"43d991cc","settings":{"_column_size":33,"_inline_size":null,"margin":{"unit":"px","top":"0","right":"0","bottom":"30","left":"0","isLinked":false},"margin_tablet":{"unit":"px","top":"0","right":"0","bottom":"30","left":"0","isLinked":false},"margin_mobile":{"unit":"px","top":"0","right":"0","bottom":"30","left":"0","isLinked":false}},"elements":[{"id":"3789a64e","settings":{"title":"WordPress Design","title_color":"#ffffff","typography_typography":"custom","typography_font_size":{"unit":"px","size":20},"typography_font_family":"Poppins","typography_font_weight":"bold","typography_letter_spacing":{"unit":"px","size":0.1000000000000000055511151231257827021181583404541015625},"header_size":"h3","align":"left","align_tablet":"left","align_mobile":"left","typography_font_size_tablet":{"unit":"px","size":20,"sizes":[]},"typography_font_size_mobile":{"unit":"px","size":20,"sizes":[]},"typography_text_transform":"none","typography_font_style":"normal","typography_text_decoration":"none","typography_line_height":{"unit":"em","size":1,"sizes":[]},"typography_line_height_tablet":{"unit":"em","size":1.1999999999999999555910790149937383830547332763671875,"sizes":[]},"typography_line_height_mobile":{"unit":"em","size":1.1999999999999999555910790149937383830547332763671875,"sizes":[]}},"elements":[],"isInner":false,"widgetType":"heading","elType":"widget"},{"id":"1cfe1ca","settings":{"editor":"<p>Lorem ipsum dolor sit amet, consectetur adipiscing elit. Ut elit tellus, luctus nec ullamcorper mattis, pulvinar dapibus leo.<\/p>","text_color":"#ffffff","typography_typography":"custom","typography_font_family":"Poppins","typography_font_size":{"unit":"px","size":"16"},"align":"left","align_tablet":"left","align_mobile":"left","typography_font_size_tablet":{"unit":"px","size":16,"sizes":[]},"typography_font_size_mobile":{"unit":"px","size":16,"sizes":[]},"typography_font_weight":"400","typography_text_transform":"none","typography_font_style":"normal","typography_text_decoration":"none","typography_line_height":{"unit":"em","size":1.600000000000000088817841970012523233890533447265625,"sizes":[]},"typography_line_height_tablet":{"unit":"em","size":1.600000000000000088817841970012523233890533447265625,"sizes":[]},"typography_line_height_mobile":{"unit":"em","size":1.600000000000000088817841970012523233890533447265625,"sizes":[]},"custom_css":"p {\n    margin: 0;\n}"},"elements":[],"isInner":false,"widgetType":"text-editor","elType":"widget"}],"isInner":true,"elType":"column"},{"id":"4cd3a244","settings":{"_column_size":33,"_inline_size":null,"margin":{"unit":"px","top":"0","right":"0","bottom":"30","left":"0","isLinked":false},"margin_tablet":{"unit":"px","top":"0","right":"0","bottom":"30","left":"0","isLinked":false},"margin_mobile":{"unit":"px","top":"0","right":"0","bottom":"30","left":"0","isLinked":false}},"elements":[{"id":"bf95fff","settings":{"title":"WordPress Development","title_color":"#ffffff","typography_typography":"custom","typography_font_size":{"unit":"px","size":20},"typography_font_family":"Poppins","typography_font_weight":"bold","typography_letter_spacing":{"unit":"px","size":0.1000000000000000055511151231257827021181583404541015625},"header_size":"h3","align":"left","align_tablet":"left","align_mobile":"left","typography_font_size_tablet":{"unit":"px","size":20,"sizes":[]},"typography_font_size_mobile":{"unit":"px","size":20,"sizes":[]},"typography_text_transform":"none","typography_font_style":"normal","typography_text_decoration":"none","typography_line_height":{"unit":"em","size":1,"sizes":[]},"typography_line_height_tablet":{"unit":"em","size":1.1999999999999999555910790149937383830547332763671875,"sizes":[]},"typography_line_height_mobile":{"unit":"em","size":1.1999999999999999555910790149937383830547332763671875,"sizes":[]}},"elements":[],"isInner":false,"widgetType":"heading","elType":"widget"},{"id":"6618affe","settings":{"editor":"<p>Lorem ipsum dolor sit amet, consectetur adipiscing elit. Ut elit tellus, luctus nec ullamcorper mattis, pulvinar dapibus leo.<\/p>","text_color":"#ffffff","typography_typography":"custom","typography_font_family":"Poppins","typography_font_size":{"unit":"px","size":"16"},"align":"left","align_tablet":"left","align_mobile":"left","typography_font_size_tablet":{"unit":"px","size":16,"sizes":[]},"typography_font_size_mobile":{"unit":"px","size":16,"sizes":[]},"typography_font_weight":"400","typography_text_transform":"none","typography_font_style":"normal","typography_text_decoration":"none","typography_line_height":{"unit":"em","size":1.600000000000000088817841970012523233890533447265625,"sizes":[]},"typography_line_height_tablet":{"unit":"em","size":1.600000000000000088817841970012523233890533447265625,"sizes":[]},"typography_line_height_mobile":{"unit":"em","size":1.600000000000000088817841970012523233890533447265625,"sizes":[]}},"elements":[],"isInner":false,"widgetType":"text-editor","elType":"widget"}],"isInner":true,"elType":"column"},{"id":"67983e91","settings":{"_column_size":33,"_inline_size":null,"margin":{"unit":"px","top":"0","right":"0","bottom":"30","left":"0","isLinked":false},"margin_tablet":{"unit":"px","top":"0","right":"0","bottom":"30","left":"0","isLinked":false},"margin_mobile":{"unit":"px","top":"0","right":"0","bottom":"30","left":"0","isLinked":false}},"elements":[{"id":"614f630a","settings":{"title":"Plugin Development","title_color":"#ffffff","typography_typography":"custom","typography_font_size":{"unit":"px","size":20},"typography_font_family":"Poppins","typography_font_weight":"bold","typography_letter_spacing":{"unit":"px","size":0.1000000000000000055511151231257827021181583404541015625},"header_size":"h3","align":"left","align_tablet":"left","align_mobile":"left","typography_font_size_tablet":{"unit":"px","size":20,"sizes":[]},"typography_font_size_mobile":{"unit":"px","size":20,"sizes":[]},"typography_text_transform":"none","typography_font_style":"normal","typography_text_decoration":"none","typography_line_height":{"unit":"em","size":1,"sizes":[]},"typography_line_height_tablet":{"unit":"em","size":1.1999999999999999555910790149937383830547332763671875,"sizes":[]},"typography_line_height_mobile":{"unit":"em","size":1.1999999999999999555910790149937383830547332763671875,"sizes":[]}},"elements":[],"isInner":false,"widgetType":"heading","elType":"widget"},{"id":"21b6b5bc","settings":{"editor":"<p>Lorem ipsum dolor sit amet, consectetur adipiscing elit. Ut elit tellus, luctus nec ullamcorper mattis, pulvinar dapibus leo.<\/p>","text_color":"#ffffff","typography_typography":"custom","typography_font_family":"Poppins","typography_font_size":{"unit":"px","size":"16"},"align":"left","align_tablet":"left","align_mobile":"left","typography_font_size_tablet":{"unit":"px","size":16,"sizes":[]},"typography_font_size_mobile":{"unit":"px","size":16,"sizes":[]},"typography_font_weight":"400","typography_text_transform":"none","typography_font_style":"normal","typography_text_decoration":"none","typography_line_height":{"unit":"em","size":1.600000000000000088817841970012523233890533447265625,"sizes":[]},"typography_line_height_tablet":{"unit":"em","size":1.600000000000000088817841970012523233890533447265625,"sizes":[]},"typography_line_height_mobile":{"unit":"em","size":1.600000000000000088817841970012523233890533447265625,"sizes":[]}},"elements":[],"isInner":false,"widgetType":"text-editor","elType":"widget"}],"isInner":true,"elType":"column"}],"isInner":true,"elType":"section"},{"id":"45ed4244","settings":{"structure":"30"},"elements":[{"id":"27a83af6","settings":{"_column_size":33,"_inline_size":null,"margin":{"unit":"px","top":"0","right":"0","bottom":"0","left":"0","isLinked":false},"margin_tablet":{"unit":"px","top":"0","right":"0","bottom":"0","left":"0","isLinked":false},"margin_mobile":{"unit":"px","top":"0","right":"0","bottom":"30","left":"0","isLinked":false}},"elements":[{"id":"64c5861f","settings":{"title":"Landing Page Design","title_color":"#ffffff","typography_typography":"custom","typography_font_size":{"unit":"px","size":20},"typography_font_family":"Poppins","typography_font_weight":"bold","typography_letter_spacing":{"unit":"px","size":0.1000000000000000055511151231257827021181583404541015625},"header_size":"h3","align":"left","align_tablet":"left","align_mobile":"left","typography_font_size_tablet":{"unit":"px","size":20,"sizes":[]},"typography_font_size_mobile":{"unit":"px","size":20,"sizes":[]},"typography_text_transform":"none","typography_font_style":"normal","typography_text_decoration":"none","typography_line_height":{"unit":"em","size":1,"sizes":[]},"typography_line_height_tablet":{"unit":"em","size":1.1999999999999999555910790149937383830547332763671875,"sizes":[]},"typography_line_height_mobile":{"unit":"em","size":1.1999999999999999555910790149937383830547332763671875,"sizes":[]}},"elements":[],"isInner":false,"widgetType":"heading","elType":"widget"},{"id":"2bcb96f3","settings":{"editor":"<p>Lorem ipsum dolor sit amet, consectetur adipiscing elit. Ut elit tellus, luctus nec ullamcorper mattis, pulvinar dapibus leo.<\/p>","text_color":"#ffffff","typography_typography":"custom","typography_font_family":"Poppins","typography_font_size":{"unit":"px","size":"16"},"align":"left","align_tablet":"left","align_mobile":"left","typography_font_size_tablet":{"unit":"px","size":16,"sizes":[]},"typography_font_size_mobile":{"unit":"px","size":16,"sizes":[]},"typography_font_weight":"400","typography_text_transform":"none","typography_font_style":"normal","typography_text_decoration":"none","typography_line_height":{"unit":"em","size":1.600000000000000088817841970012523233890533447265625,"sizes":[]},"typography_line_height_tablet":{"unit":"em","size":1.600000000000000088817841970012523233890533447265625,"sizes":[]},"typography_line_height_mobile":{"unit":"em","size":1.600000000000000088817841970012523233890533447265625,"sizes":[]}},"elements":[],"isInner":false,"widgetType":"text-editor","elType":"widget"}],"isInner":true,"elType":"column"},{"id":"72af0822","settings":{"_column_size":33,"_inline_size":null,"margin":{"unit":"px","top":"0","right":"0","bottom":"0","left":"0","isLinked":false},"margin_tablet":{"unit":"px","top":"0","right":"0","bottom":"0","left":"0","isLinked":false},"margin_mobile":{"unit":"px","top":"0","right":"0","bottom":"30","left":"0","isLinked":false}},"elements":[{"id":"28f3f267","settings":{"title":"Graphic Design","title_color":"#ffffff","typography_typography":"custom","typography_font_size":{"unit":"px","size":20},"typography_font_family":"Poppins","typography_font_weight":"bold","typography_letter_spacing":{"unit":"px","size":0.1000000000000000055511151231257827021181583404541015625},"header_size":"h3","align":"left","align_tablet":"left","align_mobile":"left","typography_font_size_tablet":{"unit":"px","size":20,"sizes":[]},"typography_font_size_mobile":{"unit":"px","size":20,"sizes":[]},"typography_text_transform":"none","typography_font_style":"normal","typography_text_decoration":"none","typography_line_height":{"unit":"em","size":1,"sizes":[]},"typography_line_height_tablet":{"unit":"em","size":1.1999999999999999555910790149937383830547332763671875,"sizes":[]},"typography_line_height_mobile":{"unit":"em","size":1.1999999999999999555910790149937383830547332763671875,"sizes":[]}},"elements":[],"isInner":false,"widgetType":"heading","elType":"widget"},{"id":"6abaa295","settings":{"editor":"<p>Lorem ipsum dolor sit amet, consectetur adipiscing elit. Ut elit tellus, luctus nec ullamcorper mattis, pulvinar dapibus leo.<\/p>","text_color":"#ffffff","typography_typography":"custom","typography_font_family":"Poppins","typography_font_size":{"unit":"px","size":"16"},"align":"left","align_tablet":"left","align_mobile":"left","typography_font_size_tablet":{"unit":"px","size":16,"sizes":[]},"typography_font_size_mobile":{"unit":"px","size":16,"sizes":[]},"typography_font_weight":"400","typography_text_transform":"none","typography_font_style":"normal","typography_text_decoration":"none","typography_line_height":{"unit":"em","size":1.600000000000000088817841970012523233890533447265625,"sizes":[]},"typography_line_height_tablet":{"unit":"em","size":1.600000000000000088817841970012523233890533447265625,"sizes":[]},"typography_line_height_mobile":{"unit":"em","size":1.600000000000000088817841970012523233890533447265625,"sizes":[]}},"elements":[],"isInner":false,"widgetType":"text-editor","elType":"widget"}],"isInner":true,"elType":"column"},{"id":"5bcc1058","settings":{"_column_size":33,"_inline_size":null,"margin":{"unit":"px","top":"0","right":"0","bottom":"0","left":"0","isLinked":false},"margin_tablet":{"unit":"px","top":"0","right":"0","bottom":"0","left":"0","isLinked":false}},"elements":[{"id":"6a24ed80","settings":{"title":"SEO \/ SEM Services","title_color":"#ffffff","typography_typography":"custom","typography_font_size":{"unit":"px","size":20},"typography_font_family":"Poppins","typography_font_weight":"bold","typography_letter_spacing":{"unit":"px","size":0.1000000000000000055511151231257827021181583404541015625},"header_size":"h3","align":"left","align_tablet":"left","align_mobile":"left","typography_font_size_tablet":{"unit":"px","size":20,"sizes":[]},"typography_font_size_mobile":{"unit":"px","size":20,"sizes":[]},"typography_text_transform":"none","typography_font_style":"normal","typography_text_decoration":"none","typography_line_height":{"unit":"em","size":1,"sizes":[]},"typography_line_height_tablet":{"unit":"em","size":1.1999999999999999555910790149937383830547332763671875,"sizes":[]},"typography_line_height_mobile":{"unit":"em","size":1.1999999999999999555910790149937383830547332763671875,"sizes":[]}},"elements":[],"isInner":false,"widgetType":"heading","elType":"widget"},{"id":"72b3d34a","settings":{"editor":"<p>Lorem ipsum dolor sit amet, consectetur adipiscing elit. Ut elit tellus, luctus nec ullamcorper mattis, pulvinar dapibus leo.<\/p>","text_color":"#ffffff","typography_typography":"custom","typography_font_family":"Poppins","typography_font_size":{"unit":"px","size":"16"},"align":"left","align_tablet":"left","align_mobile":"left","typography_font_size_tablet":{"unit":"px","size":16,"sizes":[]},"typography_font_size_mobile":{"unit":"px","size":16,"sizes":[]},"typography_font_weight":"400","typography_text_transform":"none","typography_font_style":"normal","typography_text_decoration":"none","typography_line_height":{"unit":"em","size":1.600000000000000088817841970012523233890533447265625,"sizes":[]},"typography_line_height_tablet":{"unit":"em","size":1.600000000000000088817841970012523233890533447265625,"sizes":[]},"typography_line_height_mobile":{"unit":"em","size":1.600000000000000088817841970012523233890533447265625,"sizes":[]}},"elements":[],"isInner":false,"widgetType":"text-editor","elType":"widget"}],"isInner":true,"elType":"column"}],"isInner":true,"elType":"section"}],"isInner":false,"elType":"column"}],"isInner":false,"elType":"section"},{"id":"2d32faf0","settings":{"layout":"full_width","height":"full","column_position":"bottom","content_position":"bottom","background_background":"classic","background_image":{"id":5095,"url":"https:\/\/www.cssigniter.com\/elementor\/wp-content\/uploads\/2019\/05\/officeb.jpg"},"background_attachment":"fixed","background_size":"cover","background_overlay_background":"gradient","background_overlay_color":"#ffffff","background_overlay_color_stop":{"unit":"%","size":90},"background_overlay_color_b":"#000000","background_overlay_opacity":{"unit":"px","size":0.1499999999999999944488848768742172978818416595458984375},"padding_mobile":{"unit":"px","top":"100","right":"0","bottom":"0","left":"0","isLinked":false}},"elements":[{"id":"614e2c76","settings":{"_column_size":100,"_inline_size":null},"elements":[{"id":"1983e4a","settings":{"structure":"20"},"elements":[{"id":"6f8bfdbf","settings":{"_column_size":50,"_inline_size":null},"elements":[{"id":"50ebbc72","settings":{"title":"This is where magic happens. Come and say hi.","title_color":"#ffffff","typography_typography":"custom","typography_font_size":{"unit":"px","size":16},"typography_font_family":"Poppins","typography_font_weight":"normal","align":"left","align_tablet":"left","align_mobile":"left","typography_font_size_tablet":{"unit":"px","size":16,"sizes":[]},"typography_font_size_mobile":{"unit":"px","size":16,"sizes":[]},"typography_text_transform":"none","typography_font_style":"normal","typography_text_decoration":"none","typography_line_height":{"unit":"em","size":1,"sizes":[]},"typography_line_height_tablet":{"unit":"em","size":1.1999999999999999555910790149937383830547332763671875,"sizes":[]},"typography_line_height_mobile":{"unit":"em","size":1.1999999999999999555910790149937383830547332763671875,"sizes":[]}},"elements":[],"isInner":false,"widgetType":"heading","elType":"widget"}],"isInner":true,"elType":"column"},{"id":"6bccf5b6","settings":{"_column_size":50,"_inline_size":null},"elements":[],"isInner":true,"elType":"column"}],"isInner":true,"elType":"section"}],"isInner":false,"elType":"column"}],"isInner":false,"elType":"section"},{"id":"3bb49418","settings":{"layout":"full_width","background_background":"gradient","background_color":"#fcc71f","background_color_b":"#ff196d","background_gradient_angle":{"unit":"deg","size":320},"shape_divider_top_height":{"unit":"px","size":"5"},"padding":{"unit":"px","top":"100","right":"0","bottom":"100","left":"0","isLinked":false},"padding_tablet":{"unit":"px","top":"100","right":"0","bottom":"100","left":"0","isLinked":false},"padding_mobile":{"unit":"px","top":"100","right":"0","bottom":"100","left":"0","isLinked":false}},"elements":[{"id":"5bb65738","settings":{"_column_size":100,"_inline_size":null},"elements":[{"id":"b4c5994","settings":{"anchor":"work"},"elements":[],"isInner":false,"widgetType":"menu-anchor","elType":"widget"},{"id":"3a44990d","settings":{"structure":"20"},"elements":[{"id":"5eb21ad7","settings":{"_column_size":50,"_inline_size":null},"elements":[{"id":"14102a93","settings":{"title":"Selected work.","title_color":"#ffffff","typography_typography":"custom","typography_font_size":{"unit":"px","size":38},"typography_font_family":"Poppins","typography_font_weight":"bold","typography_letter_spacing":{"unit":"px","size":-0.90000000000000002220446049250313080847263336181640625},"_padding":{"unit":"px","top":"0","right":"0","bottom":"30","left":"0","isLinked":false},"align":"left","align_tablet":"left","align_mobile":"left","typography_font_size_tablet":{"unit":"px","size":38,"sizes":[]},"typography_font_size_mobile":{"unit":"px","size":38,"sizes":[]},"typography_text_transform":"none","typography_font_style":"normal","typography_text_decoration":"none","typography_line_height":{"unit":"em","size":1,"sizes":[]},"typography_line_height_tablet":{"unit":"em","size":1,"sizes":[]},"typography_line_height_mobile":{"unit":"em","size":1,"sizes":[]},"typography_letter_spacing_tablet":{"unit":"px","size":-0.90000000000000002220446049250313080847263336181640625,"sizes":[]},"typography_letter_spacing_mobile":{"unit":"px","size":-0.90000000000000002220446049250313080847263336181640625,"sizes":[]},"_padding_tablet":{"unit":"px","top":"0","right":"0","bottom":"30","left":"0","isLinked":false},"_padding_mobile":{"unit":"px","top":"0","right":"0","bottom":"30","left":"0","isLinked":false}},"elements":[],"isInner":false,"widgetType":"heading","elType":"widget"}],"isInner":true,"elType":"column"},{"id":"4987c86a","settings":{"_column_size":50,"_inline_size":null},"elements":[],"isInner":true,"elType":"column"}],"isInner":true,"elType":"section"},{"id":"26b1c279","settings":{"structure":"30"},"elements":[{"id":"a81d404","settings":{"_column_size":33,"_inline_size":null,"margin":{"unit":"px","top":"0","right":"0","bottom":"30","left":"0","isLinked":false},"margin_tablet":{"unit":"px","top":"0","right":"0","bottom":"30","left":"0","isLinked":false},"margin_mobile":{"unit":"px","top":"0","right":"0","bottom":"30","left":"0","isLinked":false}},"elements":[{"id":"124b40fe","settings":{"link_to":"file","hover_animation":"bob","image_box_shadow_box_shadow_type":"yes","image_box_shadow_box_shadow":{"horizontal":0,"vertical":0,"blur":100,"spread":-27,"inset":"","color":"rgba(0,0,0,0.5)"},"_margin":{"unit":"px","top":"0","right":"0","bottom":"10","left":"0","isLinked":false},"_css_classes":"popup","image_size":"full","image":{"url":"https:\/\/www.cssigniter.com\/elementor\/wp-content\/uploads\/2019\/05\/bookb.jpg","id":5096},"align":"center","align_tablet":"center","align_mobile":"center","_margin_tablet":{"unit":"px","top":"0","right":"0","bottom":"10","left":"0","isLinked":false},"_margin_mobile":{"unit":"px","top":"0","right":"0","bottom":"10","left":"0","isLinked":false}},"elements":[],"isInner":false,"widgetType":"image","elType":"widget"},{"id":"1a9a20a4","settings":{"title":"Book Design","title_color":"#ffffff","typography_typography":"custom","typography_font_size":{"unit":"px","size":20},"typography_font_family":"Poppins","typography_font_weight":"bold","typography_letter_spacing":{"unit":"px","size":0.1000000000000000055511151231257827021181583404541015625},"header_size":"h3","align":"left","align_tablet":"left","align_mobile":"left","typography_font_size_tablet":{"unit":"px","size":20,"sizes":[]},"typography_font_size_mobile":{"unit":"px","size":20,"sizes":[]},"typography_text_transform":"none","typography_font_style":"normal","typography_text_decoration":"none","typography_line_height":{"unit":"em","size":1,"sizes":[]},"typography_line_height_tablet":{"unit":"em","size":1.3000000000000000444089209850062616169452667236328125,"sizes":[]},"typography_line_height_mobile":{"unit":"em","size":1.3000000000000000444089209850062616169452667236328125,"sizes":[]}},"elements":[],"isInner":false,"widgetType":"heading","elType":"widget"},{"id":"5db4bc8e","settings":{"editor":"<p>Lorem ipsum dolor sit amet, consectetur adipiscing elit. Ut elit tellus, luctus nec ullamcorper mattis, pulvinar dapibus leo.<\/p>","text_color":"#ffffff","typography_typography":"custom","typography_font_family":"Poppins","typography_font_size":{"unit":"px","size":"16"},"align":"left","align_tablet":"left","align_mobile":"left","typography_font_size_tablet":{"unit":"px","size":16,"sizes":[]},"typography_font_size_mobile":{"unit":"px","size":16,"sizes":[]},"typography_font_weight":"400","typography_text_transform":"none","typography_font_style":"normal","typography_text_decoration":"none","typography_line_height":{"unit":"em","size":1.600000000000000088817841970012523233890533447265625,"sizes":[]},"typography_line_height_tablet":{"unit":"em","size":1.600000000000000088817841970012523233890533447265625,"sizes":[]},"typography_line_height_mobile":{"unit":"em","size":1.600000000000000088817841970012523233890533447265625,"sizes":[]}},"elements":[],"isInner":false,"widgetType":"text-editor","elType":"widget"}],"isInner":true,"elType":"column"},{"id":"6a77f323","settings":{"_column_size":33,"_inline_size":null,"margin":{"unit":"px","top":"0","right":"0","bottom":"30","left":"0","isLinked":false},"margin_tablet":{"unit":"px","top":"0","right":"0","bottom":"30","left":"0","isLinked":false},"margin_mobile":{"unit":"px","top":"0","right":"0","bottom":"30","left":"0","isLinked":false}},"elements":[{"id":"5aff0547","settings":{"link_to":"file","hover_animation":"bob","image_box_shadow_box_shadow_type":"yes","image_box_shadow_box_shadow":{"horizontal":0,"vertical":0,"blur":100,"spread":-27,"inset":"","color":"rgba(0,0,0,0.5)"},"_margin":{"unit":"px","top":"0","right":"0","bottom":"10","left":"0","isLinked":false},"_css_classes":"popup","image_size":"full","image":{"url":"https:\/\/www.cssigniter.com\/elementor\/wp-content\/uploads\/2019\/05\/magazineb.jpg","id":5097},"align":"center","align_tablet":"center","align_mobile":"center","_margin_tablet":{"unit":"px","top":"0","right":"0","bottom":"10","left":"0","isLinked":false},"_margin_mobile":{"unit":"px","top":"0","right":"0","bottom":"10","left":"0","isLinked":false}},"elements":[],"isInner":false,"widgetType":"image","elType":"widget"},{"id":"67215c89","settings":{"title":"Magazine Cover \/ Layout","title_color":"#ffffff","typography_typography":"custom","typography_font_size":{"unit":"px","size":20},"typography_font_family":"Poppins","typography_font_weight":"bold","typography_letter_spacing":{"unit":"px","size":0.1000000000000000055511151231257827021181583404541015625},"header_size":"h3","align":"left","align_tablet":"left","align_mobile":"left","typography_font_size_tablet":{"unit":"px","size":20,"sizes":[]},"typography_font_size_mobile":{"unit":"px","size":20,"sizes":[]},"typography_text_transform":"none","typography_font_style":"normal","typography_text_decoration":"none","typography_line_height":{"unit":"em","size":1,"sizes":[]},"typography_line_height_tablet":{"unit":"em","size":1.3000000000000000444089209850062616169452667236328125,"sizes":[]},"typography_line_height_mobile":{"unit":"em","size":1.3000000000000000444089209850062616169452667236328125,"sizes":[]}},"elements":[],"isInner":false,"widgetType":"heading","elType":"widget"},{"id":"121912cd","settings":{"editor":"<p>Lorem ipsum dolor sit amet, consectetur adipiscing elit. Ut elit tellus, luctus nec ullamcorper mattis, pulvinar dapibus leo.<\/p>","text_color":"#ffffff","typography_typography":"custom","typography_font_family":"Poppins","typography_font_size":{"unit":"px","size":"16"},"align":"left","align_tablet":"left","align_mobile":"left","typography_font_size_tablet":{"unit":"px","size":16,"sizes":[]},"typography_font_size_mobile":{"unit":"px","size":16,"sizes":[]},"typography_font_weight":"400","typography_text_transform":"none","typography_font_style":"normal","typography_text_decoration":"none","typography_line_height":{"unit":"em","size":1.600000000000000088817841970012523233890533447265625,"sizes":[]},"typography_line_height_tablet":{"unit":"em","size":1.600000000000000088817841970012523233890533447265625,"sizes":[]},"typography_line_height_mobile":{"unit":"em","size":1.600000000000000088817841970012523233890533447265625,"sizes":[]}},"elements":[],"isInner":false,"widgetType":"text-editor","elType":"widget"}],"isInner":true,"elType":"column"},{"id":"16671808","settings":{"_column_size":33,"_inline_size":null,"margin":{"unit":"px","top":"0","right":"0","bottom":"30","left":"0","isLinked":false},"margin_tablet":{"unit":"px","top":"0","right":"0","bottom":"30","left":"0","isLinked":false},"margin_mobile":{"unit":"px","top":"0","right":"0","bottom":"30","left":"0","isLinked":false}},"elements":[{"id":"37f8970b","settings":{"link_to":"file","hover_animation":"bob","image_box_shadow_box_shadow_type":"yes","image_box_shadow_box_shadow":{"horizontal":0,"vertical":0,"blur":100,"spread":-27,"inset":"","color":"rgba(0,0,0,0.5)"},"_margin":{"unit":"px","top":"0","right":"0","bottom":"10","left":"0","isLinked":false},"_css_classes":"popup","image_size":"full","image":{"url":"https:\/\/www.cssigniter.com\/elementor\/wp-content\/uploads\/2019\/05\/trifoldb.jpg","id":5099},"align":"center","align_tablet":"center","align_mobile":"center","_margin_tablet":{"unit":"px","top":"0","right":"0","bottom":"10","left":"0","isLinked":false},"_margin_mobile":{"unit":"px","top":"0","right":"0","bottom":"10","left":"0","isLinked":false}},"elements":[],"isInner":false,"widgetType":"image","elType":"widget"},{"id":"2b104bbf","settings":{"title":"Business Tri-fold Brochure","title_color":"#ffffff","typography_typography":"custom","typography_font_size":{"unit":"px","size":20},"typography_font_family":"Poppins","typography_font_weight":"bold","typography_letter_spacing":{"unit":"px","size":0.1000000000000000055511151231257827021181583404541015625},"header_size":"h3","align":"left","align_tablet":"left","align_mobile":"left","typography_font_size_tablet":{"unit":"px","size":20,"sizes":[]},"typography_font_size_mobile":{"unit":"px","size":20,"sizes":[]},"typography_text_transform":"none","typography_font_style":"normal","typography_text_decoration":"none","typography_line_height":{"unit":"em","size":1,"sizes":[]},"typography_line_height_tablet":{"unit":"em","size":1.3000000000000000444089209850062616169452667236328125,"sizes":[]},"typography_line_height_mobile":{"unit":"em","size":1.3000000000000000444089209850062616169452667236328125,"sizes":[]}},"elements":[],"isInner":false,"widgetType":"heading","elType":"widget"},{"id":"5dcea75d","settings":{"editor":"<p>Lorem ipsum dolor sit amet, consectetur adipiscing elit. Ut elit tellus, luctus nec ullamcorper mattis, pulvinar dapibus leo.<\/p>","text_color":"#ffffff","typography_typography":"custom","typography_font_family":"Poppins","typography_font_size":{"unit":"px","size":"16"},"align":"left","align_tablet":"left","align_mobile":"left","typography_font_size_tablet":{"unit":"px","size":16,"sizes":[]},"typography_font_size_mobile":{"unit":"px","size":16,"sizes":[]},"typography_font_weight":"400","typography_text_transform":"none","typography_font_style":"normal","typography_text_decoration":"none","typography_line_height":{"unit":"em","size":1.600000000000000088817841970012523233890533447265625,"sizes":[]},"typography_line_height_tablet":{"unit":"em","size":1.600000000000000088817841970012523233890533447265625,"sizes":[]},"typography_line_height_mobile":{"unit":"em","size":1.600000000000000088817841970012523233890533447265625,"sizes":[]}},"elements":[],"isInner":false,"widgetType":"text-editor","elType":"widget"}],"isInner":true,"elType":"column"}],"isInner":true,"elType":"section"},{"id":"6ac7feb1","settings":{"structure":"30"},"elements":[{"id":"5a362c1","settings":{"_column_size":33,"_inline_size":null,"margin":{"unit":"px","top":"0","right":"0","bottom":"0","left":"0","isLinked":false},"margin_tablet":{"unit":"px","top":"0","right":"0","bottom":"0","left":"0","isLinked":false},"margin_mobile":{"unit":"px","top":"0","right":"0","bottom":"30","left":"0","isLinked":false}},"elements":[{"id":"3c82f910","settings":{"link_to":"file","hover_animation":"bob","image_box_shadow_box_shadow_type":"yes","image_box_shadow_box_shadow":{"horizontal":0,"vertical":0,"blur":100,"spread":-27,"inset":"","color":"rgba(0,0,0,0.5)"},"_margin":{"unit":"px","top":"0","right":"0","bottom":"10","left":"0","isLinked":false},"_css_classes":"popup","image_size":"full","image":{"url":"https:\/\/www.cssigniter.com\/elementor\/wp-content\/uploads\/2019\/05\/cosmeticsb.jpg","id":5100},"align":"center","align_tablet":"center","align_mobile":"center","_margin_tablet":{"unit":"px","top":"0","right":"0","bottom":"10","left":"0","isLinked":false},"_margin_mobile":{"unit":"px","top":"0","right":"0","bottom":"10","left":"0","isLinked":false}},"elements":[],"isInner":false,"widgetType":"image","elType":"widget"},{"id":"65ce39ec","settings":{"title":"Cosmetics Packaging","title_color":"#ffffff","typography_typography":"custom","typography_font_size":{"unit":"px","size":20},"typography_font_family":"Poppins","typography_font_weight":"bold","typography_letter_spacing":{"unit":"px","size":0.1000000000000000055511151231257827021181583404541015625},"header_size":"h3","align":"left","align_tablet":"left","align_mobile":"left","typography_font_size_tablet":{"unit":"px","size":20,"sizes":[]},"typography_font_size_mobile":{"unit":"px","size":20,"sizes":[]},"typography_text_transform":"none","typography_font_style":"normal","typography_text_decoration":"none","typography_line_height":{"unit":"em","size":1,"sizes":[]},"typography_line_height_tablet":{"unit":"em","size":1.3000000000000000444089209850062616169452667236328125,"sizes":[]},"typography_line_height_mobile":{"unit":"em","size":1.3000000000000000444089209850062616169452667236328125,"sizes":[]}},"elements":[],"isInner":false,"widgetType":"heading","elType":"widget"},{"id":"17291bee","settings":{"editor":"<p>Lorem ipsum dolor sit amet, consectetur adipiscing elit. Ut elit tellus, luctus nec ullamcorper mattis, pulvinar dapibus leo.<\/p>","text_color":"#ffffff","typography_typography":"custom","typography_font_family":"Poppins","typography_font_size":{"unit":"px","size":"16"},"align":"left","align_tablet":"left","align_mobile":"left","typography_font_size_tablet":{"unit":"px","size":16,"sizes":[]},"typography_font_size_mobile":{"unit":"px","size":16,"sizes":[]},"typography_font_weight":"400","typography_text_transform":"none","typography_font_style":"normal","typography_text_decoration":"none","typography_line_height":{"unit":"em","size":1.600000000000000088817841970012523233890533447265625,"sizes":[]},"typography_line_height_tablet":{"unit":"em","size":1.600000000000000088817841970012523233890533447265625,"sizes":[]},"typography_line_height_mobile":{"unit":"em","size":1.600000000000000088817841970012523233890533447265625,"sizes":[]}},"elements":[],"isInner":false,"widgetType":"text-editor","elType":"widget"}],"isInner":true,"elType":"column"},{"id":"45772931","settings":{"_column_size":33,"_inline_size":null,"margin":{"unit":"px","top":"0","right":"0","bottom":"0","left":"0","isLinked":false},"margin_tablet":{"unit":"px","top":"0","right":"0","bottom":"0","left":"0","isLinked":false},"margin_mobile":{"unit":"px","top":"0","right":"0","bottom":"30","left":"0","isLinked":false}},"elements":[{"id":"420d436a","settings":{"link_to":"file","hover_animation":"bob","image_box_shadow_box_shadow_type":"yes","image_box_shadow_box_shadow":{"horizontal":0,"vertical":0,"blur":100,"spread":-27,"inset":"","color":"rgba(0,0,0,0.5)"},"_margin":{"unit":"px","top":"0","right":"0","bottom":"10","left":"0","isLinked":false},"_css_classes":"popup","image_size":"full","image":{"url":"https:\/\/www.cssigniter.com\/elementor\/wp-content\/uploads\/2019\/05\/bagb.jpg","id":5101},"align":"center","align_tablet":"center","align_mobile":"center","_margin_tablet":{"unit":"px","top":"0","right":"0","bottom":"10","left":"0","isLinked":false},"_margin_mobile":{"unit":"px","top":"0","right":"0","bottom":"10","left":"0","isLinked":false}},"elements":[],"isInner":false,"widgetType":"image","elType":"widget"},{"id":"301fc8aa","settings":{"title":"Tote Bag","title_color":"#ffffff","typography_typography":"custom","typography_font_size":{"unit":"px","size":20},"typography_font_family":"Poppins","typography_font_weight":"bold","typography_letter_spacing":{"unit":"px","size":0.1000000000000000055511151231257827021181583404541015625},"header_size":"h3","align":"left","align_tablet":"left","align_mobile":"left","typography_font_size_tablet":{"unit":"px","size":20,"sizes":[]},"typography_font_size_mobile":{"unit":"px","size":20,"sizes":[]},"typography_text_transform":"none","typography_font_style":"normal","typography_text_decoration":"none","typography_line_height":{"unit":"em","size":1,"sizes":[]},"typography_line_height_tablet":{"unit":"em","size":1.3000000000000000444089209850062616169452667236328125,"sizes":[]},"typography_line_height_mobile":{"unit":"em","size":1.3000000000000000444089209850062616169452667236328125,"sizes":[]}},"elements":[],"isInner":false,"widgetType":"heading","elType":"widget"},{"id":"3a8624c0","settings":{"editor":"<p>Lorem ipsum dolor sit amet, consectetur adipiscing elit. Ut elit tellus, luctus nec ullamcorper mattis, pulvinar dapibus leo.<\/p>","text_color":"#ffffff","typography_typography":"custom","typography_font_family":"Poppins","typography_font_size":{"unit":"px","size":"16"},"align":"left","align_tablet":"left","align_mobile":"left","typography_font_size_tablet":{"unit":"px","size":16,"sizes":[]},"typography_font_size_mobile":{"unit":"px","size":16,"sizes":[]},"typography_font_weight":"400","typography_text_transform":"none","typography_font_style":"normal","typography_text_decoration":"none","typography_line_height":{"unit":"em","size":1.600000000000000088817841970012523233890533447265625,"sizes":[]},"typography_line_height_tablet":{"unit":"em","size":1.600000000000000088817841970012523233890533447265625,"sizes":[]},"typography_line_height_mobile":{"unit":"em","size":1.600000000000000088817841970012523233890533447265625,"sizes":[]}},"elements":[],"isInner":false,"widgetType":"text-editor","elType":"widget"}],"isInner":true,"elType":"column"},{"id":"ae3b022","settings":{"_column_size":33,"_inline_size":null,"margin":{"unit":"px","top":"0","right":"0","bottom":"0","left":"0","isLinked":false},"margin_tablet":{"unit":"px","top":"0","right":"0","bottom":"0","left":"0","isLinked":false}},"elements":[{"id":"5730047a","settings":{"link_to":"file","hover_animation":"bob","image_box_shadow_box_shadow_type":"yes","image_box_shadow_box_shadow":{"horizontal":0,"vertical":0,"blur":100,"spread":-27,"inset":"","color":"rgba(0,0,0,0.5)"},"_margin":{"unit":"px","top":"0","right":"0","bottom":"10","left":"0","isLinked":false},"_css_classes":"popup","image":{"url":"https:\/\/www.cssigniter.com\/elementor\/wp-content\/uploads\/2019\/05\/imacb.jpg","id":5102},"image_size":"full","align":"center","align_tablet":"center","align_mobile":"center","_margin_tablet":{"unit":"px","top":"0","right":"0","bottom":"10","left":"0","isLinked":false},"_margin_mobile":{"unit":"px","top":"0","right":"0","bottom":"10","left":"0","isLinked":false}},"elements":[],"isInner":false,"widgetType":"image","elType":"widget"},{"id":"19104f46","settings":{"title":"Ignition","title_color":"#ffffff","typography_typography":"custom","typography_font_size":{"unit":"px","size":20},"typography_font_family":"Poppins","typography_font_weight":"bold","typography_letter_spacing":{"unit":"px","size":0.1000000000000000055511151231257827021181583404541015625},"header_size":"h3","align":"left","align_tablet":"left","align_mobile":"left","typography_font_size_tablet":{"unit":"px","size":20,"sizes":[]},"typography_font_size_mobile":{"unit":"px","size":20,"sizes":[]},"typography_text_transform":"none","typography_font_style":"normal","typography_text_decoration":"none","typography_line_height":{"unit":"em","size":1,"sizes":[]},"typography_line_height_tablet":{"unit":"em","size":1.3000000000000000444089209850062616169452667236328125,"sizes":[]},"typography_line_height_mobile":{"unit":"em","size":1.3000000000000000444089209850062616169452667236328125,"sizes":[]}},"elements":[],"isInner":false,"widgetType":"heading","elType":"widget"},{"id":"18b1fdcd","settings":{"editor":"<p>Lorem ipsum dolor sit amet, consectetur adipiscing elit. Ut elit tellus, luctus nec ullamcorper mattis, pulvinar dapibus leo.<\/p>","text_color":"#ffffff","typography_typography":"custom","typography_font_family":"Poppins","typography_font_size":{"unit":"px","size":"16"},"align":"left","align_tablet":"left","align_mobile":"left","typography_font_size_tablet":{"unit":"px","size":16,"sizes":[]},"typography_font_size_mobile":{"unit":"px","size":16,"sizes":[]},"typography_font_weight":"400","typography_text_transform":"none","typography_font_style":"normal","typography_text_decoration":"none","typography_line_height":{"unit":"em","size":1.600000000000000088817841970012523233890533447265625,"sizes":[]},"typography_line_height_tablet":{"unit":"em","size":1.600000000000000088817841970012523233890533447265625,"sizes":[]},"typography_line_height_mobile":{"unit":"em","size":1.600000000000000088817841970012523233890533447265625,"sizes":[]}},"elements":[],"isInner":false,"widgetType":"text-editor","elType":"widget"}],"isInner":true,"elType":"column"}],"isInner":true,"elType":"section"}],"isInner":false,"elType":"column"}],"isInner":false,"elType":"section"},{"id":"3561f8ab","settings":{"layout":"full_width","height":"full","column_position":"top","content_position":"top","background_background":"classic","background_image":{"id":5103,"url":"https:\/\/www.cssigniter.com\/elementor\/wp-content\/uploads\/2019\/05\/office2b.jpg"},"background_attachment":"fixed","background_size":"cover","background_overlay_background":"gradient","background_overlay_color":"#ffffff","background_overlay_color_stop":{"unit":"%","size":90},"background_overlay_color_b":"#000000","background_overlay_gradient_angle":{"unit":"deg","size":0},"background_overlay_opacity":{"unit":"px","size":0.25},"shape_divider_bottom":"tilt","shape_divider_bottom_height":{"unit":"px","size":0},"margin_mobile":{"unit":"px","top":"0","right":0,"bottom":"0","left":0,"isLinked":false},"padding_mobile":{"unit":"px","top":"100","right":"0","bottom":"0","left":"0","isLinked":false}},"elements":[{"id":"5551426c","settings":{"_column_size":100,"_inline_size":null},"elements":[{"id":"1bb5f2de","settings":{"structure":"20","content_position":"middle"},"elements":[{"id":"6c1347d8","settings":{"_column_size":50,"_inline_size":null},"elements":[{"id":"7d544b68","settings":{"title":"Working on our next big thing. Shhhh...","title_color":"#ffffff","typography_typography":"custom","typography_font_size":{"unit":"px","size":16},"typography_font_family":"Poppins","typography_font_weight":"normal","align":"left","typography_font_size_tablet":{"unit":"px","size":16,"sizes":[]},"typography_font_size_mobile":{"unit":"px","size":16,"sizes":[]},"typography_text_transform":"none","typography_font_style":"normal","typography_text_decoration":"none","typography_line_height":{"unit":"em","size":1,"sizes":[]},"typography_line_height_tablet":{"unit":"em","size":1.1999999999999999555910790149937383830547332763671875,"sizes":[]},"typography_line_height_mobile":{"unit":"em","size":1.1999999999999999555910790149937383830547332763671875,"sizes":[]}},"elements":[],"isInner":false,"widgetType":"heading","elType":"widget"}],"isInner":true,"elType":"column"},{"id":"5f9ad7c","settings":{"_column_size":50,"_inline_size":null},"elements":[{"id":"22e51924","settings":{"title":"","percent":{"unit":"%","size":64},"inner_text":"Top Secret Project Progress","bar_color":"#e00059","bar_bg_color":"rgba(255,255,255,0.3)","typography_font_size":{"unit":"px","size":39},"typography_font_family":"Poppins","typography_line_height":{"unit":"em","size":0.1000000000000000055511151231257827021181583404541015625},"typography_letter_spacing":{"unit":"px","size":-2}},"elements":[],"isInner":false,"widgetType":"progress","elType":"widget"}],"isInner":true,"elType":"column"}],"isInner":true,"elType":"section"}],"isInner":false,"elType":"column"}],"isInner":false,"elType":"section"},{"id":"1f6dafbe","settings":{"layout":"full_width","background_background":"gradient","background_color":"#fcc71f","background_color_b":"#ff196d","background_gradient_angle":{"unit":"deg","size":170},"shape_divider_top_height":{"unit":"px","size":"5"},"padding":{"unit":"px","top":"100","right":"0","bottom":"100","left":"0","isLinked":false},"padding_tablet":{"unit":"px","top":"100","right":"0","bottom":"100","left":"0","isLinked":false}},"elements":[{"id":"49d2beab","settings":{"_column_size":100,"_inline_size":null},"elements":[{"id":"3efea42d","settings":{"structure":"20"},"elements":[{"id":"6ab5b282","settings":{"_column_size":50,"_inline_size":null},"elements":[{"id":"540ae882","settings":{"title":"Meet the team.","title_color":"#ffffff","typography_typography":"custom","typography_font_size":{"unit":"px","size":38},"typography_font_family":"Poppins","typography_font_weight":"bold","typography_letter_spacing":{"unit":"px","size":-0.90000000000000002220446049250313080847263336181640625},"_padding":{"unit":"px","top":"0","right":"0","bottom":"30","left":"0","isLinked":false},"align":"left","align_tablet":"left","align_mobile":"left","typography_font_size_tablet":{"unit":"px","size":38,"sizes":[]},"typography_font_size_mobile":{"unit":"px","size":38,"sizes":[]},"typography_text_transform":"none","typography_font_style":"normal","typography_text_decoration":"none","typography_line_height":{"unit":"em","size":1,"sizes":[]},"typography_line_height_tablet":{"unit":"em","size":1,"sizes":[]},"typography_line_height_mobile":{"unit":"em","size":1,"sizes":[]},"typography_letter_spacing_tablet":{"unit":"px","size":-0.90000000000000002220446049250313080847263336181640625,"sizes":[]},"typography_letter_spacing_mobile":{"unit":"px","size":-0.90000000000000002220446049250313080847263336181640625,"sizes":[]},"_padding_tablet":{"unit":"px","top":"0","right":"0","bottom":"30","left":"0","isLinked":false},"_padding_mobile":{"unit":"px","top":"0","right":"0","bottom":"30","left":"0","isLinked":false}},"elements":[],"isInner":false,"widgetType":"heading","elType":"widget"}],"isInner":true,"elType":"column"},{"id":"3c78cbd7","settings":{"_column_size":50,"_inline_size":null},"elements":[],"isInner":true,"elType":"column"}],"isInner":true,"elType":"section"},{"id":"6cb57294","settings":{"structure":"20","gap":"extended"},"elements":[{"id":"c27b2","settings":{"_column_size":50,"_inline_size":null},"elements":[{"id":"7baa82b5","settings":{"image_box_shadow_box_shadow_type":"yes","image_box_shadow_box_shadow":{"horizontal":0,"vertical":0,"blur":100,"spread":-27,"inset":"","color":"rgba(0,0,0,0.5)"},"_margin":{"unit":"px","top":"0","right":"0","bottom":"10","left":"0","isLinked":false},"image":{"url":"https:\/\/www.cssigniter.com\/elementor\/wp-content\/uploads\/2019\/05\/t3b.jpg","id":5104},"image_size":"full","align":"center","align_tablet":"center","align_mobile":"center","_margin_tablet":{"unit":"px","top":"0","right":"0","bottom":"10","left":"0","isLinked":false},"_margin_mobile":{"unit":"px","top":"0","right":"0","bottom":"10","left":"0","isLinked":false}},"elements":[],"isInner":false,"widgetType":"image","elType":"widget"},{"id":"c43229f","settings":{"title":"Jake Andrews","title_color":"#ffffff","typography_typography":"custom","typography_font_size":{"unit":"px","size":20},"typography_font_family":"Poppins","typography_font_weight":"bold","typography_letter_spacing":{"unit":"px","size":0.1000000000000000055511151231257827021181583404541015625},"header_size":"h3","_margin":{"unit":"px","top":"0","right":"0","bottom":"-10","left":"0","isLinked":false},"align":"left","align_tablet":"left","align_mobile":"left","typography_font_size_tablet":{"unit":"px","size":20,"sizes":[]},"typography_font_size_mobile":{"unit":"px","size":20,"sizes":[]},"typography_text_transform":"none","typography_font_style":"normal","typography_text_decoration":"none","typography_line_height":{"unit":"em","size":1,"sizes":[]},"typography_line_height_tablet":{"unit":"em","size":1,"sizes":[]},"typography_line_height_mobile":{"unit":"em","size":1,"sizes":[]}},"elements":[],"isInner":false,"widgetType":"heading","elType":"widget"},{"id":"5ae7073f","settings":{"title":"WEB DEVELOPER","title_color":"#ffffff","typography_typography":"custom","typography_font_size":{"unit":"px","size":12},"typography_font_family":"Poppins","typography_font_weight":"normal","typography_letter_spacing":{"unit":"px","size":0},"header_size":"p","typography_line_height":{"unit":"em","size":1},"align_mobile":"left","align":"left","align_tablet":"left","typography_font_size_tablet":{"unit":"px","size":12,"sizes":[]},"typography_font_size_mobile":{"unit":"px","size":12,"sizes":[]},"typography_text_transform":"uppercase","typography_font_style":"normal","typography_text_decoration":"none","typography_line_height_tablet":{"unit":"em","size":1,"sizes":[]},"typography_line_height_mobile":{"unit":"em","size":1.399999999999999911182158029987476766109466552734375,"sizes":[]}},"elements":[],"isInner":false,"widgetType":"heading","elType":"widget"},{"id":"4b90a4e8","settings":{"editor":"<p>Lorem ipsum dolor sit amet, consectetur adipiscing elit. Ut elit tellus, luctus nec ullamcorper mattis, pulvinar dapibus leo.<\/p>","text_color":"#ffffff","typography_typography":"custom","typography_font_family":"Poppins","typography_font_size":{"unit":"px","size":"16"},"align":"left","align_tablet":"left","align_mobile":"left","typography_font_size_tablet":{"unit":"px","size":16,"sizes":[]},"typography_font_size_mobile":{"unit":"px","size":16,"sizes":[]},"typography_font_weight":"400","typography_text_transform":"none","typography_font_style":"normal","typography_text_decoration":"none","typography_line_height":{"unit":"em","size":1.600000000000000088817841970012523233890533447265625,"sizes":[]},"typography_line_height_tablet":{"unit":"em","size":1.600000000000000088817841970012523233890533447265625,"sizes":[]},"typography_line_height_mobile":{"unit":"em","size":1.600000000000000088817841970012523233890533447265625,"sizes":[]}},"elements":[],"isInner":false,"widgetType":"text-editor","elType":"widget"},{"id":"69000129","settings":{"social_icon_list":[{"social":"fa fa-twitter","_id":"wckrhil","link":{"is_external":"true","url":""},"social_icon":{"value":"fab fa-twitter","library":"fa-brands"},"item_icon_color":"default","item_icon_primary_color":"","item_icon_secondary_color":"","__fa4_migrated":{"social_icon":true}},{"social":"fa fa-behance","link":{"url":"","is_external":"true"},"_id":"ut7y838","social_icon":{"value":"fab fa-behance","library":"fa-brands"},"item_icon_color":"default","item_icon_primary_color":"","item_icon_secondary_color":"","__fa4_migrated":{"social_icon":true}},{"social":"fa fa-dribbble","link":{"url":"","is_external":"true"},"_id":"93k5gdd","social_icon":{"value":"fab fa-dribbble","library":"fa-brands"},"item_icon_color":"default","item_icon_primary_color":"","item_icon_secondary_color":"","__fa4_migrated":{"social_icon":true}}],"align":"left","icon_color":"custom","icon_primary_color":"rgba(0,0,0,0)","icon_secondary_color":"#ffffff","icon_size":{"unit":"px","size":24},"image_border_border":"solid","image_border_width":{"unit":"px","top":"1","right":"1","bottom":"1","left":"1","isLinked":true},"image_border_color":"#ffffff","border_radius":{"unit":"px","top":"0","right":"0","bottom":"0","left":"0","isLinked":true},"hover_primary_color":"#e00059","hover_secondary_color":"#ffffff","hover_border_color":"#e00059","align_tablet":"left","align_mobile":"left","icon_size_tablet":{"unit":"px","size":24,"sizes":[]},"icon_size_mobile":{"unit":"px","size":22,"sizes":[]},"icon_padding":{"unit":"em","size":0.5,"sizes":[]},"icon_padding_tablet":{"unit":"em","size":0.5,"sizes":[]},"icon_padding_mobile":{"unit":"em","size":0.40000000000000002220446049250313080847263336181640625,"sizes":[]},"icon_spacing":{"unit":"px","size":5,"sizes":[]},"icon_spacing_tablet":{"unit":"px","size":5,"sizes":[]},"icon_spacing_mobile":{"unit":"px","size":5,"sizes":[]},"image_border_width_tablet":{"unit":"px","top":"1","right":"1","bottom":"1","left":"1","isLinked":true},"image_border_width_mobile":{"unit":"px","top":"1","right":"1","bottom":"1","left":"1","isLinked":true}},"elements":[],"isInner":false,"widgetType":"social-icons","elType":"widget"}],"isInner":true,"elType":"column"},{"id":"6b4d8f0f","settings":{"_column_size":50,"_inline_size":null},"elements":[{"id":"639a1ce","settings":{"image_box_shadow_box_shadow_type":"yes","image_box_shadow_box_shadow":{"horizontal":0,"vertical":0,"blur":100,"spread":-27,"inset":"","color":"rgba(0,0,0,0.5)"},"_margin":{"unit":"px","top":"0","right":"0","bottom":"10","left":"0","isLinked":false},"image":{"url":"https:\/\/www.cssigniter.com\/elementor\/wp-content\/uploads\/2019\/05\/t2b.jpg","id":5105},"image_size":"full","align":"center","align_tablet":"center","align_mobile":"center","_margin_tablet":{"unit":"px","top":"0","right":"0","bottom":"10","left":"0","isLinked":false},"_margin_mobile":{"unit":"px","top":"0","right":"0","bottom":"10","left":"0","isLinked":false}},"elements":[],"isInner":false,"widgetType":"image","elType":"widget"},{"id":"5cac5bec","settings":{"title":"Stacey Norton","title_color":"#ffffff","typography_typography":"custom","typography_font_size":{"unit":"px","size":20},"typography_font_family":"Poppins","typography_font_weight":"bold","typography_letter_spacing":{"unit":"px","size":0.1000000000000000055511151231257827021181583404541015625},"header_size":"h3","_margin":{"unit":"px","top":"0","right":"0","bottom":"-10","left":"0","isLinked":false},"align":"left","align_tablet":"left","align_mobile":"left","typography_font_size_tablet":{"unit":"px","size":20,"sizes":[]},"typography_font_size_mobile":{"unit":"px","size":20,"sizes":[]},"typography_text_transform":"none","typography_font_style":"normal","typography_text_decoration":"none","typography_line_height":{"unit":"em","size":1,"sizes":[]},"typography_line_height_tablet":{"unit":"em","size":1,"sizes":[]},"typography_line_height_mobile":{"unit":"em","size":1,"sizes":[]}},"elements":[],"isInner":false,"widgetType":"heading","elType":"widget"},{"id":"7192f0f6","settings":{"title":"PHOTOGRAPHER \/ GRAPHIC DESIGNER","title_color":"#ffffff","typography_typography":"custom","typography_font_size":{"unit":"px","size":12},"typography_font_family":"Poppins","typography_font_weight":"normal","typography_letter_spacing":{"unit":"px","size":0},"header_size":"p","typography_line_height":{"unit":"em","size":1},"align_mobile":"left","align":"left","align_tablet":"left","typography_font_size_tablet":{"unit":"px","size":12,"sizes":[]},"typography_font_size_mobile":{"unit":"px","size":12,"sizes":[]},"typography_text_transform":"uppercase","typography_font_style":"normal","typography_text_decoration":"none","typography_line_height_tablet":{"unit":"em","size":1,"sizes":[]},"typography_line_height_mobile":{"unit":"em","size":1.399999999999999911182158029987476766109466552734375,"sizes":[]}},"elements":[],"isInner":false,"widgetType":"heading","elType":"widget"},{"id":"560f6386","settings":{"editor":"<p>Lorem ipsum dolor sit amet, consectetur adipiscing elit. Ut elit tellus, luctus nec ullamcorper mattis, pulvinar dapibus leo.<\/p>","text_color":"#ffffff","typography_typography":"custom","typography_font_family":"Poppins","typography_font_size":{"unit":"px","size":"16"},"align":"left","align_tablet":"left","align_mobile":"left","typography_font_size_tablet":{"unit":"px","size":16,"sizes":[]},"typography_font_size_mobile":{"unit":"px","size":16,"sizes":[]},"typography_font_weight":"400","typography_text_transform":"none","typography_font_style":"normal","typography_text_decoration":"none","typography_line_height":{"unit":"em","size":1.600000000000000088817841970012523233890533447265625,"sizes":[]},"typography_line_height_tablet":{"unit":"em","size":1.600000000000000088817841970012523233890533447265625,"sizes":[]},"typography_line_height_mobile":{"unit":"em","size":1.600000000000000088817841970012523233890533447265625,"sizes":[]}},"elements":[],"isInner":false,"widgetType":"text-editor","elType":"widget"},{"id":"3d01df1a","settings":{"social_icon_list":[{"social":"fa fa-twitter","_id":"wckrhil","link":{"is_external":"true","url":""},"social_icon":{"value":"fab fa-twitter","library":"fa-brands"},"item_icon_color":"default","item_icon_primary_color":"","item_icon_secondary_color":"","__fa4_migrated":{"social_icon":true}},{"social":"fa fa-behance","link":{"url":"","is_external":"true"},"_id":"ut7y838","social_icon":{"value":"fab fa-behance","library":"fa-brands"},"item_icon_color":"default","item_icon_primary_color":"","item_icon_secondary_color":"","__fa4_migrated":{"social_icon":true}},{"social":"fa fa-dribbble","link":{"url":"","is_external":"true"},"_id":"93k5gdd","social_icon":{"value":"fab fa-dribbble","library":"fa-brands"},"item_icon_color":"default","item_icon_primary_color":"","item_icon_secondary_color":"","__fa4_migrated":{"social_icon":true}},{"social":"fa fa-instagram","link":{"url":"","is_external":"true"},"_id":"7hhhbm0","social_icon":{"value":"fab fa-instagram","library":"fa-brands"},"item_icon_color":"default","item_icon_primary_color":"","item_icon_secondary_color":"","__fa4_migrated":{"social_icon":true}},{"social":"fa fa-pinterest","link":{"url":"","is_external":"true"},"_id":"e0eztf7","social_icon":{"value":"fab fa-pinterest","library":"fa-brands"},"item_icon_color":"default","item_icon_primary_color":"","item_icon_secondary_color":"","__fa4_migrated":{"social_icon":true}}],"align":"left","icon_color":"custom","icon_primary_color":"rgba(0,0,0,0)","icon_secondary_color":"#ffffff","icon_size":{"unit":"px","size":24},"image_border_border":"solid","image_border_width":{"unit":"px","top":"1","right":"1","bottom":"1","left":"1","isLinked":true},"image_border_color":"#ffffff","border_radius":{"unit":"px","top":"0","right":"0","bottom":"0","left":"0","isLinked":true},"hover_primary_color":"#e00059","hover_secondary_color":"#ffffff","hover_border_color":"#e00059","align_tablet":"left","align_mobile":"left","icon_size_tablet":{"unit":"px","size":24,"sizes":[]},"icon_size_mobile":{"unit":"px","size":22,"sizes":[]},"icon_padding":{"unit":"em","size":0.5,"sizes":[]},"icon_padding_tablet":{"unit":"em","size":0.5,"sizes":[]},"icon_padding_mobile":{"unit":"em","size":0.40000000000000002220446049250313080847263336181640625,"sizes":[]},"icon_spacing":{"unit":"px","size":5,"sizes":[]},"icon_spacing_tablet":{"unit":"px","size":5,"sizes":[]},"icon_spacing_mobile":{"unit":"px","size":5,"sizes":[]},"image_border_width_mobile":{"unit":"px","top":"1","right":"1","bottom":"1","left":"1","isLinked":true}},"elements":[],"isInner":false,"widgetType":"social-icons","elType":"widget"}],"isInner":true,"elType":"column"}],"isInner":true,"elType":"section"}],"isInner":false,"elType":"column"}],"isInner":false,"elType":"section"},{"id":"19c0bfb7","settings":{"layout":"full_width","height":"full","background_background":"classic","background_image":{"id":5106,"url":"https:\/\/www.cssigniter.com\/elementor\/wp-content\/uploads\/2019\/05\/faqb.jpg"},"background_position":"center center","background_attachment":"fixed","background_repeat":"no-repeat","background_size":"cover","background_overlay_background":"gradient","background_overlay_color":"#ffffff","background_overlay_color_stop":{"unit":"%","size":18},"background_overlay_color_b":"rgba(255,255,255,0)","background_overlay_opacity":{"unit":"px","size":0.689999999999999946709294817992486059665679931640625},"shape_divider_top_width":{"unit":"%","size":216},"shape_divider_top_height":{"unit":"px","size":0},"shape_divider_top_flip":"yes","margin":{"unit":"px","top":"","right":0,"bottom":"","left":0,"isLinked":true},"padding":{"unit":"px","top":"100","right":"0","bottom":"100","left":"0","isLinked":false},"padding_tablet":{"unit":"px","top":"100","right":"0","bottom":"100","left":"0","isLinked":false},"padding_mobile":{"unit":"px","top":"100","right":"0","bottom":"100","left":"0","isLinked":false}},"elements":[{"id":"51c49c9e","settings":{"_column_size":100,"_inline_size":null},"elements":[{"id":"3fa1aeea","settings":[],"elements":[{"id":"7e744278","settings":{"_column_size":100,"_inline_size":null},"elements":[{"id":"7b70ef66","settings":{"title":"Frequently Asked Questions","title_color":"#000000","typography_typography":"custom","typography_font_size":{"unit":"px","size":38},"typography_font_family":"Poppins","typography_font_weight":"bold","typography_letter_spacing":{"unit":"px","size":-0.90000000000000002220446049250313080847263336181640625},"_padding":{"unit":"px","top":"0","right":"0","bottom":"30","left":"020","isLinked":false},"align":"left","typography_font_size_tablet":{"unit":"px","size":38,"sizes":[]},"typography_font_size_mobile":{"unit":"px","size":38,"sizes":[]},"typography_text_transform":"capitalize","typography_font_style":"normal","typography_text_decoration":"none","typography_line_height":{"unit":"em","size":1,"sizes":[]},"typography_line_height_tablet":{"unit":"em","size":1,"sizes":[]},"typography_line_height_mobile":{"unit":"em","size":1.1999999999999999555910790149937383830547332763671875,"sizes":[]},"typography_letter_spacing_tablet":{"unit":"px","size":-0.90000000000000002220446049250313080847263336181640625,"sizes":[]},"typography_letter_spacing_mobile":{"unit":"px","size":-0.90000000000000002220446049250313080847263336181640625,"sizes":[]},"align_tablet":"left","align_mobile":"left"},"elements":[],"isInner":false,"widgetType":"heading","elType":"widget"},{"id":"7a1eb91a","settings":{"tabs":[{"tab_title":"Do you provide WordPress plugin development services?","tab_content":"<p>Lorem ipsum dolor sit amet, consectetur adipiscing elit. In nec leo sed odio ullamcorper eleifend at a augue. Sed lacinia laoreet dolor et eleifend. Integer nunc augue, gravida sed sagittis vitae, tempor id nulla. Donec leo purus, fermentum sed iaculis eget, ullamcorper vel ligula. Sed at commodo mauris. Vestibulum a libero eu nibh dictum mattis. Fusce sodales hendrerit massa, vitae rhoncus velit luctus ut. Phasellus sed lectus libero.<\/p>","_id":"2sqm3aa"},{"tab_title":"What about WordPress theme development services?","tab_content":"<p>Lorem ipsum dolor sit amet, consectetur adipiscing elit. In nec leo sed odio ullamcorper eleifend at a augue. Sed lacinia laoreet dolor et eleifend. Integer nunc augue, gravida sed sagittis vitae, tempor id nulla. Donec leo purus, fermentum sed iaculis eget, ullamcorper vel ligula. Sed at commodo mauris. Vestibulum a libero eu nibh dictum mattis. Fusce sodales hendrerit massa, vitae rhoncus velit luctus ut. Phasellus sed lectus libero.<\/p>","_id":"rl2h9si"},{"tab_title":"How much does it cost to build an Elementor landing page?","tab_content":"<p>Lorem ipsum dolor sit amet, consectetur adipiscing elit. In nec leo sed odio ullamcorper eleifend at a augue. Sed lacinia laoreet dolor et eleifend. Integer nunc augue, gravida sed sagittis vitae, tempor id nulla. Donec leo purus, fermentum sed iaculis eget, ullamcorper vel ligula. Sed at commodo mauris. Vestibulum a libero eu nibh dictum mattis. Fusce sodales hendrerit massa, vitae rhoncus velit luctus ut. Phasellus sed lectus libero.<\/p>","_id":"u2qfu9d"}],"border_width":{"unit":"px","size":0},"border_color":"#b5b5b5","title_color":"#b5b5b5","tab_active_color":"#191919","title_typography_typography":"custom","title_typography_font_size":{"unit":"px","size":"20"},"title_typography_font_family":"Poppins","content_typography_typography":"custom","content_typography_font_family":"Poppins","_background_background":"classic","content_typography_font_size":{"unit":"px","size":"16"},"title_typography_font_size_tablet":{"unit":"px","size":20,"sizes":[]},"title_typography_font_size_mobile":{"unit":"px","size":20,"sizes":[]},"title_typography_font_weight":"600","title_typography_text_transform":"none","title_typography_font_style":"normal","title_typography_text_decoration":"none","title_typography_line_height":{"unit":"em","size":1,"sizes":[]},"title_typography_line_height_tablet":{"unit":"em","size":1,"sizes":[]},"title_typography_line_height_mobile":{"unit":"em","size":1.399999999999999911182158029987476766109466552734375,"sizes":[]},"content_typography_font_size_tablet":{"unit":"px","size":16,"sizes":[]},"content_typography_font_size_mobile":{"unit":"px","size":16,"sizes":[]},"content_typography_font_weight":"600","content_typography_text_transform":"none","content_typography_font_style":"normal","content_typography_text_decoration":"none","content_typography_line_height":{"unit":"em","size":1.600000000000000088817841970012523233890533447265625,"sizes":[]},"content_typography_line_height_tablet":{"unit":"em","size":1.600000000000000088817841970012523233890533447265625,"sizes":[]},"content_typography_line_height_mobile":{"unit":"em","size":1.600000000000000088817841970012523233890533447265625,"sizes":[]}},"elements":[],"isInner":false,"widgetType":"accordion","elType":"widget"}],"isInner":true,"elType":"column"}],"isInner":true,"elType":"section"}],"isInner":false,"elType":"column"}],"isInner":false,"elType":"section"},{"id":"be64dac","settings":{"layout":"full_width","background_background":"gradient","background_color":"#fcc71f","background_color_b":"#ff196d","background_gradient_angle":{"unit":"deg","size":320},"shape_divider_top_height":{"unit":"px","size":"5"},"padding":{"unit":"px","top":"100","right":"0","bottom":"130","left":"0","isLinked":false},"shape_divider_bottom":"tilt","shape_divider_bottom_height":{"unit":"px","size":49},"shape_divider_bottom_flip":"yes"},"elements":[{"id":"e0054f1","settings":{"_column_size":100,"_inline_size":null},"elements":[{"id":"38ee4d35","settings":{"structure":"20","shape_divider_bottom_height":{"unit":"px","size":3},"shape_divider_bottom_above_content":"yes"},"elements":[{"id":"368054b6","settings":{"_column_size":50,"_inline_size":null},"elements":[{"id":"32872ece","settings":{"anchor":"about"},"elements":[],"isInner":false,"widgetType":"menu-anchor","elType":"widget"},{"id":"3446e732","settings":{"title":"Let's talk.","title_color":"#ffffff","typography_typography":"custom","typography_font_size":{"unit":"px","size":38},"typography_font_family":"Poppins","typography_font_weight":"bold","typography_letter_spacing":{"unit":"px","size":-0.90000000000000002220446049250313080847263336181640625},"_padding":{"unit":"px","top":"0","right":"0","bottom":"30","left":"0","isLinked":false},"align":"left","typography_font_size_tablet":{"unit":"px","size":38,"sizes":[]},"typography_font_size_mobile":{"unit":"px","size":38,"sizes":[]},"typography_text_transform":"none","typography_font_style":"normal","typography_text_decoration":"none","typography_line_height":{"unit":"em","size":1,"sizes":[]},"typography_line_height_tablet":{"unit":"em","size":1,"sizes":[]},"typography_line_height_mobile":{"unit":"em","size":1,"sizes":[]},"typography_letter_spacing_tablet":{"unit":"px","size":-0.90000000000000002220446049250313080847263336181640625,"sizes":[]},"typography_letter_spacing_mobile":{"unit":"px","size":-0.90000000000000002220446049250313080847263336181640625,"sizes":[]},"align_tablet":"left","align_mobile":"left","_padding_tablet":{"unit":"px","top":"0","right":"0","bottom":"30","left":"0","isLinked":false},"_padding_mobile":{"unit":"px","top":"0","right":"0","bottom":"30","left":"0","isLinked":false}},"elements":[],"isInner":false,"widgetType":"heading","elType":"widget"},{"id":"43e7ffe3","settings":{"title":"Contact details","title_color":"#ffffff","typography_typography":"custom","typography_font_size":{"unit":"px","size":20},"typography_font_family":"Poppins","typography_font_weight":"bold","typography_letter_spacing":{"unit":"px","size":0.1000000000000000055511151231257827021181583404541015625},"header_size":"h3","align":"left","align_tablet":"left","typography_font_size_tablet":{"unit":"px","size":20,"sizes":[]},"typography_font_size_mobile":{"unit":"px","size":20,"sizes":[]},"typography_text_transform":"none","typography_font_style":"normal","typography_text_decoration":"none","typography_line_height":{"unit":"em","size":1,"sizes":[]},"typography_line_height_tablet":{"unit":"em","size":1,"sizes":[]},"typography_line_height_mobile":{"unit":"em","size":1.1999999999999999555910790149937383830547332763671875,"sizes":[]}},"elements":[],"isInner":false,"widgetType":"heading","elType":"widget"},{"id":"590ccc20","settings":{"editor":"<p>Lorem ipsum dolor sit amet, consectetur adipiscing elit. Ut elit tellus, luctus nec ullamcorper mattis, pulvinar dapibus leo.<\/p>","text_color":"#ffffff","typography_typography":"custom","typography_font_family":"Poppins","typography_font_size":{"unit":"px","size":"16"},"align":"left","align_tablet":"left","align_mobile":"left","typography_font_size_tablet":{"unit":"px","size":16,"sizes":[]},"typography_font_size_mobile":{"unit":"px","size":16,"sizes":[]},"typography_font_weight":"400","typography_text_transform":"none","typography_font_style":"normal","typography_text_decoration":"none","typography_line_height":{"unit":"em","size":1.600000000000000088817841970012523233890533447265625,"sizes":[]},"typography_line_height_tablet":{"unit":"em","size":1.600000000000000088817841970012523233890533447265625,"sizes":[]},"typography_line_height_mobile":{"unit":"em","size":1.600000000000000088817841970012523233890533447265625,"sizes":[]}},"elements":[],"isInner":false,"widgetType":"text-editor","elType":"widget"},{"id":"512a935e","settings":{"title":"We are social","title_color":"#ffffff","typography_typography":"custom","typography_font_size":{"unit":"px","size":20},"typography_font_family":"Poppins","typography_font_weight":"bold","typography_letter_spacing":{"unit":"px","size":0.1000000000000000055511151231257827021181583404541015625},"header_size":"h3","align":"left","align_tablet":"left","typography_font_size_tablet":{"unit":"px","size":20,"sizes":[]},"typography_font_size_mobile":{"unit":"px","size":20,"sizes":[]},"typography_text_transform":"none","typography_font_style":"normal","typography_text_decoration":"none","typography_line_height":{"unit":"em","size":1,"sizes":[]},"typography_line_height_tablet":{"unit":"em","size":1,"sizes":[]},"typography_line_height_mobile":{"unit":"em","size":1.1999999999999999555910790149937383830547332763671875,"sizes":[]}},"elements":[],"isInner":false,"widgetType":"heading","elType":"widget"},{"id":"93e9cd0","settings":{"social_icon_list":[{"social":"fa fa-facebook","_id":"fji5j57","link":{"is_external":"true","url":""},"social_icon":{"value":"fab fa-facebook-f","library":"fa-brands"},"item_icon_color":"default","item_icon_primary_color":"","item_icon_secondary_color":"","__fa4_migrated":{"social_icon":true}},{"social":"fa fa-twitter","_id":"wckrhil","link":{"is_external":"true","url":""},"social_icon":{"value":"fab fa-twitter","library":"fa-brands"},"item_icon_color":"default","item_icon_primary_color":"","item_icon_secondary_color":"","__fa4_migrated":{"social_icon":true}},{"social":"fa fa-google-plus","_id":"xwkuuzc","link":{"is_external":"true","url":""},"social_icon":{"value":"fab fa-google-plus-g","library":"fa-brands"},"item_icon_color":"default","item_icon_primary_color":"","item_icon_secondary_color":"","__fa4_migrated":{"social_icon":true}},{"social":"fa fa-wordpress","link":{"url":"","is_external":"true"},"_id":"39nu7bc","social_icon":{"value":"fab fa-wordpress","library":"fa-brands"},"item_icon_color":"default","item_icon_primary_color":"","item_icon_secondary_color":"","__fa4_migrated":{"social_icon":true}},{"social":"fa fa-behance","link":{"url":"","is_external":"true"},"_id":"ut7y838","social_icon":{"value":"fab fa-behance","library":"fa-brands"},"item_icon_color":"default","item_icon_primary_color":"","item_icon_secondary_color":"","__fa4_migrated":{"social_icon":true}},{"social":"fa fa-dribbble","link":{"url":"","is_external":"true"},"_id":"93k5gdd","social_icon":{"value":"fab fa-dribbble","library":"fa-brands"},"item_icon_color":"default","item_icon_primary_color":"","item_icon_secondary_color":"","__fa4_migrated":{"social_icon":true}}],"align":"left","icon_color":"custom","icon_primary_color":"rgba(0,0,0,0)","icon_secondary_color":"#ffffff","icon_size":{"unit":"px","size":24},"image_border_border":"solid","image_border_width":{"unit":"px","top":"1","right":"1","bottom":"1","left":"1","isLinked":true},"image_border_color":"#ffffff","border_radius":{"unit":"px","top":"0","right":"0","bottom":"0","left":"0","isLinked":true},"hover_primary_color":"#e00059","hover_secondary_color":"#ffffff","hover_border_color":"rgba(0,0,0,0)","_margin":{"unit":"px","top":"0","right":"0","bottom":"0030","left":"0","isLinked":false},"align_tablet":"left","align_mobile":"left","icon_size_tablet":{"unit":"px","size":24,"sizes":[]},"icon_size_mobile":{"unit":"px","size":22,"sizes":[]},"icon_padding":{"unit":"em","size":0.5,"sizes":[]},"icon_padding_tablet":{"unit":"em","size":0.5,"sizes":[]},"icon_padding_mobile":{"unit":"em","size":0.40000000000000002220446049250313080847263336181640625,"sizes":[]},"icon_spacing":{"unit":"px","size":5,"sizes":[]},"icon_spacing_tablet":{"unit":"px","size":5,"sizes":[]},"icon_spacing_mobile":{"unit":"px","size":5,"sizes":[]},"image_border_width_tablet":{"unit":"px","top":"1","right":"1","bottom":"1","left":"1","isLinked":true},"image_border_width_mobile":{"unit":"px","top":"1","right":"1","bottom":"1","left":"1","isLinked":true},"_margin_tablet":{"unit":"px","top":"0","right":"0","bottom":"30","left":"0","isLinked":false},"_margin_mobile":{"unit":"px","top":"0","right":"0","bottom":"30","left":"0","isLinked":false}},"elements":[],"isInner":false,"widgetType":"social-icons","elType":"widget"},{"id":"1716d5ee","settings":{"title":"Useful","title_color":"#ffffff","typography_typography":"custom","typography_font_size":{"unit":"px","size":20},"typography_font_family":"Poppins","typography_font_weight":"bold","typography_letter_spacing":{"unit":"px","size":0.1000000000000000055511151231257827021181583404541015625},"header_size":"h3","align":"left","align_tablet":"left","typography_font_size_tablet":{"unit":"px","size":20,"sizes":[]},"typography_font_size_mobile":{"unit":"px","size":20,"sizes":[]},"typography_text_transform":"none","typography_font_style":"normal","typography_text_decoration":"none","typography_line_height":{"unit":"em","size":1,"sizes":[]},"typography_line_height_tablet":{"unit":"em","size":1,"sizes":[]},"typography_line_height_mobile":{"unit":"em","size":1.1999999999999999555910790149937383830547332763671875,"sizes":[]}},"elements":[],"isInner":false,"widgetType":"heading","elType":"widget"},{"id":"74edfbc7","settings":{"text":"Download our white paper","align":"left","typography_typography":"custom","typography_font_family":"Poppins","button_text_color":"#ffffff","background_color":"rgba(0,0,0,0)","hover_color":"#ffffff","button_background_hover_color":"#e00059","button_hover_border_color":"#e00059","border_border":"solid","border_width":{"unit":"px","top":"1","right":"1","bottom":"1","left":"1","isLinked":true},"border_color":"#ffffff","border_radius":{"unit":"px","top":"0","right":"0","bottom":"0","left":"0","isLinked":true},"icon":"fa fa-file-pdf-o","icon_indent":{"unit":"px","size":18},"typography_line_height":{"unit":"em","size":2},"typography_font_size":{"unit":"px","size":"14"},"selected_icon":{"value":"far fa-file-pdf","library":"fa-regular"},"_margin_mobile":{"unit":"px","top":"0","right":"0","bottom":"20","left":"0","isLinked":false},"__fa4_migrated":{"selected_icon":true}},"elements":[],"isInner":false,"widgetType":"button","elType":"widget"}],"isInner":true,"elType":"column"},{"id":"3bf6ac0b","settings":{"_column_size":50,"_inline_size":null},"elements":[{"id":"3e0b0d01","settings":{"address":"London Eye, London, United Kingdom","zoom":{"unit":"px","size":13},"height":{"unit":"px","size":"445"},"_border_color":"#ffffff","_box_shadow_box_shadow":{"horizontal":"0","vertical":0,"blur":100,"spread":-31,"inset":"","color":"rgba(0,0,0,0.5)"},"_box_shadow_box_shadow_type":"yes","prevent_scroll":"","height_tablet":{"unit":"px","size":445,"sizes":[]},"height_mobile":{"unit":"px","size":400,"sizes":[]}},"elements":[],"isInner":false,"widgetType":"google_maps","elType":"widget"}],"isInner":true,"elType":"column"}],"isInner":true,"elType":"section"}],"isInner":false,"elType":"column"}],"isInner":false,"elType":"section"},{"id":"4fa4eacc","settings":{"layout":"full_width","margin":{"unit":"px","top":"-35","right":0,"bottom":"0","left":0,"isLinked":false}},"elements":[{"id":"2ff78690","settings":{"_column_size":100,"_inline_size":null},"elements":[{"id":"455bceb0","settings":{"title":"WE DO MAGIC, THEY SAY.","title_color":"#afafaf","typography_typography":"custom","typography_font_size":{"unit":"px","size":12},"typography_font_family":"Poppins","typography_font_weight":"normal","typography_letter_spacing":{"unit":"px","size":0},"header_size":"p","typography_line_height":{"unit":"em","size":1},"align":"right","align_tablet":"right","align_mobile":"right","typography_font_size_tablet":{"unit":"px","size":12,"sizes":[]},"typography_font_size_mobile":{"unit":"px","size":12,"sizes":[]},"typography_text_transform":"uppercase","typography_font_style":"normal","typography_text_decoration":"none","typography_line_height_tablet":{"unit":"em","size":1,"sizes":[]},"typography_line_height_mobile":{"unit":"em","size":1.1999999999999999555910790149937383830547332763671875,"sizes":[]}},"elements":[],"isInner":false,"widgetType":"heading","elType":"widget"}],"isInner":false,"elType":"column"}],"isInner":false,"elType":"section"},{"id":"5bd22619","settings":[],"elements":[{"id":"2213236c","settings":{"_column_size":100,"_inline_size":null},"elements":[],"isInner":false,"elType":"column"}],"isInner":false,"elType":"section"}]}