{"version":"0.4","title":"Button Interactive","type":"page","content":[{"id":"3e8696b2","settings":{"gap":"wide","structure":"20","background_background":"classic","background_color":"#fff430","background_color_b":"#ffbd30","background_gradient_angle":{"unit":"deg","size":140},"background_gradient_position":"bottom right","background_overlay_background":"gradient","border_border":"solid","border_width":{"unit":"px","top":"0","right":"0","bottom":"40","left":"0","isLinked":false},"border_color":"#f9f9f9","border_radius":{"unit":"px","top":"0","right":"0","bottom":"200","left":"0","isLinked":false},"shape_divider_bottom_width":{"unit":"%","size":100},"shape_divider_bottom_height":{"unit":"px","size":143},"padding":{"unit":"px","top":"50","right":"0","bottom":"0","left":"0","isLinked":false},"padding_mobile":{"unit":"px","top":"50","right":"0","bottom":"0","left":"0","isLinked":false},"reverse_order_mobile":"reverse-mobile","border_width_tablet":{"unit":"px","top":"0","right":"0","bottom":"40","left":"0","isLinked":false},"border_width_mobile":{"unit":"px","top":"0","right":"0","bottom":"40","left":"0","isLinked":false},"border_radius_tablet":{"unit":"px","top":"0","right":"0","bottom":"200","left":"0","isLinked":false},"border_radius_mobile":{"unit":"px","top":"0","right":"0","bottom":"200","left":"0","isLinked":false},"padding_tablet":{"unit":"px","top":"50","right":"0","bottom":"0","left":"0","isLinked":false}},"elements":[{"id":"5195316b","settings":{"_column_size":50,"_inline_size":null,"_inline_size_tablet":60},"elements":[{"id":"5d4a18de","settings":{"image":{"url":"https:\/\/www.cssigniter.com\/elementor\/wp-content\/uploads\/2017\/07\/button_logo.png","id":2245},"align":"left","align_tablet":"left","align_mobile":"left"},"elements":[],"isInner":false,"widgetType":"image","elType":"widget"},{"id":"2871f5d3","settings":{"space":{"unit":"px","size":100},"space_mobile":{"unit":"px","size":50},"space_tablet":{"unit":"px","size":100,"sizes":[]}},"elements":[],"isInner":false,"widgetType":"spacer","elType":"widget"},{"id":"99c6bf1","settings":{"title":"We are Button Interactive.","header_size":"h1","title_color":"#282828","typography_typography":"custom","typography_font_size":{"unit":"px","size":50},"typography_font_family":"PT Serif Caption","typography_font_weight":"bold","align":"left","typography_font_size_tablet":{"unit":"px","size":50,"sizes":[]},"typography_font_size_mobile":{"unit":"px","size":50,"sizes":[]},"typography_text_transform":"none","typography_font_style":"normal","typography_text_decoration":"none","typography_line_height":{"unit":"em","size":1.100000000000000088817841970012523233890533447265625,"sizes":[]},"typography_line_height_tablet":{"unit":"em","size":1.100000000000000088817841970012523233890533447265625,"sizes":[]},"typography_line_height_mobile":{"unit":"em","size":1.100000000000000088817841970012523233890533447265625,"sizes":[]}},"elements":[],"isInner":false,"widgetType":"heading","elType":"widget"},{"id":"407702c4","settings":{"editor":"<p>Button Interactive is an independent specialty branding and full service graphic design studio. Driven by passion and conviction, we offer brand strategy, consulting, and comprehensive design solutions. We work on projects locally and globally with startups to large scale agencies.<\/p>","text_color":"#282828","typography_typography":"custom","typography_font_size":{"unit":"px","size":18},"typography_font_family":"PT Serif","typography_font_weight":"normal","typography_line_height":{"unit":"em","size":1.399999999999999911182158029987476766109466552734375},"align":"left","align_tablet":"left","align_mobile":"left","typography_font_size_tablet":{"unit":"px","size":18,"sizes":[]},"typography_font_size_mobile":{"unit":"px","size":18,"sizes":[]},"typography_text_transform":"none","typography_font_style":"normal","typography_text_decoration":"none","typography_line_height_tablet":{"unit":"em","size":1.399999999999999911182158029987476766109466552734375,"sizes":[]},"typography_line_height_mobile":{"unit":"em","size":1.399999999999999911182158029987476766109466552734375,"sizes":[]},"custom_css":"p {\n    margin: 0;\n}"},"elements":[],"isInner":false,"widgetType":"text-editor","elType":"widget"},{"id":"7df4d518","settings":{"space":{"unit":"px","size":125},"space_mobile":{"unit":"px","size":75},"space_tablet":{"unit":"px","size":125,"sizes":[]}},"elements":[],"isInner":false,"widgetType":"spacer","elType":"widget"}],"isInner":false,"elType":"column"},{"id":"57d2d801","settings":{"_column_size":50,"_inline_size":null,"padding":{"unit":"px","top":"35","right":"20","bottom":"0","left":"0","isLinked":false},"_inline_size_tablet":40},"elements":[{"id":"605a6f50","settings":{"text":"Let's talk","link":{"url":"#contact","is_external":"","nofollow":""},"align":"right","align_mobile":"left","typography_typography":"custom","typography_font_size":{"unit":"px","size":16},"typography_font_family":"PT Serif Caption","button_text_color":"#282828","background_color":"rgba(0,0,0,0)","border_border":"solid","border_width":{"unit":"px","top":"0","right":"0","bottom":"3","left":"0","isLinked":false},"border_radius":{"unit":"px","top":"0","right":"0","bottom":"0","left":"0","isLinked":true},"text_padding":{"unit":"px","top":"0","right":"0","bottom":"0","left":"0","isLinked":true},"_padding_mobile":{"unit":"px","top":"20","right":"20","bottom":"20","left":"20","isLinked":true},"align_tablet":"right","typography_font_size_tablet":{"unit":"px","size":16,"sizes":[]},"typography_font_size_mobile":{"unit":"px","size":16,"sizes":[]},"typography_font_weight":"400","typography_text_transform":"none","typography_font_style":"normal","typography_text_decoration":"none","typography_line_height":{"unit":"em","size":1.1999999999999999555910790149937383830547332763671875,"sizes":[]},"typography_line_height_tablet":{"unit":"em","size":1.1999999999999999555910790149937383830547332763671875,"sizes":[]},"typography_line_height_mobile":{"unit":"em","size":1.1999999999999999555910790149937383830547332763671875,"sizes":[]},"hover_color":"rgba(40,40,40,0.9)","button_background_hover_color":"rgba(0,0,0,0)","button_hover_border_color":"rgba(40,40,40,0.9)","border_width_tablet":{"unit":"px","top":"0","right":"0","bottom":"3","left":"0","isLinked":false},"border_width_mobile":{"unit":"px","top":"0","right":"0","bottom":"3","left":"0","isLinked":false},"text_padding_tablet":{"unit":"px","top":"0","right":"0","bottom":"0","left":"0","isLinked":true},"text_padding_mobile":{"unit":"px","top":"0","right":"0","bottom":"0","left":"0","isLinked":true}},"elements":[],"isInner":false,"widgetType":"button","elType":"widget"}],"isInner":false,"elType":"column"}],"isInner":false,"elType":"section"},{"id":"52fe5133","settings":[],"elements":[{"id":"3ff0d25a","settings":{"_column_size":100,"_inline_size":null},"elements":[{"id":"46e7c3cb","settings":{"space":{"unit":"px","size":120},"space_mobile":{"unit":"px","size":50},"space_tablet":{"unit":"px","size":120,"sizes":[]}},"elements":[],"isInner":false,"widgetType":"spacer","elType":"widget"}],"isInner":false,"elType":"column"}],"isInner":false,"elType":"section"},{"id":"457b4a1a","settings":{"gap":"wide","structure":"30","background_background":"classic","background_color_b":"#f4f4f4","background_overlay_background":"gradient"},"elements":[{"id":"67db2e65","settings":{"_column_size":33,"_inline_size":null,"background_hover_background":"classic","background_hover_color":"#ffe900","border_radius":{"unit":"px","top":"0","right":"0","bottom":"20","left":"0","isLinked":false},"padding":{"unit":"px","top":"20","right":"0","bottom":"20","left":"20","isLinked":false},"padding_mobile":{"unit":"px","top":"20","right":"20","bottom":"20","left":"20","isLinked":true},"border_radius_tablet":{"unit":"px","top":"0","right":"0","bottom":"20","left":"0","isLinked":false},"border_radius_mobile":{"unit":"px","top":"0","right":"0","bottom":"20","left":"0","isLinked":false},"padding_tablet":{"unit":"px","top":"20","right":"0","bottom":"20","left":"20","isLinked":false}},"elements":[{"id":"6ccfe3ef","settings":{"image":{"url":"https:\/\/www.cssigniter.com\/elementor\/wp-content\/uploads\/2017\/07\/goldenratiogrid-freebiebymienai.gif","id":2250},"image_size":"full","link_to":"custom","link":{"url":"https:\/\/dribbble.com\/shots\/3572688-Golden-Ratio-Grid-Freebie-by-Bont","is_external":"on","nofollow":""},"align":"center","align_tablet":"center","align_mobile":"center"},"elements":[],"isInner":false,"widgetType":"image","elType":"widget"},{"id":"139e7830","settings":{"text":"View on Dribbble","icon":"fa fa-dribbble","typography_typography":"custom","typography_font_size":{"unit":"px","size":14},"typography_font_family":"PT Serif","typography_font_weight":"normal","button_text_color":"#ffffff","background_color":"#2b2b2b","hover_color":"#ffffff","button_background_hover_color":"#000000","border_radius":{"unit":"px","top":"0","right":"0","bottom":"0","left":"0","isLinked":true},"link":{"url":"https:\/\/dribbble.com\/shots\/3572688-Golden-Ratio-Grid-Freebie-by-Bont","is_external":"on","nofollow":""},"selected_icon":{"value":"fab fa-dribbble","library":"fa-brands"},"align":"left","align_tablet":"left","align_mobile":"left","typography_font_size_tablet":{"unit":"px","size":14,"sizes":[]},"typography_font_size_mobile":{"unit":"px","size":14,"sizes":[]},"typography_text_transform":"none","typography_font_style":"normal","typography_text_decoration":"none","typography_line_height":{"unit":"em","size":1,"sizes":[]},"typography_line_height_tablet":{"unit":"em","size":1,"sizes":[]},"typography_line_height_mobile":{"unit":"em","size":1,"sizes":[]},"__fa4_migrated":{"selected_icon":true}},"elements":[],"isInner":false,"widgetType":"button","elType":"widget"}],"isInner":false,"elType":"column"},{"id":"c4707ba","settings":{"_column_size":33,"_inline_size":null,"background_hover_background":"classic","background_hover_color":"#ffe900","border_radius":{"unit":"px","top":"0","right":"0","bottom":"20","left":"0","isLinked":false},"padding":{"unit":"px","top":"20","right":"0","bottom":"20","left":"20","isLinked":false},"padding_mobile":{"unit":"px","top":"20","right":"20","bottom":"20","left":"20","isLinked":true},"border_radius_tablet":{"unit":"px","top":"0","right":"0","bottom":"20","left":"0","isLinked":false},"border_radius_mobile":{"unit":"px","top":"0","right":"0","bottom":"20","left":"0","isLinked":false},"padding_tablet":{"unit":"px","top":"20","right":"0","bottom":"20","left":"20","isLinked":false}},"elements":[{"id":"2cacbb3f","settings":{"image":{"url":"https:\/\/www.cssigniter.com\/elementor\/wp-content\/uploads\/2019\/05\/dribbbleb.jpg","id":4996},"image_size":"full","link_to":"custom","link":{"url":"https:\/\/dribbble.com\/shots\/3549388-Breakable-Free-Typeface","is_external":"on","nofollow":""},"align":"center","align_tablet":"center","align_mobile":"center"},"elements":[],"isInner":false,"widgetType":"image","elType":"widget"},{"id":"4a6306a0","settings":{"text":"View on Dribbble","icon":"fa fa-dribbble","typography_typography":"custom","typography_font_size":{"unit":"px","size":14},"typography_font_family":"PT Serif","typography_font_weight":"normal","button_text_color":"#ffffff","background_color":"#2b2b2b","hover_color":"#ffffff","button_background_hover_color":"#000000","border_radius":{"unit":"px","top":"0","right":"0","bottom":"0","left":"0","isLinked":true},"link":{"url":"https:\/\/dribbble.com\/shots\/3549388-Breakable-Free-Typeface","is_external":"on","nofollow":""},"selected_icon":{"value":"fab fa-dribbble","library":"fa-brands"},"align":"left","align_tablet":"left","align_mobile":"left","typography_font_size_tablet":{"unit":"px","size":14,"sizes":[]},"typography_font_size_mobile":{"unit":"px","size":14,"sizes":[]},"typography_text_transform":"none","typography_font_style":"normal","typography_text_decoration":"none","typography_line_height":{"unit":"em","size":1,"sizes":[]},"typography_line_height_tablet":{"unit":"em","size":1,"sizes":[]},"typography_line_height_mobile":{"unit":"em","size":1,"sizes":[]},"__fa4_migrated":{"selected_icon":true}},"elements":[],"isInner":false,"widgetType":"button","elType":"widget"}],"isInner":false,"elType":"column"},{"id":"5ad9e05d","settings":{"_column_size":33,"_inline_size":null,"background_hover_background":"classic","background_hover_color":"#ffe900","border_radius":{"unit":"px","top":"0","right":"0","bottom":"20","left":"0","isLinked":false},"padding":{"unit":"px","top":"20","right":"0","bottom":"20","left":"20","isLinked":false},"padding_mobile":{"unit":"px","top":"20","right":"20","bottom":"20","left":"20","isLinked":true},"border_radius_tablet":{"unit":"px","top":"0","right":"0","bottom":"20","left":"0","isLinked":false},"border_radius_mobile":{"unit":"px","top":"0","right":"0","bottom":"20","left":"0","isLinked":false},"padding_tablet":{"unit":"px","top":"20","right":"20","bottom":"0","left":"20","isLinked":false}},"elements":[{"id":"5d6d4598","settings":{"image":{"url":"https:\/\/www.cssigniter.com\/elementor\/wp-content\/uploads\/2017\/07\/dribbble-1.png","id":2259},"image_size":"full","link_to":"custom","link":{"url":"https:\/\/dribbble.com\/shots\/3604991-Agata-Biele-Upcoming-Freebie-1","is_external":"on","nofollow":""},"align":"center","align_tablet":"center","align_mobile":"center"},"elements":[],"isInner":false,"widgetType":"image","elType":"widget"},{"id":"28190a","settings":{"text":"View on Dribbble","icon":"fa fa-dribbble","typography_typography":"custom","typography_font_size":{"unit":"px","size":14},"typography_font_family":"PT Serif","typography_font_weight":"normal","button_text_color":"#ffffff","background_color":"#2b2b2b","hover_color":"#ffffff","button_background_hover_color":"#000000","border_radius":{"unit":"px","top":"0","right":"0","bottom":"0","left":"0","isLinked":true},"link":{"url":"https:\/\/dribbble.com\/shots\/3604991-Agata-Biele-Upcoming-Freebie-1","is_external":"on","nofollow":""},"selected_icon":{"value":"fab fa-dribbble","library":"fa-brands"},"align":"left","align_tablet":"left","align_mobile":"left","typography_font_size_tablet":{"unit":"px","size":14,"sizes":[]},"typography_font_size_mobile":{"unit":"px","size":14,"sizes":[]},"typography_text_transform":"none","typography_font_style":"normal","typography_text_decoration":"none","typography_line_height":{"unit":"em","size":1,"sizes":[]},"typography_line_height_tablet":{"unit":"em","size":1,"sizes":[]},"typography_line_height_mobile":{"unit":"em","size":1,"sizes":[]},"__fa4_migrated":{"selected_icon":true}},"elements":[],"isInner":false,"widgetType":"button","elType":"widget"}],"isInner":false,"elType":"column"}],"isInner":false,"elType":"section"},{"id":"404bd31b","settings":{"gap":"wide","structure":"30","background_background":"classic","background_color_b":"#f4f4f4","background_overlay_background":"gradient"},"elements":[{"id":"2e55a825","settings":{"_column_size":33,"_inline_size":null,"background_hover_background":"classic","background_hover_color":"#ffe900","border_radius":{"unit":"px","top":"0","right":"0","bottom":"20","left":"0","isLinked":false},"padding":{"unit":"px","top":"20","right":"0","bottom":"20","left":"20","isLinked":false},"padding_mobile":{"unit":"px","top":"20","right":"20","bottom":"20","left":"20","isLinked":true},"border_radius_tablet":{"unit":"px","top":"0","right":"0","bottom":"20","left":"0","isLinked":false},"border_radius_mobile":{"unit":"px","top":"0","right":"0","bottom":"20","left":"0","isLinked":false},"padding_tablet":{"unit":"px","top":"20","right":"0","bottom":"20","left":"20","isLinked":false}},"elements":[{"id":"35e8b914","settings":{"image":{"url":"https:\/\/www.cssigniter.com\/elementor\/wp-content\/uploads\/2019\/05\/articles-gridb.jpg","id":4997},"image_size":"full","link_to":"custom","link":{"url":"https:\/\/dribbble.com\/shots\/3550585-Articles-Grid-Free-PSD","is_external":"on","nofollow":""},"align":"center","align_tablet":"center","align_mobile":"center"},"elements":[],"isInner":false,"widgetType":"image","elType":"widget"},{"id":"2ee84f89","settings":{"text":"View on Dribbble","icon":"fa fa-dribbble","typography_typography":"custom","typography_font_size":{"unit":"px","size":14},"typography_font_family":"PT Serif","typography_font_weight":"normal","button_text_color":"#ffffff","background_color":"#2b2b2b","hover_color":"#ffffff","button_background_hover_color":"#000000","border_radius":{"unit":"px","top":"0","right":"0","bottom":"0","left":"0","isLinked":true},"link":{"url":"https:\/\/dribbble.com\/shots\/3550585-Articles-Grid-Free-PSD","is_external":"on","nofollow":""},"selected_icon":{"value":"fab fa-dribbble","library":"fa-brands"},"align":"left","align_tablet":"left","align_mobile":"left","typography_font_size_tablet":{"unit":"px","size":14,"sizes":[]},"typography_font_size_mobile":{"unit":"px","size":14,"sizes":[]},"typography_text_transform":"none","typography_font_style":"normal","typography_text_decoration":"none","typography_line_height":{"unit":"em","size":1,"sizes":[]},"typography_line_height_tablet":{"unit":"em","size":1,"sizes":[]},"typography_line_height_mobile":{"unit":"em","size":1,"sizes":[]},"__fa4_migrated":{"selected_icon":true}},"elements":[],"isInner":false,"widgetType":"button","elType":"widget"}],"isInner":false,"elType":"column"},{"id":"1a0b6c63","settings":{"_column_size":33,"_inline_size":null,"background_hover_background":"classic","background_hover_color":"#ffe900","border_radius":{"unit":"px","top":"0","right":"0","bottom":"20","left":"0","isLinked":false},"padding":{"unit":"px","top":"20","right":"0","bottom":"20","left":"20","isLinked":false},"padding_mobile":{"unit":"px","top":"20","right":"20","bottom":"20","left":"20","isLinked":true},"border_radius_tablet":{"unit":"px","top":"0","right":"0","bottom":"20","left":"0","isLinked":false},"border_radius_mobile":{"unit":"px","top":"0","right":"0","bottom":"20","left":"0","isLinked":false},"padding_tablet":{"unit":"px","top":"20","right":"0","bottom":"20","left":"20","isLinked":false}},"elements":[{"id":"47522766","settings":{"image":{"url":"https:\/\/www.cssigniter.com\/elementor\/wp-content\/uploads\/2017\/07\/fitness_calendar_sketch_dribble_800x600.png","id":2268},"image_size":"full","link_to":"custom","link":{"url":"https:\/\/dribbble.com\/shots\/3544186-Fitness-Calendar-Sketch-Template-Freebie","is_external":"on","nofollow":""},"align":"center","align_tablet":"center","align_mobile":"center"},"elements":[],"isInner":false,"widgetType":"image","elType":"widget"},{"id":"3168ead6","settings":{"text":"View on Dribbble","icon":"fa fa-dribbble","typography_typography":"custom","typography_font_size":{"unit":"px","size":14},"typography_font_family":"PT Serif","typography_font_weight":"normal","button_text_color":"#ffffff","background_color":"#2b2b2b","hover_color":"#ffffff","button_background_hover_color":"#000000","border_radius":{"unit":"px","top":"0","right":"0","bottom":"0","left":"0","isLinked":true},"link":{"url":"https:\/\/dribbble.com\/shots\/3544186-Fitness-Calendar-Sketch-Template-Freebie","is_external":"on","nofollow":""},"selected_icon":{"value":"fab fa-dribbble","library":"fa-brands"},"align":"left","align_tablet":"left","align_mobile":"left","typography_font_size_tablet":{"unit":"px","size":14,"sizes":[]},"typography_font_size_mobile":{"unit":"px","size":14,"sizes":[]},"typography_text_transform":"none","typography_font_style":"normal","typography_text_decoration":"none","typography_line_height":{"unit":"em","size":1,"sizes":[]},"typography_line_height_tablet":{"unit":"em","size":1,"sizes":[]},"typography_line_height_mobile":{"unit":"em","size":1,"sizes":[]},"__fa4_migrated":{"selected_icon":true}},"elements":[],"isInner":false,"widgetType":"button","elType":"widget"}],"isInner":false,"elType":"column"},{"id":"7d0dc526","settings":{"_column_size":33,"_inline_size":null,"background_hover_background":"classic","background_hover_color":"#ffe900","border_radius":{"unit":"px","top":"0","right":"0","bottom":"20","left":"0","isLinked":false},"padding":{"unit":"px","top":"20","right":"0","bottom":"20","left":"20","isLinked":false},"padding_mobile":{"unit":"px","top":"20","right":"20","bottom":"20","left":"20","isLinked":true},"border_radius_tablet":{"unit":"px","top":"0","right":"0","bottom":"20","left":"0","isLinked":false},"border_radius_mobile":{"unit":"px","top":"0","right":"0","bottom":"20","left":"0","isLinked":false},"padding_tablet":{"unit":"px","top":"20","right":"0","bottom":"20","left":"20","isLinked":false}},"elements":[{"id":"3e80539e","settings":{"image":{"url":"https:\/\/www.cssigniter.com\/elementor\/wp-content\/uploads\/2019\/05\/dribbble_top_secretb.jpg","id":4998},"image_size":"full","link_to":"custom","link":{"url":"https:\/\/dribbble.com\/shots\/3532454-FREE-Mock-up-Top-Secret","is_external":"on","nofollow":""},"align":"center","align_tablet":"center","align_mobile":"center"},"elements":[],"isInner":false,"widgetType":"image","elType":"widget"},{"id":"5a85c3e3","settings":{"text":"View on Dribbble","icon":"fa fa-dribbble","typography_typography":"custom","typography_font_size":{"unit":"px","size":14},"typography_font_family":"PT Serif","typography_font_weight":"normal","button_text_color":"#ffffff","background_color":"#2b2b2b","hover_color":"#ffffff","button_background_hover_color":"#000000","border_radius":{"unit":"px","top":"0","right":"0","bottom":"0","left":"0","isLinked":true},"link":{"url":"https:\/\/dribbble.com\/shots\/3532454-FREE-Mock-up-Top-Secret","is_external":"on","nofollow":""},"selected_icon":{"value":"fab fa-dribbble","library":"fa-brands"},"align":"left","align_tablet":"left","align_mobile":"left","typography_font_size_tablet":{"unit":"px","size":14,"sizes":[]},"typography_font_size_mobile":{"unit":"px","size":14,"sizes":[]},"typography_text_transform":"none","typography_font_style":"normal","typography_text_decoration":"none","typography_line_height":{"unit":"em","size":1,"sizes":[]},"typography_line_height_tablet":{"unit":"em","size":1,"sizes":[]},"typography_line_height_mobile":{"unit":"em","size":1,"sizes":[]},"__fa4_migrated":{"selected_icon":true}},"elements":[],"isInner":false,"widgetType":"button","elType":"widget"}],"isInner":false,"elType":"column"}],"isInner":false,"elType":"section"},{"id":"547f1509","settings":[],"elements":[{"id":"32f5435a","settings":{"_column_size":100,"_inline_size":null},"elements":[{"id":"2cd71420","settings":{"space":{"unit":"px","size":120},"space_mobile":{"unit":"px","size":50},"space_tablet":{"unit":"px","size":120,"sizes":[]}},"elements":[],"isInner":false,"widgetType":"spacer","elType":"widget"}],"isInner":false,"elType":"column"}],"isInner":false,"elType":"section"},{"id":"4034543c","settings":{"gap":"no","content_position":"top"},"elements":[{"id":"1de312af","settings":{"_column_size":100,"_inline_size":null},"elements":[{"id":"494496e5","settings":{"gap":"wide","structure":"20"},"elements":[{"id":"65a97b1f","settings":{"_column_size":50,"_inline_size":null},"elements":[{"id":"4c0eeb57","settings":{"title":"The Studio","header_size":"h3","title_color":"#282828","typography_typography":"custom","typography_font_size":{"unit":"px","size":26},"typography_font_family":"PT Serif Caption","typography_font_weight":"bold","_margin":{"unit":"px","top":"20","right":"0","bottom":"0","left":"0","isLinked":false},"align":"left","align_tablet":"left","align_mobile":"left","typography_font_size_tablet":{"unit":"px","size":26,"sizes":[]},"typography_font_size_mobile":{"unit":"px","size":26,"sizes":[]},"typography_text_transform":"none","typography_font_style":"normal","typography_text_decoration":"none","typography_line_height":{"unit":"em","size":1,"sizes":[]},"typography_line_height_tablet":{"unit":"em","size":1,"sizes":[]},"typography_line_height_mobile":{"unit":"em","size":1,"sizes":[]},"_margin_tablet":{"unit":"px","top":"20","right":"0","bottom":"0","left":"0","isLinked":false},"_margin_mobile":{"unit":"px","top":"20","right":"0","bottom":"0","left":"0","isLinked":false}},"elements":[],"isInner":false,"widgetType":"heading","elType":"widget"}],"isInner":true,"elType":"column"},{"id":"112550a","settings":{"_column_size":50,"_inline_size":null},"elements":[{"id":"470cf33a","settings":{"editor":"<p>Button Interactive is an independent specialty branding and full service graphic design studio. Driven by passion and conviction, we offer brand strategy, consulting, and comprehensive design solutions. We work on projects locally and globally with startups to large scale agencies.<\/p>","text_color":"#282828","typography_typography":"custom","typography_font_size":{"unit":"px","size":18},"typography_font_family":"PT Serif","typography_font_weight":"normal","typography_line_height":{"unit":"em","size":1.399999999999999911182158029987476766109466552734375},"align":"left","align_tablet":"left","align_mobile":"left","typography_font_size_tablet":{"unit":"px","size":18,"sizes":[]},"typography_font_size_mobile":{"unit":"px","size":18,"sizes":[]},"typography_text_transform":"none","typography_font_style":"normal","typography_text_decoration":"none","typography_line_height_tablet":{"unit":"em","size":1.399999999999999911182158029987476766109466552734375,"sizes":[]},"typography_line_height_mobile":{"unit":"em","size":1.399999999999999911182158029987476766109466552734375,"sizes":[]}},"elements":[],"isInner":false,"widgetType":"text-editor","elType":"widget"}],"isInner":true,"elType":"column"}],"isInner":true,"elType":"section"},{"id":"7c4c1c94","settings":{"gap":"wide"},"elements":[{"id":"52c90aa4","settings":{"_column_size":100,"_inline_size":null},"elements":[{"id":"2a339829","settings":{"image":{"url":"https:\/\/www.cssigniter.com\/elementor\/wp-content\/uploads\/2019\/05\/button_officeb.jpg","id":4999},"image_size":"full","align":"center","align_tablet":"center","align_mobile":"center"},"elements":[],"isInner":false,"widgetType":"image","elType":"widget"}],"isInner":true,"elType":"column"}],"isInner":true,"elType":"section"}],"isInner":false,"elType":"column"}],"isInner":false,"elType":"section"},{"id":"2eac3d41","settings":[],"elements":[{"id":"7939e952","settings":{"_column_size":100,"_inline_size":null},"elements":[{"id":"88b6ef0","settings":{"space":{"unit":"px","size":120},"space_mobile":{"unit":"px","size":50},"space_tablet":{"unit":"px","size":120,"sizes":[]}},"elements":[],"isInner":false,"widgetType":"spacer","elType":"widget"}],"isInner":false,"elType":"column"}],"isInner":false,"elType":"section"},{"id":"2f84fdcd","settings":{"gap":"wide","content_position":"top","structure":"30"},"elements":[{"id":"4df11420","settings":{"_column_size":33,"_inline_size":null},"elements":[{"id":"1ed69931","settings":{"title":"The Team","header_size":"h3","title_color":"#282828","typography_typography":"custom","typography_font_size":{"unit":"px","size":26},"typography_font_family":"PT Serif Caption","typography_font_weight":"bold","_margin":{"unit":"px","top":"0","right":"0","bottom":"0","left":"0","isLinked":true},"align":"left","align_tablet":"left","align_mobile":"left","typography_font_size_tablet":{"unit":"px","size":26,"sizes":[]},"typography_font_size_mobile":{"unit":"px","size":26,"sizes":[]},"typography_text_transform":"none","typography_font_style":"normal","typography_text_decoration":"none","typography_line_height":{"unit":"em","size":1,"sizes":[]},"typography_line_height_tablet":{"unit":"em","size":1,"sizes":[]},"typography_line_height_mobile":{"unit":"em","size":1,"sizes":[]},"_margin_tablet":{"unit":"px","top":"0","right":"0","bottom":"0","left":"0","isLinked":true},"_margin_mobile":{"unit":"px","top":"0","right":"0","bottom":"0","left":"0","isLinked":true}},"elements":[],"isInner":false,"widgetType":"heading","elType":"widget"}],"isInner":false,"elType":"column"},{"id":"7dd33666","settings":{"_column_size":33,"_inline_size":null},"elements":[{"id":"3cbcc3eb","settings":{"image":{"url":"https:\/\/www.cssigniter.com\/elementor\/wp-content\/uploads\/2017\/06\/speaker04.jpg","id":364},"align":"center","align_tablet":"center","align_mobile":"center"},"elements":[],"isInner":false,"widgetType":"image","elType":"widget"},{"id":"3e161ff7","settings":{"title":"James Bunt","header_size":"h4","title_color":"#282828","typography_typography":"custom","typography_font_size":{"unit":"px","size":20},"typography_font_family":"PT Serif Caption","typography_font_weight":"bold","_margin":{"unit":"px","top":"0","right":"0","bottom":"-15","left":"0","isLinked":false},"align":"left","align_tablet":"left","align_mobile":"left","typography_font_size_tablet":{"unit":"px","size":20,"sizes":[]},"typography_font_size_mobile":{"unit":"px","size":20,"sizes":[]},"typography_text_transform":"capitalize","typography_font_style":"normal","typography_text_decoration":"none","typography_line_height":{"unit":"em","size":1,"sizes":[]},"typography_line_height_tablet":{"unit":"em","size":1,"sizes":[]},"typography_line_height_mobile":{"unit":"em","size":1,"sizes":[]},"_margin_tablet":{"unit":"px","top":"0","right":"0","bottom":"-15","left":"0","isLinked":false},"_margin_mobile":{"unit":"px","top":"0","right":"0","bottom":"-15","left":"0","isLinked":false}},"elements":[],"isInner":false,"widgetType":"heading","elType":"widget"},{"id":"1c549f07","settings":{"title":"Photographer","header_size":"p","title_color":"#282828","typography_typography":"custom","typography_font_size":{"unit":"px","size":16},"typography_font_family":"PT Serif Caption","typography_font_weight":"normal","_margin":{"unit":"px","top":"0","right":"0","bottom":"0","left":"0","isLinked":false},"align":"left","align_tablet":"left","align_mobile":"left","typography_font_size_tablet":{"unit":"px","size":16,"sizes":[]},"typography_font_size_mobile":{"unit":"px","size":16,"sizes":[]},"typography_text_transform":"none","typography_font_style":"normal","typography_text_decoration":"none","typography_line_height":{"unit":"em","size":1,"sizes":[]},"typography_line_height_tablet":{"unit":"em","size":1,"sizes":[]},"typography_line_height_mobile":{"unit":"em","size":1,"sizes":[]},"_margin_tablet":{"unit":"px","top":"0","right":"0","bottom":"0","left":"0","isLinked":false},"_margin_mobile":{"unit":"px","top":"0","right":"0","bottom":"0","left":"0","isLinked":false}},"elements":[],"isInner":false,"widgetType":"heading","elType":"widget"}],"isInner":false,"elType":"column"},{"id":"6f4a206b","settings":{"_column_size":33,"_inline_size":null},"elements":[{"id":"677b6bbb","settings":{"image":{"url":"https:\/\/www.cssigniter.com\/elementor\/wp-content\/uploads\/2017\/06\/speaker.jpg","id":329},"align":"center","align_tablet":"center","align_mobile":"center"},"elements":[],"isInner":false,"widgetType":"image","elType":"widget"},{"id":"5d978331","settings":{"title":"Elizabeth Norton","header_size":"h4","title_color":"#282828","typography_typography":"custom","typography_font_size":{"unit":"px","size":20},"typography_font_family":"PT Serif Caption","typography_font_weight":"bold","_margin":{"unit":"px","top":"0","right":"0","bottom":"-15","left":"0","isLinked":false}},"elements":[],"isInner":false,"widgetType":"heading","elType":"widget"},{"id":"39d7fa5e","settings":{"title":"Designer","header_size":"p","title_color":"#282828","typography_typography":"custom","typography_font_size":{"unit":"px","size":16},"typography_font_family":"PT Serif Caption","typography_font_weight":"normal","_margin":{"unit":"px","top":"0","right":"0","bottom":"0","left":"0","isLinked":false},"align":"left","align_tablet":"left","align_mobile":"left","typography_font_size_tablet":{"unit":"px","size":16,"sizes":[]},"typography_font_size_mobile":{"unit":"px","size":16,"sizes":[]},"typography_text_transform":"none","typography_font_style":"normal","typography_text_decoration":"none","typography_line_height":{"unit":"em","size":1,"sizes":[]},"typography_line_height_tablet":{"unit":"em","size":1,"sizes":[]},"typography_line_height_mobile":{"unit":"em","size":1,"sizes":[]},"_margin_tablet":{"unit":"px","top":"0","right":"0","bottom":"0","left":"0","isLinked":false},"_margin_mobile":{"unit":"px","top":"0","right":"0","bottom":"0","left":"0","isLinked":false}},"elements":[],"isInner":false,"widgetType":"heading","elType":"widget"}],"isInner":false,"elType":"column"}],"isInner":false,"elType":"section"},{"id":"7ff3494b","settings":[],"elements":[{"id":"3a6b0f03","settings":{"_column_size":100,"_inline_size":null},"elements":[{"id":"31c460d","settings":{"space":{"unit":"px","size":120},"space_mobile":{"unit":"px","size":50}},"elements":[],"isInner":false,"widgetType":"spacer","elType":"widget"}],"isInner":false,"elType":"column"}],"isInner":false,"elType":"section"},{"id":"4232bf01","settings":{"gap":"wide","content_position":"top","structure":"30"},"elements":[{"id":"57571a48","settings":{"_column_size":33,"_inline_size":null},"elements":[{"id":"7a34edeb","settings":{"title":"Clients","header_size":"h3","title_color":"#282828","typography_typography":"custom","typography_font_size":{"unit":"px","size":26},"typography_font_family":"PT Serif Caption","typography_font_weight":"bold","_margin":{"unit":"px","top":"0","right":"0","bottom":"0","left":"0","isLinked":true},"align":"left","align_tablet":"left","align_mobile":"left","typography_font_size_tablet":{"unit":"px","size":26,"sizes":[]},"typography_font_size_mobile":{"unit":"px","size":26,"sizes":[]},"typography_text_transform":"none","typography_font_style":"normal","typography_text_decoration":"none","typography_line_height":{"unit":"em","size":1,"sizes":[]},"typography_line_height_tablet":{"unit":"em","size":1,"sizes":[]},"typography_line_height_mobile":{"unit":"em","size":1,"sizes":[]},"_margin_tablet":{"unit":"px","top":"0","right":"0","bottom":"0","left":"0","isLinked":true},"_margin_mobile":{"unit":"px","top":"0","right":"0","bottom":"0","left":"0","isLinked":true}},"elements":[],"isInner":false,"widgetType":"heading","elType":"widget"}],"isInner":false,"elType":"column"},{"id":"259599d","settings":{"_column_size":33,"_inline_size":null},"elements":[{"id":"7474b053","settings":{"title":"Web","header_size":"h4","title_color":"#282828","typography_typography":"custom","typography_font_size":{"unit":"px","size":20},"typography_font_family":"PT Serif Caption","typography_font_weight":"bold","_margin":{"unit":"px","top":"0","right":"0","bottom":"0","left":"0","isLinked":false},"align":"left","align_tablet":"left","align_mobile":"left","typography_font_size_tablet":{"unit":"px","size":20,"sizes":[]},"typography_font_size_mobile":{"unit":"px","size":20,"sizes":[]},"typography_text_transform":"none","typography_font_style":"normal","typography_text_decoration":"none","typography_line_height":{"unit":"em","size":1,"sizes":[]},"typography_line_height_tablet":{"unit":"em","size":1,"sizes":[]},"typography_line_height_mobile":{"unit":"em","size":1,"sizes":[]},"_margin_tablet":{"unit":"px","top":"0","right":"0","bottom":"0","left":"0","isLinked":false},"_margin_mobile":{"unit":"px","top":"0","right":"0","bottom":"0","left":"0","isLinked":false}},"elements":[],"isInner":false,"widgetType":"heading","elType":"widget"},{"id":"12934a4","settings":{"icon_list":[{"text":"Benson","icon":"fa fa-check","_id":"wluaauo","link":{"url":"","is_external":"","nofollow":""},"selected_icon":{"value":"fas fa-check","library":"fa-solid"},"__fa4_migrated":{"selected_icon":true}},{"text":"Milos","icon":"fa fa-check","link":{"url":"","is_external":"","nofollow":""},"_id":"oq0sqvn","selected_icon":{"value":"fas fa-check","library":"fa-solid"},"__fa4_migrated":{"selected_icon":true}},{"text":"The Styler","icon":"fa fa-check","link":{"url":"","is_external":"","nofollow":""},"_id":"xtiwnpf","selected_icon":{"value":"fas fa-check","library":"fa-solid"},"__fa4_migrated":{"selected_icon":true}},{"text":"Brittany","icon":"fa fa-check","link":{"url":"","is_external":"","nofollow":""},"_id":"idsba8p","selected_icon":{"value":"fas fa-check","library":"fa-solid"},"__fa4_migrated":{"selected_icon":true}},{"text":"Carbone","icon":"fa fa-check","link":{"url":"","is_external":"","nofollow":""},"_id":"hslgeaa","selected_icon":{"value":"fas fa-check","library":"fa-solid"},"__fa4_migrated":{"selected_icon":true}},{"text":"Specialty","icon":"fa fa-check","link":{"url":"","is_external":"","nofollow":""},"_id":"om1rijh","selected_icon":{"value":"fas fa-check","library":"fa-solid"},"__fa4_migrated":{"selected_icon":true}}],"space_between":{"unit":"px","size":5},"icon_color":"#aaaaaa","icon_size":{"unit":"px","size":10},"text_indent":{"unit":"px","size":10},"text_color":"#282828","icon_typography_typography":"custom","icon_typography_font_size":{"unit":"px","size":16},"icon_typography_font_family":"PT Serif Caption","space_between_tablet":{"unit":"px","size":5,"sizes":[]},"space_between_mobile":{"unit":"px","size":5,"sizes":[]},"icon_align":"left","icon_align_tablet":"left","icon_align_mobile":"left","icon_size_tablet":{"unit":"px","size":10,"sizes":[]},"icon_size_mobile":{"unit":"px","size":10,"sizes":[]},"icon_self_align":"left","icon_self_align_tablet":"left","icon_self_align_mobile":"left","icon_typography_font_size_tablet":{"unit":"px","size":16,"sizes":[]},"icon_typography_font_size_mobile":{"unit":"px","size":16,"sizes":[]},"icon_typography_font_weight":"400","icon_typography_text_transform":"none","icon_typography_font_style":"normal","icon_typography_text_decoration":"none","icon_typography_line_height":{"unit":"em","size":1.6999999999999999555910790149937383830547332763671875,"sizes":[]},"icon_typography_line_height_tablet":{"unit":"em","size":1.6999999999999999555910790149937383830547332763671875,"sizes":[]},"icon_typography_line_height_mobile":{"unit":"em","size":1.6999999999999999555910790149937383830547332763671875,"sizes":[]}},"elements":[],"isInner":false,"widgetType":"icon-list","elType":"widget"},{"id":"6a2000a8","settings":{"space":{"unit":"px","size":15}},"elements":[],"isInner":false,"widgetType":"spacer","elType":"widget"},{"id":"304e8513","settings":{"title":"Identity","header_size":"h4","title_color":"#282828","typography_typography":"custom","typography_font_size":{"unit":"px","size":20},"typography_font_family":"PT Serif Caption","typography_font_weight":"bold","_margin":{"unit":"px","top":"0","right":"0","bottom":"0","left":"0","isLinked":false},"align":"left","align_tablet":"left","align_mobile":"left","typography_font_size_tablet":{"unit":"px","size":20,"sizes":[]},"typography_font_size_mobile":{"unit":"px","size":20,"sizes":[]},"typography_text_transform":"none","typography_font_style":"normal","typography_text_decoration":"none","typography_line_height":{"unit":"em","size":1,"sizes":[]},"typography_line_height_tablet":{"unit":"em","size":1,"sizes":[]},"typography_line_height_mobile":{"unit":"em","size":1,"sizes":[]},"_margin_tablet":{"unit":"px","top":"0","right":"0","bottom":"0","left":"0","isLinked":false},"_margin_mobile":{"unit":"px","top":"0","right":"0","bottom":"0","left":"0","isLinked":false}},"elements":[],"isInner":false,"widgetType":"heading","elType":"widget"},{"id":"64cd23c4","settings":{"icon_list":[{"text":"Koehn","icon":"fa fa-check","_id":"wluaauo","link":{"url":"","is_external":"","nofollow":""},"selected_icon":{"value":"fas fa-check","library":"fa-solid"},"__fa4_migrated":{"selected_icon":true}},{"text":"Neto","icon":"fa fa-check","link":{"url":"","is_external":"","nofollow":""},"_id":"oq0sqvn","selected_icon":{"value":"fas fa-check","library":"fa-solid"},"__fa4_migrated":{"selected_icon":true}},{"text":"PinMaister","icon":"fa fa-check","link":{"url":"","is_external":"","nofollow":""},"_id":"xtiwnpf","selected_icon":{"value":"fas fa-check","library":"fa-solid"},"__fa4_migrated":{"selected_icon":true}},{"text":"Brittany","icon":"fa fa-check","link":{"url":"","is_external":"","nofollow":""},"_id":"idsba8p","selected_icon":{"value":"fas fa-check","library":"fa-solid"},"__fa4_migrated":{"selected_icon":true}},{"text":"Palermo","icon":"fa fa-check","link":{"url":"","is_external":"","nofollow":""},"_id":"hslgeaa","selected_icon":{"value":"fas fa-check","library":"fa-solid"},"__fa4_migrated":{"selected_icon":true}}],"space_between":{"unit":"px","size":5},"icon_color":"#aaaaaa","icon_size":{"unit":"px","size":10},"text_indent":{"unit":"px","size":10},"text_color":"#282828","icon_typography_typography":"custom","icon_typography_font_size":{"unit":"px","size":16},"icon_typography_font_family":"PT Serif Caption","space_between_tablet":{"unit":"px","size":5,"sizes":[]},"space_between_mobile":{"unit":"px","size":5,"sizes":[]},"icon_align":"left","icon_align_tablet":"left","icon_align_mobile":"left","icon_size_tablet":{"unit":"px","size":10,"sizes":[]},"icon_size_mobile":{"unit":"px","size":10,"sizes":[]},"icon_self_align":"left","icon_self_align_tablet":"left","icon_self_align_mobile":"left","icon_typography_font_size_tablet":{"unit":"px","size":16,"sizes":[]},"icon_typography_font_size_mobile":{"unit":"px","size":16,"sizes":[]},"icon_typography_font_weight":"400","icon_typography_text_transform":"none","icon_typography_font_style":"normal","icon_typography_text_decoration":"none","icon_typography_line_height":{"unit":"em","size":1.6999999999999999555910790149937383830547332763671875,"sizes":[]},"icon_typography_line_height_tablet":{"unit":"em","size":1.6999999999999999555910790149937383830547332763671875,"sizes":[]},"icon_typography_line_height_mobile":{"unit":"em","size":1.6999999999999999555910790149937383830547332763671875,"sizes":[]}},"elements":[],"isInner":false,"widgetType":"icon-list","elType":"widget"}],"isInner":false,"elType":"column"},{"id":"337e7b6b","settings":{"_column_size":33,"_inline_size":null},"elements":[{"id":"7483aee6","settings":{"title":"Mobile Development","header_size":"h4","title_color":"#282828","typography_typography":"custom","typography_font_size":{"unit":"px","size":20},"typography_font_family":"PT Serif Caption","typography_font_weight":"bold","_margin":{"unit":"px","top":"0","right":"0","bottom":"0","left":"0","isLinked":false},"align":"left","align_tablet":"left","align_mobile":"left","typography_font_size_tablet":{"unit":"px","size":20,"sizes":[]},"typography_font_size_mobile":{"unit":"px","size":20,"sizes":[]},"typography_text_transform":"none","typography_font_style":"normal","typography_text_decoration":"none","typography_line_height":{"unit":"em","size":1,"sizes":[]},"typography_line_height_tablet":{"unit":"em","size":1,"sizes":[]},"typography_line_height_mobile":{"unit":"em","size":1,"sizes":[]},"_margin_tablet":{"unit":"px","top":"0","right":"0","bottom":"0","left":"0","isLinked":false},"_margin_mobile":{"unit":"px","top":"0","right":"0","bottom":"0","left":"0","isLinked":false}},"elements":[],"isInner":false,"widgetType":"heading","elType":"widget"},{"id":"6a8944d6","settings":{"icon_list":[{"text":"Oxium","icon":"fa fa-check","_id":"wluaauo","link":{"url":"","is_external":"","nofollow":""},"selected_icon":{"value":"fas fa-check","library":"fa-solid"},"__fa4_migrated":{"selected_icon":true}},{"text":"Potenza","icon":"fa fa-check","link":{"url":"","is_external":"","nofollow":""},"_id":"oq0sqvn","selected_icon":{"value":"fas fa-check","library":"fa-solid"},"__fa4_migrated":{"selected_icon":true}},{"text":"Suisen","icon":"fa fa-check","link":{"url":"","is_external":"","nofollow":""},"_id":"xtiwnpf","selected_icon":{"value":"fas fa-check","library":"fa-solid"},"__fa4_migrated":{"selected_icon":true}},{"text":"Struct","icon":"fa fa-check","link":{"url":"","is_external":"","nofollow":""},"_id":"idsba8p","selected_icon":{"value":"fas fa-check","library":"fa-solid"},"__fa4_migrated":{"selected_icon":true}},{"text":"Technico","icon":"fa fa-check","link":{"url":"","is_external":"","nofollow":""},"_id":"hslgeaa","selected_icon":{"value":"fas fa-check","library":"fa-solid"},"__fa4_migrated":{"selected_icon":true}}],"space_between":{"unit":"px","size":5},"icon_color":"#aaaaaa","icon_size":{"unit":"px","size":10},"text_indent":{"unit":"px","size":10},"text_color":"#282828","icon_typography_typography":"custom","icon_typography_font_size":{"unit":"px","size":16},"icon_typography_font_family":"PT Serif Caption","space_between_tablet":{"unit":"px","size":5,"sizes":[]},"space_between_mobile":{"unit":"px","size":5,"sizes":[]},"icon_align":"left","icon_align_tablet":"left","icon_align_mobile":"left","icon_size_tablet":{"unit":"px","size":10,"sizes":[]},"icon_size_mobile":{"unit":"px","size":10,"sizes":[]},"icon_self_align":"left","icon_self_align_tablet":"left","icon_self_align_mobile":"left","icon_typography_font_size_tablet":{"unit":"px","size":16,"sizes":[]},"icon_typography_font_size_mobile":{"unit":"px","size":16,"sizes":[]},"icon_typography_font_weight":"400","icon_typography_text_transform":"none","icon_typography_font_style":"normal","icon_typography_text_decoration":"none","icon_typography_line_height":{"unit":"em","size":1.6999999999999999555910790149937383830547332763671875,"sizes":[]},"icon_typography_line_height_tablet":{"unit":"em","size":1.6999999999999999555910790149937383830547332763671875,"sizes":[]},"icon_typography_line_height_mobile":{"unit":"em","size":1.6999999999999999555910790149937383830547332763671875,"sizes":[]}},"elements":[],"isInner":false,"widgetType":"icon-list","elType":"widget"},{"id":"47f3b493","settings":{"space":{"unit":"px","size":15}},"elements":[],"isInner":false,"widgetType":"spacer","elType":"widget"},{"id":"408e8f9b","settings":{"title":"Photography","header_size":"h4","title_color":"#282828","typography_typography":"custom","typography_font_size":{"unit":"px","size":20},"typography_font_family":"PT Serif Caption","typography_font_weight":"bold","_margin":{"unit":"px","top":"0","right":"0","bottom":"0","left":"0","isLinked":false},"align":"left","align_tablet":"left","align_mobile":"left","typography_font_size_tablet":{"unit":"px","size":20,"sizes":[]},"typography_font_size_mobile":{"unit":"px","size":20,"sizes":[]},"typography_text_transform":"none","typography_font_style":"normal","typography_text_decoration":"none","typography_line_height":{"unit":"em","size":1,"sizes":[]},"typography_line_height_tablet":{"unit":"em","size":1,"sizes":[]},"typography_line_height_mobile":{"unit":"em","size":1,"sizes":[]},"_margin_tablet":{"unit":"px","top":"0","right":"0","bottom":"0","left":"0","isLinked":false},"_margin_mobile":{"unit":"px","top":"0","right":"0","bottom":"0","left":"0","isLinked":false}},"elements":[],"isInner":false,"widgetType":"heading","elType":"widget"},{"id":"1dc220f7","settings":{"icon_list":[{"text":"Struct","icon":"fa fa-check","link":{"url":"","is_external":"","nofollow":""},"_id":"yyguoeu","selected_icon":{"value":"fas fa-check","library":"fa-solid"},"__fa4_migrated":{"selected_icon":true}},{"text":"Technico","icon":"fa fa-check","link":{"url":"","is_external":"","nofollow":""},"_id":"66yrmam","selected_icon":{"value":"fas fa-check","library":"fa-solid"},"__fa4_migrated":{"selected_icon":true}},{"text":"Oxium","icon":"fa fa-check","_id":"wluaauo","link":{"url":"","is_external":"","nofollow":""},"selected_icon":{"value":"fas fa-check","library":"fa-solid"},"__fa4_migrated":{"selected_icon":true}},{"text":"Potenza","icon":"fa fa-check","link":{"url":"","is_external":"","nofollow":""},"_id":"oq0sqvn","selected_icon":{"value":"fas fa-check","library":"fa-solid"},"__fa4_migrated":{"selected_icon":true}}],"space_between":{"unit":"px","size":5},"icon_color":"#aaaaaa","icon_size":{"unit":"px","size":10},"text_indent":{"unit":"px","size":10},"text_color":"#282828","icon_typography_typography":"custom","icon_typography_font_size":{"unit":"px","size":16},"icon_typography_font_family":"PT Serif Caption","space_between_tablet":{"unit":"px","size":5,"sizes":[]},"space_between_mobile":{"unit":"px","size":5,"sizes":[]},"icon_align":"left","icon_align_tablet":"left","icon_align_mobile":"left","icon_size_tablet":{"unit":"px","size":10,"sizes":[]},"icon_size_mobile":{"unit":"px","size":10,"sizes":[]},"icon_self_align":"left","icon_self_align_tablet":"left","icon_self_align_mobile":"left","icon_typography_font_size_tablet":{"unit":"px","size":16,"sizes":[]},"icon_typography_font_size_mobile":{"unit":"px","size":16,"sizes":[]},"icon_typography_font_weight":"400","icon_typography_text_transform":"none","icon_typography_font_style":"normal","icon_typography_text_decoration":"none","icon_typography_line_height":{"unit":"em","size":1.6999999999999999555910790149937383830547332763671875,"sizes":[]},"icon_typography_line_height_tablet":{"unit":"em","size":1.6999999999999999555910790149937383830547332763671875,"sizes":[]},"icon_typography_line_height_mobile":{"unit":"em","size":1.6999999999999999555910790149937383830547332763671875,"sizes":[]}},"elements":[],"isInner":false,"widgetType":"icon-list","elType":"widget"}],"isInner":false,"elType":"column"}],"isInner":false,"elType":"section"},{"id":"1a047f9f","settings":[],"elements":[{"id":"78a5faff","settings":{"_column_size":100,"_inline_size":null},"elements":[{"id":"53daadd2","settings":{"space":{"unit":"px","size":120},"space_mobile":{"unit":"px","size":50},"space_tablet":{"unit":"px","size":120,"sizes":[]}},"elements":[],"isInner":false,"widgetType":"spacer","elType":"widget"}],"isInner":false,"elType":"column"}],"isInner":false,"elType":"section"},{"id":"14f08c42","settings":{"gap":"wide","structure":"20","background_background":"classic","background_color":"#fff430","background_color_b":"#ffbd30","background_gradient_angle":{"unit":"deg","size":140},"background_gradient_position":"bottom right","background_overlay_background":"gradient","border_border":"solid","border_width":{"unit":"px","top":"40","right":"0","bottom":"0","left":"0","isLinked":false},"border_color":"#f9f9f9","border_radius":{"unit":"px","top":"0","right":"200","bottom":"0","left":"0","isLinked":false},"shape_divider_bottom_width":{"unit":"%","size":100},"shape_divider_bottom_height":{"unit":"px","size":143},"padding":{"unit":"px","top":"0","right":"0","bottom":"0","left":"0","isLinked":false}},"elements":[{"id":"14130fb3","settings":{"_column_size":50,"_inline_size":null},"elements":[{"id":"7814d7fa","settings":{"space":{"unit":"px","size":100},"space_mobile":{"unit":"px","size":50},"space_tablet":{"unit":"px","size":100,"sizes":[]}},"elements":[],"isInner":false,"widgetType":"spacer","elType":"widget"},{"id":"45c83247","settings":{"anchor":"contact"},"elements":[],"isInner":false,"widgetType":"menu-anchor","elType":"widget"},{"id":"40bbf7d5","settings":{"title":"Let's talk.","header_size":"h1","title_color":"#282828","typography_typography":"custom","typography_font_size":{"unit":"px","size":40},"typography_font_family":"PT Serif Caption","typography_font_weight":"bold","align":"left","typography_font_size_tablet":{"unit":"px","size":40,"sizes":[]},"typography_font_size_mobile":{"unit":"px","size":40,"sizes":[]},"typography_text_transform":"none","typography_font_style":"normal","typography_text_decoration":"none","typography_line_height":{"unit":"em","size":1,"sizes":[]},"typography_line_height_tablet":{"unit":"em","size":1,"sizes":[]},"typography_line_height_mobile":{"unit":"em","size":1,"sizes":[]}},"elements":[],"isInner":false,"widgetType":"heading","elType":"widget"},{"id":"a05f33","settings":{"icon_list":[{"text":"+44 1234 56789","icon":"fa fa-phone","_id":"wluaauo","link":{"url":"","is_external":"","nofollow":""},"selected_icon":{"value":"fas fa-phone","library":"fa-solid"},"__fa4_migrated":{"selected_icon":true}},{"text":"button@cssigniter.com","icon":"fa fa-envelope-o","link":{"url":"","is_external":"","nofollow":""},"_id":"oq0sqvn","selected_icon":{"value":"far fa-envelope","library":"fa-regular"},"__fa4_migrated":{"selected_icon":true}},{"text":"St Johns Wood, London, NW7 9AG","icon":"fa fa-map-marker","link":{"url":"","is_external":"","nofollow":""},"_id":"xtiwnpf","selected_icon":{"value":"fas fa-map-marker-alt","library":"fa-solid"},"__fa4_migrated":{"selected_icon":true}}],"space_between":{"unit":"px","size":5},"icon_color":"#282828","icon_size":{"unit":"px","size":12},"text_indent":{"unit":"px","size":10},"text_color":"#282828","icon_typography_typography":"custom","icon_typography_font_size":{"unit":"px","size":16},"icon_typography_font_family":"PT Serif Caption","space_between_tablet":{"unit":"px","size":5,"sizes":[]},"space_between_mobile":{"unit":"px","size":5,"sizes":[]},"icon_align":"left","icon_align_tablet":"left","icon_align_mobile":"left","icon_size_tablet":{"unit":"px","size":12,"sizes":[]},"icon_size_mobile":{"unit":"px","size":12,"sizes":[]},"icon_self_align":"left","icon_self_align_tablet":"left","icon_self_align_mobile":"left","icon_typography_font_size_tablet":{"unit":"px","size":16,"sizes":[]},"icon_typography_font_size_mobile":{"unit":"px","size":16,"sizes":[]},"icon_typography_font_weight":"400","icon_typography_text_transform":"none","icon_typography_font_style":"normal","icon_typography_text_decoration":"none","icon_typography_line_height":{"unit":"em","size":1.6999999999999999555910790149937383830547332763671875,"sizes":[]},"icon_typography_line_height_tablet":{"unit":"em","size":1.6999999999999999555910790149937383830547332763671875,"sizes":[]},"icon_typography_line_height_mobile":{"unit":"em","size":1.6999999999999999555910790149937383830547332763671875,"sizes":[]}},"elements":[],"isInner":false,"widgetType":"icon-list","elType":"widget"},{"id":"4adff498","settings":{"social_icon_list":[{"social":"fa fa-facebook","_id":"1xk9c55","link":{"url":"","is_external":"true","nofollow":""},"social_icon":{"value":"fab fa-facebook-f","library":"fa-brands"},"item_icon_color":"default","item_icon_primary_color":"","item_icon_secondary_color":"","__fa4_migrated":{"social_icon":true}},{"social":"fa fa-twitter","_id":"st6k4sj","link":{"url":"","is_external":"true","nofollow":""},"social_icon":{"value":"fab fa-twitter","library":"fa-brands"},"item_icon_color":"default","item_icon_primary_color":"","item_icon_secondary_color":"","__fa4_migrated":{"social_icon":true}},{"social":"fa fa-dribbble","_id":"gy1dldz","link":{"url":"","is_external":"true","nofollow":""},"social_icon":{"value":"fab fa-dribbble","library":"fa-brands"},"item_icon_color":"default","item_icon_primary_color":"","item_icon_secondary_color":"","__fa4_migrated":{"social_icon":true}},{"social":"fa fa-wordpress","link":{"is_external":"true"},"_id":"vw9g5le","social_icon":{"value":"fab fa-wordpress","library":"fa-brands"},"item_icon_color":"default","item_icon_primary_color":"","item_icon_secondary_color":"","__fa4_migrated":{"social_icon":true}},{"social":"fa fa-behance","link":{"is_external":"true"},"_id":"2m99uou","social_icon":{"value":"fab fa-behance","library":"fa-brands"},"item_icon_color":"default","item_icon_primary_color":"","item_icon_secondary_color":"","__fa4_migrated":{"social_icon":true}}],"shape":"circle","align":"left","icon_color":"custom","icon_primary_color":"rgba(0,0,0,0)","icon_secondary_color":"#282828","icon_size":{"unit":"px","size":17},"icon_padding":{"unit":"em","size":0.6999999999999999555910790149937383830547332763671875},"image_border_border":"solid","image_border_width":{"unit":"px","top":"2","right":"2","bottom":"2","left":"2","isLinked":true},"image_border_color":"#282828","hover_primary_color":"#282828","hover_secondary_color":"#fff430","align_tablet":"left","align_mobile":"left","icon_size_tablet":{"unit":"px","size":17,"sizes":[]},"icon_size_mobile":{"unit":"px","size":17,"sizes":[]},"icon_padding_tablet":{"unit":"em","size":0.6999999999999999555910790149937383830547332763671875,"sizes":[]},"icon_padding_mobile":{"unit":"em","size":0.6999999999999999555910790149937383830547332763671875,"sizes":[]},"icon_spacing":{"unit":"px","size":5,"sizes":[]},"icon_spacing_tablet":{"unit":"px","size":5,"sizes":[]},"icon_spacing_mobile":{"unit":"px","size":5,"sizes":[]},"image_border_width_tablet":{"unit":"px","top":"2","right":"2","bottom":"2","left":"2","isLinked":true},"image_border_width_mobile":{"unit":"px","top":"2","right":"2","bottom":"2","left":"2","isLinked":true},"hover_border_color":"#282828"},"elements":[],"isInner":false,"widgetType":"social-icons","elType":"widget"},{"id":"13637a2d","settings":{"space":{"unit":"px","size":100},"space_mobile":{"unit":"px","size":50},"space_tablet":{"unit":"px","size":100,"sizes":[]}},"elements":[],"isInner":false,"widgetType":"spacer","elType":"widget"}],"isInner":false,"elType":"column"},{"id":"78105a1e","settings":{"_column_size":50,"_inline_size":null},"elements":[],"isInner":false,"elType":"column"}],"isInner":false,"elType":"section"}]}