{"version":"0.4","title":"Shades","type":"page","content":[{"id":"7b8bd524","settings":{"height":"min-height","background_background":"classic","background_image":{"url":"https:\/\/www.cssigniter.com\/elementor\/wp-content\/uploads\/2019\/05\/shades_hero_bwb.jpg","id":5151},"background_position":"center center","background_attachment":"fixed","background_repeat":"no-repeat","background_size":"cover","background_overlay_background":"gradient","background_overlay_color":"rgba(255,255,255,0.31)","background_overlay_color_b":"rgba(0,0,0,0.88)","background_overlay_gradient_angle":{"unit":"deg","size":160},"background_overlay_opacity":{"unit":"px","size":0.75},"border_border":"solid","border_width":{"unit":"px","top":"15","right":"0","bottom":"0","left":"15","isLinked":false},"border_color":"#000000","custom_height":{"unit":"px","size":900},"custom_height_tablet":{"unit":"px","size":500},"custom_height_mobile":{"unit":"px","size":500,"sizes":[]},"border_width_tablet":{"unit":"px","top":"15","right":"0","bottom":"0","left":"15","isLinked":false},"border_width_mobile":{"unit":"px","top":"15","right":"0","bottom":"0","left":"15","isLinked":false}},"elements":[{"id":"20839c3","settings":{"_column_size":100},"elements":[{"id":"9ac2a51","settings":{"title":"Shades.","align":"right","title_color":"#ffffff","typography_typography":"custom","typography_font_size":{"unit":"px","size":90},"typography_font_family":"Poppins","typography_line_height":{"unit":"em","size":1},"typography_letter_spacing":{"unit":"px","size":-5},"_margin":{"unit":"px","top":"0","right":"0","bottom":"-20","left":"0","isLinked":false},"typography_font_weight":"bold","text_shadow_text_shadow_type":"yes","text_shadow_text_shadow":{"horizontal":0,"vertical":0,"blur":10,"color":"rgba(255,255,255,0.63)"},"_animation":"fadeIn","animation_duration":"fast","align_tablet":"center","typography_font_size_mobile":{"unit":"px","size":50},"typography_letter_spacing_mobile":{"unit":"px","size":0},"align_mobile":"center","typography_font_size_tablet":{"unit":"px","size":90,"sizes":[]},"typography_text_transform":"none","typography_font_style":"normal","typography_text_decoration":"none","typography_line_height_tablet":{"unit":"em","size":1,"sizes":[]},"typography_line_height_mobile":{"unit":"em","size":1,"sizes":[]},"typography_letter_spacing_tablet":{"unit":"px","size":-5,"sizes":[]},"_margin_tablet":{"unit":"px","top":"0","right":"0","bottom":"-20","left":"0","isLinked":false},"_margin_mobile":{"unit":"px","top":"0","right":"0","bottom":"-20","left":"0","isLinked":false}},"elements":[],"isInner":false,"widgetType":"heading","elType":"widget"},{"id":"156959b2","settings":{"title":"Sunglasses Collection. Autumn\/Winter 2018.","header_size":"p","align":"right","title_color":"#ffffff","typography_typography":"custom","typography_font_size":{"unit":"px","size":14},"typography_font_family":"Roboto Condensed","typography_font_weight":"300","typography_text_transform":"uppercase","typography_letter_spacing":{"unit":"px","size":5.5999999999999996447286321199499070644378662109375},"_margin":{"unit":"px","top":"0","right":"0","bottom":"45","left":"0","isLinked":false},"_animation":"fadeIn","align_tablet":"center","align_mobile":"center","typography_font_size_tablet":{"unit":"px","size":14,"sizes":[]},"typography_font_size_mobile":{"unit":"px","size":14,"sizes":[]},"typography_font_style":"normal","typography_text_decoration":"none","typography_line_height":{"unit":"em","size":1,"sizes":[]},"typography_line_height_tablet":{"unit":"em","size":1.3000000000000000444089209850062616169452667236328125,"sizes":[]},"typography_line_height_mobile":{"unit":"em","size":1.3000000000000000444089209850062616169452667236328125,"sizes":[]},"typography_letter_spacing_tablet":{"unit":"px","size":5.5999999999999996447286321199499070644378662109375,"sizes":[]},"typography_letter_spacing_mobile":{"unit":"px","size":5,"sizes":[]},"_margin_tablet":{"unit":"px","top":"0","right":"0","bottom":"45","left":"0","isLinked":false},"_margin_mobile":{"unit":"px","top":"0","right":"0","bottom":"45","left":"0","isLinked":false}},"elements":[],"isInner":false,"widgetType":"heading","elType":"widget"},{"id":"213b649a","settings":{"text":"Browse Collection","align":"right","size":"lg","typography_typography":"custom","typography_font_size":{"unit":"px","size":14},"typography_font_family":"Poppins","background_color":"rgba(255,255,255,0)","hover_color":"#000000","button_background_hover_color":"#ffffff","button_hover_border_color":"#ffffff","border_border":"solid","border_width":{"unit":"px","top":"2","right":"2","bottom":"2","left":"2","isLinked":true},"border_radius":{"unit":"px","top":"0","right":"0","bottom":"0","left":"0","isLinked":true},"_animation":"fadeIn","animation_duration":"slow","align_tablet":"center","link":{"url":"#shop","is_external":"","nofollow":""},"align_mobile":"center","typography_font_size_tablet":{"unit":"px","size":14,"sizes":[]},"typography_font_size_mobile":{"unit":"px","size":14,"sizes":[]},"typography_font_weight":"500","typography_text_transform":"none","typography_font_style":"normal","typography_text_decoration":"none","typography_line_height":{"unit":"em","size":1,"sizes":[]},"typography_line_height_tablet":{"unit":"em","size":1,"sizes":[]},"typography_line_height_mobile":{"unit":"em","size":1,"sizes":[]},"button_text_color":"#ffffff","border_width_tablet":{"unit":"px","top":"2","right":"2","bottom":"2","left":"2","isLinked":true},"border_width_mobile":{"unit":"px","top":"2","right":"2","bottom":"2","left":"2","isLinked":true},"border_color":"#ffffff"},"elements":[],"isInner":false,"widgetType":"button","elType":"widget"}],"isInner":false,"elType":"column"}],"isInner":false,"elType":"section"},{"id":"4f152bc1","settings":{"layout":"full_width","gap":"no","structure":"20","shape_divider_top_height":{"unit":"px","size":14},"shape_divider_top_flip":"yes","margin":{"unit":"px","top":"-50","right":0,"bottom":"0","left":0,"isLinked":false},"margin_tablet":{"unit":"px","top":"-50","right":0,"bottom":"0","left":0,"isLinked":false},"margin_mobile":{"unit":"px","top":"-50","right":0,"bottom":"0","left":0,"isLinked":false}},"elements":[{"id":"b76e27c","settings":{"_column_size":50,"_inline_size":40,"content_position":"center","background_background":"classic","background_color":"#ffffff","background_color_b":"#ffffff","background_gradient_angle":{"unit":"deg","size":0},"box_shadow_box_shadow_type":"yes","box_shadow_box_shadow":{"horizontal":-40,"vertical":40,"blur":0,"spread":-25,"color":"#000000"},"box_shadow_box_shadow_position":"inset","_inline_size_tablet":100},"elements":[{"id":"45054ce1","settings":[],"elements":[{"id":"5fbc7af4","settings":{"_column_size":100,"_inline_size":null,"content_position":"top","background_background":"gradient","background_gradient_angle":{"unit":"deg","size":120},"margin":{"unit":"px","top":"0","right":"15","bottom":"0","left":"0","isLinked":false},"padding":{"unit":"px","top":"100","right":"100","bottom":"100","left":"100","isLinked":true},"padding_mobile":{"unit":"px","top":"60","right":"40","bottom":"60","left":"40","isLinked":false},"margin_tablet":{"unit":"px","top":"0","right":"15","bottom":"0","left":"0","isLinked":false},"margin_mobile":{"unit":"px","top":"0","right":"0","bottom":"0","left":"0","isLinked":true},"padding_tablet":{"unit":"px","top":"100","right":"100","bottom":"100","left":"100","isLinked":true}},"elements":[{"id":"282d53ba","settings":{"title":"Suisen.","align":"left","title_color":"#070707","typography_typography":"custom","typography_font_size":{"unit":"px","size":60},"typography_font_family":"Poppins","typography_line_height":{"unit":"em","size":1},"typography_letter_spacing":{"unit":"px","size":-3},"_margin":{"unit":"px","top":"0","right":"0","bottom":"-20","left":"0","isLinked":false},"typography_font_weight":"bold","text_shadow_text_shadow_type":"yes","text_shadow_text_shadow":{"horizontal":0,"vertical":0,"blur":10,"color":"rgba(0,0,0,0.26)"},"_animation":"fadeInLeft","animation_duration":"fast","align_tablet":"left","align_mobile":"left","typography_font_size_tablet":{"unit":"px","size":60,"sizes":[]},"typography_font_size_mobile":{"unit":"px","size":46,"sizes":[]},"typography_text_transform":"none","typography_font_style":"normal","typography_text_decoration":"none","typography_line_height_tablet":{"unit":"em","size":1,"sizes":[]},"typography_line_height_mobile":{"unit":"em","size":1.100000000000000088817841970012523233890533447265625,"sizes":[]},"typography_letter_spacing_tablet":{"unit":"px","size":-3,"sizes":[]},"typography_letter_spacing_mobile":{"unit":"px","size":-3,"sizes":[]},"_margin_tablet":{"unit":"px","top":"0","right":"0","bottom":"-20","left":"0","isLinked":false},"_margin_mobile":{"unit":"px","top":"0","right":"0","bottom":"-20","left":"0","isLinked":false}},"elements":[],"isInner":false,"widgetType":"heading","elType":"widget"},{"id":"27dca6fb","settings":{"title":"Titanium \/ Steel Series.","header_size":"p","align":"left","title_color":"#878787","typography_typography":"custom","typography_font_size":{"unit":"px","size":14},"typography_font_family":"Roboto Condensed","typography_font_weight":"300","typography_text_transform":"uppercase","typography_letter_spacing":{"unit":"px","size":5.5999999999999996447286321199499070644378662109375},"_margin":{"unit":"px","top":"0","right":"0","bottom":"30","left":"0","isLinked":false},"_animation":"fadeIn","align_tablet":"left","align_mobile":"left","typography_font_size_tablet":{"unit":"px","size":14,"sizes":[]},"typography_font_size_mobile":{"unit":"px","size":14,"sizes":[]},"typography_font_style":"normal","typography_text_decoration":"none","typography_line_height":{"unit":"em","size":1,"sizes":[]},"typography_line_height_tablet":{"unit":"em","size":1,"sizes":[]},"typography_line_height_mobile":{"unit":"em","size":1.3000000000000000444089209850062616169452667236328125,"sizes":[]},"typography_letter_spacing_tablet":{"unit":"px","size":5.5999999999999996447286321199499070644378662109375,"sizes":[]},"typography_letter_spacing_mobile":{"unit":"px","size":5,"sizes":[]},"_margin_tablet":{"unit":"px","top":"0","right":"0","bottom":"30","left":"0","isLinked":false},"_margin_mobile":{"unit":"px","top":"0","right":"0","bottom":"30","left":"0","isLinked":false}},"elements":[],"isInner":false,"widgetType":"heading","elType":"widget"},{"id":"5dc68f7a","settings":{"editor":"<p>Sed vulputate vitae nulla at auctor. Vestibulum tempor eu risus eu posuere. Vivamus ex augue, tincidunt vel urna vitae, maximus luctus nunc. Vestibulum et tempus sem, eu consequat leo. In pellentesque eleifend augue a viverra. Nulla semper lectus hendrerit magna tristique, et eleifend ipsum euismod.<\/p>","text_color":"#848484","typography_typography":"custom","typography_font_size":{"unit":"px","size":14},"typography_font_family":"Lora","_margin":{"unit":"px","top":"0","right":"0","bottom":"30","left":"0","isLinked":false},"_animation":"fadeInUp","align":"left","align_tablet":"left","align_mobile":"left","typography_font_size_tablet":{"unit":"px","size":14,"sizes":[]},"typography_font_size_mobile":{"unit":"px","size":14,"sizes":[]},"typography_font_weight":"400","typography_text_transform":"none","typography_font_style":"normal","typography_text_decoration":"none","typography_line_height":{"unit":"em","size":1.6999999999999999555910790149937383830547332763671875,"sizes":[]},"typography_line_height_tablet":{"unit":"em","size":1.6999999999999999555910790149937383830547332763671875,"sizes":[]},"typography_line_height_mobile":{"unit":"em","size":1.6999999999999999555910790149937383830547332763671875,"sizes":[]},"_margin_tablet":{"unit":"px","top":"0","right":"0","bottom":"30","left":"0","isLinked":false},"_margin_mobile":{"unit":"px","top":"0","right":"0","bottom":"30","left":"0","isLinked":false},"custom_css":"p {\n    margin: 0;\n}"},"elements":[],"isInner":false,"widgetType":"text-editor","elType":"widget"},{"id":"294809dc","settings":{"text":"Shop Now","align":"left","size":"lg","typography_typography":"custom","typography_font_size":{"unit":"px","size":14},"typography_font_family":"Poppins","button_text_color":"#000000","background_color":"rgba(255,255,255,0)","hover_color":"#ffffff","button_background_hover_color":"#000000","button_hover_border_color":"#000000","border_border":"solid","border_width":{"unit":"px","top":"2","right":"2","bottom":"2","left":"2","isLinked":true},"border_color":"#000000","border_radius":{"unit":"px","top":"0","right":"0","bottom":"0","left":"0","isLinked":true},"button_box_shadow_box_shadow":{"horizontal":0,"vertical":0,"blur":32,"spread":-11,"color":"rgba(0,0,0,0.34)"},"_animation":"fadeIn","animation_duration":"slow","align_tablet":"left","align_mobile":"left","typography_font_size_tablet":{"unit":"px","size":14,"sizes":[]},"typography_font_size_mobile":{"unit":"px","size":14,"sizes":[]},"typography_font_weight":"500","typography_text_transform":"capitalize","typography_font_style":"normal","typography_text_decoration":"none","typography_line_height":{"unit":"em","size":1,"sizes":[]},"typography_line_height_tablet":{"unit":"em","size":1,"sizes":[]},"typography_line_height_mobile":{"unit":"em","size":1,"sizes":[]},"border_width_tablet":{"unit":"px","top":"2","right":"2","bottom":"2","left":"2","isLinked":true},"border_width_mobile":{"unit":"px","top":"2","right":"2","bottom":"2","left":"2","isLinked":true}},"elements":[],"isInner":false,"widgetType":"button","elType":"widget"}],"isInner":true,"elType":"column"}],"isInner":true,"elType":"section"}],"isInner":false,"elType":"column"},{"id":"49548585","settings":{"_column_size":50,"_inline_size":60,"background_background":"classic","background_overlay_background":"gradient","box_shadow_box_shadow":{"horizontal":-14,"vertical":-1,"blur":14,"spread":3,"color":"#000000"},"box_shadow_box_shadow_position":"inset","_inline_size_tablet":100},"elements":[{"id":"14ff5557","settings":{"image":{"url":"https:\/\/www.cssigniter.com\/elementor\/wp-content\/uploads\/2017\/10\/shades_01_bw.jpg","id":3221},"image_size":"full","align":"left","image_border_border":"solid","image_border_width":{"unit":"px","top":"0","right":"0","bottom":"15","left":"0","isLinked":false},"image_border_color":"#000000","_margin":{"unit":"px","top":"50","right":"0","bottom":"0","left":"0","isLinked":false},"_animation":"slideInUp","animation_duration":"fast","_margin_tablet":{"unit":"px","top":"0","right":"0","bottom":"0","left":"0","isLinked":true},"align_tablet":"center","align_mobile":"center","_margin_mobile":{"unit":"px","top":"0","right":"0","bottom":"0","left":"0","isLinked":false}},"elements":[],"isInner":false,"widgetType":"image","elType":"widget"}],"isInner":false,"elType":"column"}],"isInner":false,"elType":"section"},{"id":"37bcb452","settings":{"layout":"full_width","gap":"no","structure":"20","shape_divider_top_height":{"unit":"px","size":14},"shape_divider_top_flip":"yes","margin":{"unit":"px","top":"0","right":0,"bottom":"0","left":0,"isLinked":false},"reverse_order_mobile":"reverse-mobile"},"elements":[{"id":"53e7d8e2","settings":{"_column_size":50,"_inline_size":60,"box_shadow_box_shadow":{"horizontal":-14,"vertical":-1,"blur":25,"spread":12,"color":"#000000"},"box_shadow_box_shadow_position":"inset","_inline_size_tablet":100},"elements":[{"id":"3bd5d1","settings":{"image":{"url":"https:\/\/www.cssigniter.com\/elementor\/wp-content\/uploads\/2017\/10\/shades_02_bw.jpg","id":3223},"image_size":"full","align":"left","image_border_border":"solid","image_border_width":{"unit":"px","top":"0","right":"0","bottom":"15","left":"0","isLinked":false},"image_border_color":"#000000","image_box_shadow_box_shadow":{"horizontal":16,"vertical":0,"blur":32,"spread":0,"color":"#000000"},"_margin":{"unit":"px","top":"0","right":"0","bottom":"0","left":"0","isLinked":false},"_animation":"slideInUp","animation_duration":"fast","align_tablet":"center","align_mobile":"center","_margin_tablet":{"unit":"px","top":"0","right":"0","bottom":"0","left":"0","isLinked":false},"_margin_mobile":{"unit":"px","top":"0","right":"0","bottom":"0","left":"0","isLinked":false}},"elements":[],"isInner":false,"widgetType":"image","elType":"widget"}],"isInner":false,"elType":"column"},{"id":"19737dea","settings":{"_column_size":50,"_inline_size":40,"content_position":"center","background_background":"classic","background_color":"#ffffff","box_shadow_box_shadow_type":"yes","box_shadow_box_shadow":{"horizontal":84,"vertical":83,"blur":0,"spread":-70,"color":"#000000"},"box_shadow_box_shadow_position":"inset","margin":{"unit":"px","top":"-60","right":"0","bottom":"0","left":"0","isLinked":false},"_inline_size_tablet":100,"margin_tablet":{"unit":"px","top":"-15","right":"0","bottom":"0","left":"0","isLinked":false},"margin_mobile":{"unit":"px","top":"-15","right":"0","bottom":"0","left":"0","isLinked":false}},"elements":[{"id":"191492ad","settings":[],"elements":[{"id":"247d9f64","settings":{"_column_size":100,"_inline_size":null,"padding":{"unit":"px","top":"100","right":"100","bottom":"100","left":"100","isLinked":true},"_inline_size_tablet":100,"padding_mobile":{"unit":"px","top":"60","right":"40","bottom":"60","left":"40","isLinked":false},"padding_tablet":{"unit":"px","top":"100","right":"100","bottom":"100","left":"100","isLinked":true}},"elements":[{"id":"28782612","settings":{"title":"Sumire.","align":"left","title_color":"#070707","typography_typography":"custom","typography_font_size":{"unit":"px","size":60},"typography_font_family":"Poppins","typography_line_height":{"unit":"em","size":1},"typography_letter_spacing":{"unit":"px","size":-3},"_margin":{"unit":"px","top":"0","right":"0","bottom":"-20","left":"0","isLinked":false},"typography_font_weight":"bold","text_shadow_text_shadow_type":"yes","text_shadow_text_shadow":{"horizontal":0,"vertical":0,"blur":10,"color":"rgba(0,0,0,0.26)"},"_animation":"fadeInDown","animation_duration":"fast","align_tablet":"left","align_mobile":"left","typography_font_size_tablet":{"unit":"px","size":60,"sizes":[]},"typography_font_size_mobile":{"unit":"px","size":46,"sizes":[]},"typography_text_transform":"none","typography_font_style":"normal","typography_text_decoration":"none","typography_line_height_tablet":{"unit":"em","size":1,"sizes":[]},"typography_line_height_mobile":{"unit":"em","size":1.100000000000000088817841970012523233890533447265625,"sizes":[]},"typography_letter_spacing_tablet":{"unit":"px","size":-3,"sizes":[]},"typography_letter_spacing_mobile":{"unit":"px","size":-3,"sizes":[]},"_margin_tablet":{"unit":"px","top":"0","right":"0","bottom":"-20","left":"0","isLinked":false},"_margin_mobile":{"unit":"px","top":"0","right":"0","bottom":"-20","left":"0","isLinked":false}},"elements":[],"isInner":false,"widgetType":"heading","elType":"widget"},{"id":"6f86c250","settings":{"title":"Titanium \/ Steel Series.","header_size":"p","align":"left","title_color":"#878787","typography_typography":"custom","typography_font_size":{"unit":"px","size":14},"typography_font_family":"Roboto Condensed","typography_font_weight":"300","typography_text_transform":"uppercase","typography_letter_spacing":{"unit":"px","size":5.5999999999999996447286321199499070644378662109375},"_margin":{"unit":"px","top":"0","right":"0","bottom":"30","left":"0","isLinked":false},"_animation":"fadeIn","align_tablet":"left","align_mobile":"left","typography_font_size_tablet":{"unit":"px","size":14,"sizes":[]},"typography_font_size_mobile":{"unit":"px","size":14,"sizes":[]},"typography_font_style":"normal","typography_text_decoration":"none","typography_line_height":{"unit":"em","size":1,"sizes":[]},"typography_line_height_tablet":{"unit":"em","size":1,"sizes":[]},"typography_line_height_mobile":{"unit":"em","size":1.3000000000000000444089209850062616169452667236328125,"sizes":[]},"typography_letter_spacing_tablet":{"unit":"px","size":5.5999999999999996447286321199499070644378662109375,"sizes":[]},"typography_letter_spacing_mobile":{"unit":"px","size":5,"sizes":[]},"_margin_tablet":{"unit":"px","top":"0","right":"0","bottom":"30","left":"0","isLinked":false},"_margin_mobile":{"unit":"px","top":"0","right":"0","bottom":"30","left":"0","isLinked":false}},"elements":[],"isInner":false,"widgetType":"heading","elType":"widget"},{"id":"541fe38e","settings":{"editor":"<p>Sed vulputate vitae nulla at auctor. Vestibulum tempor eu risus eu posuere. Vivamus ex augue, tincidunt vel urna vitae, maximus luctus nunc. Vestibulum et tempus sem, eu consequat leo. In pellentesque eleifend augue a viverra. Nulla semper lectus hendrerit magna tristique, et eleifend ipsum euismod.<\/p>","text_color":"#848484","typography_typography":"custom","typography_font_size":{"unit":"px","size":14},"typography_font_family":"Lora","_margin":{"unit":"px","top":"0","right":"0","bottom":"30","left":"0","isLinked":false},"_animation":"fadeInUp","align":"left","align_tablet":"left","align_mobile":"left","typography_font_size_tablet":{"unit":"px","size":14,"sizes":[]},"typography_font_size_mobile":{"unit":"px","size":14,"sizes":[]},"typography_font_weight":"400","typography_text_transform":"none","typography_font_style":"normal","typography_text_decoration":"none","typography_line_height":{"unit":"em","size":1.6999999999999999555910790149937383830547332763671875,"sizes":[]},"typography_line_height_tablet":{"unit":"em","size":1.6999999999999999555910790149937383830547332763671875,"sizes":[]},"typography_line_height_mobile":{"unit":"em","size":1.6999999999999999555910790149937383830547332763671875,"sizes":[]},"_margin_tablet":{"unit":"px","top":"0","right":"0","bottom":"30","left":"0","isLinked":false},"_margin_mobile":{"unit":"px","top":"0","right":"0","bottom":"30","left":"0","isLinked":false}},"elements":[],"isInner":false,"widgetType":"text-editor","elType":"widget"},{"id":"5e3bcd0d","settings":{"text":"Shop Now","align":"left","size":"lg","typography_typography":"custom","typography_font_size":{"unit":"px","size":14},"typography_font_family":"Poppins","button_text_color":"#000000","background_color":"rgba(255,255,255,0)","hover_color":"#ffffff","button_background_hover_color":"#000000","button_hover_border_color":"#000000","border_border":"solid","border_width":{"unit":"px","top":"2","right":"2","bottom":"2","left":"2","isLinked":true},"border_color":"#000000","border_radius":{"unit":"px","top":"0","right":"0","bottom":"0","left":"0","isLinked":true},"button_box_shadow_box_shadow":{"horizontal":0,"vertical":0,"blur":32,"spread":-11,"color":"rgba(0,0,0,0.34)"},"_animation":"fadeIn","animation_duration":"slow","align_tablet":"left","align_mobile":"left","typography_font_size_tablet":{"unit":"px","size":14,"sizes":[]},"typography_font_size_mobile":{"unit":"px","size":14,"sizes":[]},"typography_font_weight":"500","typography_text_transform":"capitalize","typography_font_style":"normal","typography_text_decoration":"none","typography_line_height":{"unit":"em","size":1,"sizes":[]},"typography_line_height_tablet":{"unit":"em","size":1,"sizes":[]},"typography_line_height_mobile":{"unit":"em","size":1,"sizes":[]},"border_width_tablet":{"unit":"px","top":"2","right":"2","bottom":"2","left":"2","isLinked":true},"border_width_mobile":{"unit":"px","top":"2","right":"2","bottom":"2","left":"2","isLinked":true}},"elements":[],"isInner":false,"widgetType":"button","elType":"widget"}],"isInner":true,"elType":"column"}],"isInner":true,"elType":"section"}],"isInner":false,"elType":"column"}],"isInner":false,"elType":"section"},{"id":"6d36be20","settings":{"layout":"full_width","gap":"no","structure":"20","shape_divider_top_height":{"unit":"px","size":14},"shape_divider_top_flip":"yes","margin":{"unit":"px","top":"0","right":0,"bottom":"0","left":0,"isLinked":false}},"elements":[{"id":"3604af07","settings":{"_column_size":50,"_inline_size":40,"content_position":"center","background_background":"classic","background_color":"#ffffff","box_shadow_box_shadow_type":"yes","box_shadow_box_shadow":{"horizontal":-40,"vertical":40,"blur":0,"spread":-25,"color":"#000000"},"box_shadow_box_shadow_position":"inset","margin":{"unit":"px","top":"-60","right":"0","bottom":"0","left":"0","isLinked":false},"_inline_size_tablet":100,"margin_tablet":{"unit":"px","top":"0","right":"0","bottom":"0","left":"0","isLinked":true},"margin_mobile":{"unit":"px","top":"0","right":"0","bottom":"0","left":"0","isLinked":false}},"elements":[{"id":"4b2bb84","settings":{"margin_mobile":{"unit":"px","top":"0","right":0,"bottom":"0","left":0,"isLinked":false}},"elements":[{"id":"53c6af4a","settings":{"_column_size":100,"_inline_size":null,"content_position":"top","padding":{"unit":"px","top":"100","right":"100","bottom":"100","left":"100","isLinked":true},"margin_mobile":{"unit":"px","top":"0","right":"0","bottom":"0","left":"0","isLinked":false},"padding_mobile":{"unit":"px","top":"50","right":"40","bottom":"50","left":"40","isLinked":false},"margin":{"unit":"px","top":"0","right":"0","bottom":"0","left":"0","isLinked":false},"margin_tablet":{"unit":"px","top":"0","right":"0","bottom":"0","left":"0","isLinked":false},"padding_tablet":{"unit":"px","top":"100","right":"100","bottom":"100","left":"100","isLinked":true}},"elements":[{"id":"14fee15c","settings":{"title":"Kiku.","align":"left","title_color":"#070707","typography_typography":"custom","typography_font_size":{"unit":"px","size":60},"typography_font_family":"Poppins","typography_line_height":{"unit":"em","size":1},"typography_letter_spacing":{"unit":"px","size":-3},"_margin":{"unit":"px","top":"0","right":"0","bottom":"-20","left":"0","isLinked":false},"typography_font_weight":"bold","text_shadow_text_shadow_type":"yes","text_shadow_text_shadow":{"horizontal":0,"vertical":0,"blur":10,"color":"rgba(0,0,0,0.26)"},"_animation":"fadeInLeft","animation_duration":"fast","align_tablet":"left","align_mobile":"left","typography_font_size_tablet":{"unit":"px","size":60,"sizes":[]},"typography_font_size_mobile":{"unit":"px","size":46,"sizes":[]},"typography_text_transform":"none","typography_font_style":"normal","typography_text_decoration":"none","typography_line_height_tablet":{"unit":"em","size":1,"sizes":[]},"typography_line_height_mobile":{"unit":"em","size":1.100000000000000088817841970012523233890533447265625,"sizes":[]},"typography_letter_spacing_tablet":{"unit":"px","size":-3,"sizes":[]},"typography_letter_spacing_mobile":{"unit":"px","size":-3,"sizes":[]},"_margin_tablet":{"unit":"px","top":"0","right":"0","bottom":"-20","left":"0","isLinked":false},"_margin_mobile":{"unit":"px","top":"0","right":"0","bottom":"-20","left":"0","isLinked":false}},"elements":[],"isInner":false,"widgetType":"heading","elType":"widget"},{"id":"41829ae0","settings":{"title":"Titanium \/ Steel Series.","header_size":"p","align":"left","title_color":"#878787","typography_typography":"custom","typography_font_size":{"unit":"px","size":14},"typography_font_family":"Roboto Condensed","typography_font_weight":"300","typography_text_transform":"uppercase","typography_letter_spacing":{"unit":"px","size":5.5999999999999996447286321199499070644378662109375},"_margin":{"unit":"px","top":"0","right":"0","bottom":"30","left":"0","isLinked":false},"_animation":"fadeIn","align_tablet":"left","align_mobile":"left","typography_font_size_tablet":{"unit":"px","size":14,"sizes":[]},"typography_font_size_mobile":{"unit":"px","size":14,"sizes":[]},"typography_font_style":"normal","typography_text_decoration":"none","typography_line_height":{"unit":"em","size":1,"sizes":[]},"typography_line_height_tablet":{"unit":"em","size":1,"sizes":[]},"typography_line_height_mobile":{"unit":"em","size":1.3000000000000000444089209850062616169452667236328125,"sizes":[]},"typography_letter_spacing_tablet":{"unit":"px","size":5.5999999999999996447286321199499070644378662109375,"sizes":[]},"typography_letter_spacing_mobile":{"unit":"px","size":5,"sizes":[]},"_margin_tablet":{"unit":"px","top":"0","right":"0","bottom":"30","left":"0","isLinked":false},"_margin_mobile":{"unit":"px","top":"0","right":"0","bottom":"30","left":"0","isLinked":false}},"elements":[],"isInner":false,"widgetType":"heading","elType":"widget"},{"id":"4cdfa8a3","settings":{"editor":"<p>Sed vulputate vitae nulla at auctor. Vestibulum tempor eu risus eu posuere. Vivamus ex augue, tincidunt vel urna vitae, maximus luctus nunc. Vestibulum et tempus sem, eu consequat leo. In pellentesque eleifend augue a viverra. Nulla semper lectus hendrerit magna tristique, et eleifend ipsum euismod.<\/p>","text_color":"#848484","typography_typography":"custom","typography_font_size":{"unit":"px","size":14},"typography_font_family":"Lora","_margin":{"unit":"px","top":"0","right":"0","bottom":"30","left":"0","isLinked":false},"_animation":"fadeInUp","align":"left","align_tablet":"left","align_mobile":"left","typography_font_size_tablet":{"unit":"px","size":14,"sizes":[]},"typography_font_size_mobile":{"unit":"px","size":14,"sizes":[]},"typography_font_weight":"400","typography_text_transform":"none","typography_font_style":"normal","typography_text_decoration":"none","typography_line_height":{"unit":"em","size":1.6999999999999999555910790149937383830547332763671875,"sizes":[]},"typography_line_height_tablet":{"unit":"em","size":1.6999999999999999555910790149937383830547332763671875,"sizes":[]},"typography_line_height_mobile":{"unit":"em","size":1.6999999999999999555910790149937383830547332763671875,"sizes":[]},"_margin_tablet":{"unit":"px","top":"0","right":"0","bottom":"30","left":"0","isLinked":false},"_margin_mobile":{"unit":"px","top":"0","right":"0","bottom":"30","left":"0","isLinked":false}},"elements":[],"isInner":false,"widgetType":"text-editor","elType":"widget"},{"id":"495b7e18","settings":{"text":"Shop Now","align":"left","size":"lg","typography_typography":"custom","typography_font_size":{"unit":"px","size":14},"typography_font_family":"Poppins","button_text_color":"#000000","background_color":"rgba(255,255,255,0)","hover_color":"#ffffff","button_background_hover_color":"#000000","button_hover_border_color":"#000000","border_border":"solid","border_width":{"unit":"px","top":"2","right":"2","bottom":"2","left":"2","isLinked":true},"border_color":"#000000","border_radius":{"unit":"px","top":"0","right":"0","bottom":"0","left":"0","isLinked":true},"button_box_shadow_box_shadow":{"horizontal":0,"vertical":0,"blur":32,"spread":-11,"color":"rgba(0,0,0,0.34)"},"_animation":"fadeIn","animation_duration":"slow","align_tablet":"left","align_mobile":"left","typography_font_size_tablet":{"unit":"px","size":14,"sizes":[]},"typography_font_size_mobile":{"unit":"px","size":14,"sizes":[]},"typography_font_weight":"500","typography_text_transform":"capitalize","typography_font_style":"normal","typography_text_decoration":"none","typography_line_height":{"unit":"em","size":1,"sizes":[]},"typography_line_height_tablet":{"unit":"em","size":1,"sizes":[]},"typography_line_height_mobile":{"unit":"em","size":1,"sizes":[]},"border_width_tablet":{"unit":"px","top":"2","right":"2","bottom":"2","left":"2","isLinked":true},"border_width_mobile":{"unit":"px","top":"2","right":"2","bottom":"2","left":"2","isLinked":true}},"elements":[],"isInner":false,"widgetType":"button","elType":"widget"}],"isInner":true,"elType":"column"}],"isInner":true,"elType":"section"}],"isInner":false,"elType":"column"},{"id":"12286d8e","settings":{"_column_size":50,"_inline_size":60,"background_background":"classic","background_overlay_background":"gradient","box_shadow_box_shadow":{"horizontal":-14,"vertical":-1,"blur":14,"spread":3,"color":"#000000"},"box_shadow_box_shadow_position":"inset","_inline_size_tablet":100},"elements":[{"id":"7cbecef0","settings":{"image":{"url":"https:\/\/www.cssigniter.com\/elementor\/wp-content\/uploads\/2017\/10\/shades_03_bw.jpg","id":3224},"image_size":"full","align":"left","image_border_border":"solid","image_border_width":{"unit":"px","top":"0","right":"0","bottom":"15","left":"0","isLinked":false},"image_border_color":"#000000","_margin":{"unit":"px","top":"0","right":"0","bottom":"0","left":"0","isLinked":false},"_animation":"slideInUp","animation_duration":"fast","align_tablet":"center","align_mobile":"center","_margin_tablet":{"unit":"px","top":"0","right":"0","bottom":"0","left":"0","isLinked":false},"_margin_mobile":{"unit":"px","top":"0","right":"0","bottom":"0","left":"0","isLinked":false}},"elements":[],"isInner":false,"widgetType":"image","elType":"widget"}],"isInner":false,"elType":"column"}],"isInner":false,"elType":"section"},{"id":"7ee48c3b","settings":{"layout":"full_width","gap":"no","structure":"20","shape_divider_top_height":{"unit":"px","size":14},"shape_divider_top_flip":"yes","margin":{"unit":"px","top":"0","right":0,"bottom":"0","left":0,"isLinked":false},"reverse_order_mobile":"reverse-mobile"},"elements":[{"id":"2071d38a","settings":{"_column_size":50,"_inline_size":60,"background_background":"classic","background_color":"#f7f7f7","box_shadow_box_shadow":{"horizontal":-14,"vertical":-1,"blur":25,"spread":12,"color":"#000000"},"box_shadow_box_shadow_position":"inset","_inline_size_tablet":100},"elements":[{"id":"3f5255ef","settings":{"anchor":"shop"},"elements":[],"isInner":false,"widgetType":"menu-anchor","elType":"widget"},{"id":"8ba5f78","settings":{"gap":"wide","structure":"30","padding":{"unit":"px","top":"100","right":"100","bottom":"50","left":"100","isLinked":false},"padding_tablet":{"unit":"px","top":"50","right":"50","bottom":"25","left":"50","isLinked":false},"padding_mobile":{"unit":"px","top":"50","right":"50","bottom":"25","left":"50","isLinked":false}},"elements":[{"id":"73e64469","settings":{"_column_size":33,"_inline_size":null,"background_hover_background":"gradient","background_hover_color_b":"rgba(242,41,91,0)","background_hover_transition":{"unit":"px","size":0.5},"border_hover_color":"#2d2d2d","border_hover_transition":{"unit":"px","size":0.5},"animation":"fadeIn","animation_delay":200},"elements":[{"id":"4a4e0c11","settings":{"image":{"url":"https:\/\/www.cssigniter.com\/elementor\/wp-content\/uploads\/2017\/10\/shades03a.png","id":3256},"align":"center","align_tablet":"center","align_mobile":"center"},"elements":[],"isInner":false,"widgetType":"image","elType":"widget"},{"id":"10bb5a7d","settings":{"title":"Aviator.","align":"center","title_color":"#070707","typography_typography":"custom","typography_font_size":{"unit":"px","size":20},"typography_font_family":"Poppins","typography_line_height":{"unit":"em","size":1},"_margin":{"unit":"px","top":"0","right":"0","bottom":"-10","left":"0","isLinked":false},"header_size":"h3","typography_font_weight":"500","text_shadow_text_shadow_type":"yes","text_shadow_text_shadow":{"horizontal":0,"vertical":0,"blur":10,"color":"rgba(0,0,0,0.26)"},"animation_duration":"fast","align_tablet":"center","align_mobile":"center","typography_font_size_tablet":{"unit":"px","size":20,"sizes":[]},"typography_font_size_mobile":{"unit":"px","size":20,"sizes":[]},"typography_text_transform":"capitalize","typography_font_style":"normal","typography_text_decoration":"none","typography_line_height_tablet":{"unit":"em","size":1,"sizes":[]},"typography_line_height_mobile":{"unit":"em","size":1.1999999999999999555910790149937383830547332763671875,"sizes":[]},"_margin_tablet":{"unit":"px","top":"0","right":"0","bottom":"-10","left":"0","isLinked":false},"_margin_mobile":{"unit":"px","top":"0","right":"0","bottom":"-10","left":"0","isLinked":false}},"elements":[],"isInner":false,"widgetType":"heading","elType":"widget"},{"id":"504efd5a","settings":{"title":"<del>$199<\/del> <strong>$129<\/strong>","header_size":"p","align":"center","title_color":"#878787","typography_typography":"custom","typography_font_size":{"unit":"px","size":14},"typography_font_family":"Roboto Condensed","typography_font_weight":"300","typography_text_transform":"uppercase","typography_letter_spacing":{"unit":"px","size":1},"_margin":{"unit":"px","top":"0","right":"0","bottom":"0","left":"0","isLinked":false},"_animation":"fadeIn","align_tablet":"center","align_mobile":"center","typography_font_size_tablet":{"unit":"px","size":14,"sizes":[]},"typography_font_size_mobile":{"unit":"px","size":14,"sizes":[]},"typography_font_style":"normal","typography_text_decoration":"none","typography_line_height":{"unit":"em","size":1.100000000000000088817841970012523233890533447265625,"sizes":[]},"typography_line_height_tablet":{"unit":"em","size":1.100000000000000088817841970012523233890533447265625,"sizes":[]},"typography_line_height_mobile":{"unit":"em","size":1,"sizes":[]},"typography_letter_spacing_tablet":{"unit":"px","size":1,"sizes":[]},"_margin_tablet":{"unit":"px","top":"0","right":"0","bottom":"0","left":"0","isLinked":false},"_margin_mobile":{"unit":"px","top":"0","right":"0","bottom":"0","left":"0","isLinked":false}},"elements":[],"isInner":false,"widgetType":"heading","elType":"widget"},{"id":"7eaacaad","settings":{"text":"Buy Now","align":"center","typography_typography":"custom","typography_font_size":{"unit":"px","size":12},"typography_font_family":"Poppins","typography_line_height":{"unit":"em","size":1.1999999999999999555910790149937383830547332763671875},"button_text_color":"#000000","background_color":"rgba(255,255,255,0)","hover_color":"#ffffff","button_background_hover_color":"#000000","button_hover_border_color":"#000000","border_border":"solid","border_width":{"unit":"px","top":"2","right":"2","bottom":"2","left":"2","isLinked":true},"border_color":"#000000","border_radius":{"unit":"px","top":"0","right":"0","bottom":"0","left":"0","isLinked":true},"button_box_shadow_box_shadow":{"horizontal":0,"vertical":0,"blur":32,"spread":-11,"color":"rgba(0,0,0,0.34)"},"animation_duration":"slow","align_tablet":"center","align_mobile":"center","typography_font_size_tablet":{"unit":"px","size":12,"sizes":[]},"typography_font_size_mobile":{"unit":"px","size":12,"sizes":[]},"typography_font_weight":"500","typography_text_transform":"capitalize","typography_font_style":"normal","typography_text_decoration":"none","typography_line_height_tablet":{"unit":"em","size":1.1999999999999999555910790149937383830547332763671875,"sizes":[]},"typography_line_height_mobile":{"unit":"em","size":1.1999999999999999555910790149937383830547332763671875,"sizes":[]},"border_width_tablet":{"unit":"px","top":"2","right":"2","bottom":"2","left":"2","isLinked":true},"border_width_mobile":{"unit":"px","top":"2","right":"2","bottom":"2","left":"2","isLinked":true}},"elements":[],"isInner":false,"widgetType":"button","elType":"widget"}],"isInner":true,"elType":"column"},{"id":"3704e832","settings":{"_column_size":33,"_inline_size":null,"background_hover_background":"gradient","background_hover_color_b":"rgba(242,41,91,0)","background_hover_transition":{"unit":"px","size":0.5},"border_hover_color":"#2d2d2d","border_hover_transition":{"unit":"px","size":0.5},"animation":"fadeIn","animation_delay":400},"elements":[{"id":"63931902","settings":{"image":{"url":"https:\/\/www.cssigniter.com\/elementor\/wp-content\/uploads\/2017\/10\/shades01a.png","id":3255},"align":"center","align_tablet":"center","align_mobile":"center"},"elements":[],"isInner":false,"widgetType":"image","elType":"widget"},{"id":"7c42f51d","settings":{"title":"Butterfly.","align":"center","title_color":"#070707","typography_typography":"custom","typography_font_size":{"unit":"px","size":20},"typography_font_family":"Poppins","typography_line_height":{"unit":"em","size":1},"_margin":{"unit":"px","top":"0","right":"0","bottom":"-10","left":"0","isLinked":false},"header_size":"h3","typography_font_weight":"500","text_shadow_text_shadow_type":"yes","text_shadow_text_shadow":{"horizontal":0,"vertical":0,"blur":10,"color":"rgba(0,0,0,0.26)"},"animation_duration":"fast","align_tablet":"center","align_mobile":"center","typography_font_size_tablet":{"unit":"px","size":20,"sizes":[]},"typography_font_size_mobile":{"unit":"px","size":20,"sizes":[]},"typography_text_transform":"capitalize","typography_font_style":"normal","typography_text_decoration":"none","typography_line_height_tablet":{"unit":"em","size":1,"sizes":[]},"typography_line_height_mobile":{"unit":"em","size":1.1999999999999999555910790149937383830547332763671875,"sizes":[]},"_margin_tablet":{"unit":"px","top":"0","right":"0","bottom":"-10","left":"0","isLinked":false},"_margin_mobile":{"unit":"px","top":"0","right":"0","bottom":"-10","left":"0","isLinked":false}},"elements":[],"isInner":false,"widgetType":"heading","elType":"widget"},{"id":"5c7a0d26","settings":{"title":"<del>$299<\/del> <strong>$159<\/strong>","header_size":"p","align":"center","title_color":"#878787","typography_typography":"custom","typography_font_size":{"unit":"px","size":14},"typography_font_family":"Roboto Condensed","typography_font_weight":"300","typography_text_transform":"uppercase","typography_letter_spacing":{"unit":"px","size":1},"_margin":{"unit":"px","top":"0","right":"0","bottom":"0","left":"0","isLinked":false},"_animation":"fadeIn","align_tablet":"center","align_mobile":"center","typography_font_size_tablet":{"unit":"px","size":14,"sizes":[]},"typography_font_size_mobile":{"unit":"px","size":14,"sizes":[]},"typography_font_style":"normal","typography_text_decoration":"none","typography_line_height":{"unit":"em","size":1.100000000000000088817841970012523233890533447265625,"sizes":[]},"typography_line_height_tablet":{"unit":"em","size":1.100000000000000088817841970012523233890533447265625,"sizes":[]},"typography_line_height_mobile":{"unit":"em","size":1,"sizes":[]},"typography_letter_spacing_tablet":{"unit":"px","size":1,"sizes":[]},"_margin_tablet":{"unit":"px","top":"0","right":"0","bottom":"0","left":"0","isLinked":false},"_margin_mobile":{"unit":"px","top":"0","right":"0","bottom":"0","left":"0","isLinked":false}},"elements":[],"isInner":false,"widgetType":"heading","elType":"widget"},{"id":"35f55c4e","settings":{"text":"Buy Now","align":"center","typography_typography":"custom","typography_font_size":{"unit":"px","size":12},"typography_font_family":"Poppins","typography_line_height":{"unit":"em","size":1.1999999999999999555910790149937383830547332763671875},"button_text_color":"#000000","background_color":"rgba(255,255,255,0)","hover_color":"#ffffff","button_background_hover_color":"#000000","button_hover_border_color":"#000000","border_border":"solid","border_width":{"unit":"px","top":"2","right":"2","bottom":"2","left":"2","isLinked":true},"border_color":"#000000","border_radius":{"unit":"px","top":"0","right":"0","bottom":"0","left":"0","isLinked":true},"button_box_shadow_box_shadow":{"horizontal":0,"vertical":0,"blur":32,"spread":-11,"color":"rgba(0,0,0,0.34)"},"animation_duration":"slow","align_tablet":"center","align_mobile":"center","typography_font_size_tablet":{"unit":"px","size":12,"sizes":[]},"typography_font_size_mobile":{"unit":"px","size":12,"sizes":[]},"typography_font_weight":"500","typography_text_transform":"capitalize","typography_font_style":"normal","typography_text_decoration":"none","typography_line_height_tablet":{"unit":"em","size":1.1999999999999999555910790149937383830547332763671875,"sizes":[]},"typography_line_height_mobile":{"unit":"em","size":1.1999999999999999555910790149937383830547332763671875,"sizes":[]},"border_width_tablet":{"unit":"px","top":"2","right":"2","bottom":"2","left":"2","isLinked":true},"border_width_mobile":{"unit":"px","top":"2","right":"2","bottom":"2","left":"2","isLinked":true}},"elements":[],"isInner":false,"widgetType":"button","elType":"widget"}],"isInner":true,"elType":"column"},{"id":"34311b89","settings":{"_column_size":33,"_inline_size":null,"background_hover_background":"gradient","background_hover_color_b":"rgba(242,41,91,0)","background_hover_gradient_angle":{"unit":"deg","size":0},"border_hover_color":"#2d2d2d","border_hover_transition":{"unit":"px","size":0.8000000000000000444089209850062616169452667236328125},"animation":"fadeIn","animation_delay":600},"elements":[{"id":"759e5d60","settings":{"image":{"url":"https:\/\/www.cssigniter.com\/elementor\/wp-content\/uploads\/2017\/10\/shades02a.png","id":3257},"align":"center","align_tablet":"center","align_mobile":"center"},"elements":[],"isInner":false,"widgetType":"image","elType":"widget"},{"id":"9b26e","settings":{"title":"Blaze.","align":"center","title_color":"#070707","typography_typography":"custom","typography_font_size":{"unit":"px","size":20},"typography_font_family":"Poppins","typography_line_height":{"unit":"em","size":1},"_margin":{"unit":"px","top":"0","right":"0","bottom":"-10","left":"0","isLinked":false},"header_size":"h3","typography_font_weight":"500","text_shadow_text_shadow_type":"yes","text_shadow_text_shadow":{"horizontal":0,"vertical":0,"blur":10,"color":"rgba(0,0,0,0.26)"},"animation_duration":"fast","align_tablet":"center","align_mobile":"center","typography_font_size_tablet":{"unit":"px","size":20,"sizes":[]},"typography_font_size_mobile":{"unit":"px","size":20,"sizes":[]},"typography_text_transform":"capitalize","typography_font_style":"normal","typography_text_decoration":"none","typography_line_height_tablet":{"unit":"em","size":1,"sizes":[]},"typography_line_height_mobile":{"unit":"em","size":1.1999999999999999555910790149937383830547332763671875,"sizes":[]},"_margin_tablet":{"unit":"px","top":"0","right":"0","bottom":"-10","left":"0","isLinked":false},"_margin_mobile":{"unit":"px","top":"0","right":"0","bottom":"-10","left":"0","isLinked":false}},"elements":[],"isInner":false,"widgetType":"heading","elType":"widget"},{"id":"1a25b491","settings":{"title":"<del>$139<\/del> <strong>$79<\/strong>","header_size":"p","align":"center","title_color":"#878787","typography_typography":"custom","typography_font_size":{"unit":"px","size":14},"typography_font_family":"Roboto Condensed","typography_font_weight":"300","typography_text_transform":"uppercase","typography_letter_spacing":{"unit":"px","size":1},"_margin":{"unit":"px","top":"0","right":"0","bottom":"0","left":"0","isLinked":false},"_animation":"fadeIn","align_tablet":"center","align_mobile":"center","typography_font_size_tablet":{"unit":"px","size":14,"sizes":[]},"typography_font_size_mobile":{"unit":"px","size":14,"sizes":[]},"typography_font_style":"normal","typography_text_decoration":"none","typography_line_height":{"unit":"em","size":1.100000000000000088817841970012523233890533447265625,"sizes":[]},"typography_line_height_tablet":{"unit":"em","size":1.100000000000000088817841970012523233890533447265625,"sizes":[]},"typography_line_height_mobile":{"unit":"em","size":1,"sizes":[]},"typography_letter_spacing_tablet":{"unit":"px","size":1,"sizes":[]},"_margin_tablet":{"unit":"px","top":"0","right":"0","bottom":"0","left":"0","isLinked":false},"_margin_mobile":{"unit":"px","top":"0","right":"0","bottom":"0","left":"0","isLinked":false}},"elements":[],"isInner":false,"widgetType":"heading","elType":"widget"},{"id":"44516ae2","settings":{"text":"Buy Now","align":"center","typography_typography":"custom","typography_font_size":{"unit":"px","size":12},"typography_font_family":"Poppins","typography_line_height":{"unit":"em","size":1.1999999999999999555910790149937383830547332763671875},"button_text_color":"#000000","background_color":"rgba(255,255,255,0)","hover_color":"#ffffff","button_background_hover_color":"#000000","button_hover_border_color":"#000000","border_border":"solid","border_width":{"unit":"px","top":"2","right":"2","bottom":"2","left":"2","isLinked":true},"border_color":"#000000","border_radius":{"unit":"px","top":"0","right":"0","bottom":"0","left":"0","isLinked":true},"button_box_shadow_box_shadow":{"horizontal":0,"vertical":0,"blur":32,"spread":-11,"color":"rgba(0,0,0,0.34)"},"animation_duration":"slow","align_tablet":"center","align_mobile":"center","typography_font_size_tablet":{"unit":"px","size":12,"sizes":[]},"typography_font_size_mobile":{"unit":"px","size":12,"sizes":[]},"typography_font_weight":"500","typography_text_transform":"capitalize","typography_font_style":"normal","typography_text_decoration":"none","typography_line_height_tablet":{"unit":"em","size":1.1999999999999999555910790149937383830547332763671875,"sizes":[]},"typography_line_height_mobile":{"unit":"em","size":1.1999999999999999555910790149937383830547332763671875,"sizes":[]},"border_width_tablet":{"unit":"px","top":"2","right":"2","bottom":"2","left":"2","isLinked":true},"border_width_mobile":{"unit":"px","top":"2","right":"2","bottom":"2","left":"2","isLinked":true}},"elements":[],"isInner":false,"widgetType":"button","elType":"widget"}],"isInner":true,"elType":"column"}],"isInner":true,"elType":"section"},{"id":"5f4578f9","settings":{"gap":"wide","structure":"30","padding":{"unit":"px","top":"50","right":"100","bottom":"100","left":"100","isLinked":false},"padding_tablet":{"unit":"px","top":"25","right":"50","bottom":"50","left":"50","isLinked":false},"padding_mobile":{"unit":"px","top":"25","right":"50","bottom":"50","left":"50","isLinked":false}},"elements":[{"id":"7aeb615f","settings":{"_column_size":33,"_inline_size":null,"background_hover_background":"gradient","background_hover_color_b":"rgba(242,41,91,0)","background_hover_transition":{"unit":"px","size":0.5},"border_hover_color":"#2d2d2d","animation":"fadeIn","animation_delay":800},"elements":[{"id":"76866753","settings":{"image":{"url":"https:\/\/www.cssigniter.com\/elementor\/wp-content\/uploads\/2017\/10\/shades04.png","id":3263},"align":"center","align_tablet":"center","align_mobile":"center"},"elements":[],"isInner":false,"widgetType":"image","elType":"widget"},{"id":"2061360d","settings":{"title":"AviatorRev.","align":"center","title_color":"#070707","typography_typography":"custom","typography_font_size":{"unit":"px","size":20},"typography_font_family":"Poppins","typography_line_height":{"unit":"em","size":1},"_margin":{"unit":"px","top":"0","right":"0","bottom":"-10","left":"0","isLinked":false},"header_size":"h3","typography_font_weight":"500","text_shadow_text_shadow_type":"yes","text_shadow_text_shadow":{"horizontal":0,"vertical":0,"blur":10,"color":"rgba(0,0,0,0.26)"},"animation_duration":"fast","align_tablet":"center","align_mobile":"center","typography_font_size_tablet":{"unit":"px","size":20,"sizes":[]},"typography_font_size_mobile":{"unit":"px","size":20,"sizes":[]},"typography_text_transform":"capitalize","typography_font_style":"normal","typography_text_decoration":"none","typography_line_height_tablet":{"unit":"em","size":1,"sizes":[]},"typography_line_height_mobile":{"unit":"em","size":1.1999999999999999555910790149937383830547332763671875,"sizes":[]},"_margin_tablet":{"unit":"px","top":"0","right":"0","bottom":"-10","left":"0","isLinked":false},"_margin_mobile":{"unit":"px","top":"0","right":"0","bottom":"-10","left":"0","isLinked":false}},"elements":[],"isInner":false,"widgetType":"heading","elType":"widget"},{"id":"71f7a453","settings":{"title":"<del>$189<\/del> <strong>$119<\/strong>","header_size":"p","align":"center","title_color":"#878787","typography_typography":"custom","typography_font_size":{"unit":"px","size":14},"typography_font_family":"Roboto Condensed","typography_font_weight":"300","typography_text_transform":"uppercase","typography_letter_spacing":{"unit":"px","size":1},"_margin":{"unit":"px","top":"0","right":"0","bottom":"0","left":"0","isLinked":false},"_animation":"fadeIn","align_tablet":"center","align_mobile":"center","typography_font_size_tablet":{"unit":"px","size":14,"sizes":[]},"typography_font_size_mobile":{"unit":"px","size":14,"sizes":[]},"typography_font_style":"normal","typography_text_decoration":"none","typography_line_height":{"unit":"em","size":1.100000000000000088817841970012523233890533447265625,"sizes":[]},"typography_line_height_tablet":{"unit":"em","size":1.100000000000000088817841970012523233890533447265625,"sizes":[]},"typography_line_height_mobile":{"unit":"em","size":1,"sizes":[]},"typography_letter_spacing_tablet":{"unit":"px","size":1,"sizes":[]},"_margin_tablet":{"unit":"px","top":"0","right":"0","bottom":"0","left":"0","isLinked":false},"_margin_mobile":{"unit":"px","top":"0","right":"0","bottom":"0","left":"0","isLinked":false}},"elements":[],"isInner":false,"widgetType":"heading","elType":"widget"},{"id":"ee2e254","settings":{"text":"Buy Now","align":"center","typography_typography":"custom","typography_font_size":{"unit":"px","size":12},"typography_font_family":"Poppins","typography_line_height":{"unit":"em","size":1.1999999999999999555910790149937383830547332763671875},"button_text_color":"#000000","background_color":"rgba(255,255,255,0)","hover_color":"#ffffff","button_background_hover_color":"#000000","button_hover_border_color":"#000000","border_border":"solid","border_width":{"unit":"px","top":"2","right":"2","bottom":"2","left":"2","isLinked":true},"border_color":"#000000","border_radius":{"unit":"px","top":"0","right":"0","bottom":"0","left":"0","isLinked":true},"button_box_shadow_box_shadow":{"horizontal":0,"vertical":0,"blur":32,"spread":-11,"color":"rgba(0,0,0,0.34)"},"animation_duration":"slow","align_tablet":"center","align_mobile":"center","typography_font_size_tablet":{"unit":"px","size":12,"sizes":[]},"typography_font_size_mobile":{"unit":"px","size":12,"sizes":[]},"typography_font_weight":"500","typography_text_transform":"capitalize","typography_font_style":"normal","typography_text_decoration":"none","typography_line_height_tablet":{"unit":"em","size":1.1999999999999999555910790149937383830547332763671875,"sizes":[]},"typography_line_height_mobile":{"unit":"em","size":1.1999999999999999555910790149937383830547332763671875,"sizes":[]},"border_width_tablet":{"unit":"px","top":"2","right":"2","bottom":"2","left":"2","isLinked":true},"border_width_mobile":{"unit":"px","top":"2","right":"2","bottom":"2","left":"2","isLinked":true}},"elements":[],"isInner":false,"widgetType":"button","elType":"widget"}],"isInner":true,"elType":"column"},{"id":"69798ca","settings":{"_column_size":33,"_inline_size":null,"background_hover_background":"gradient","background_hover_color_b":"rgba(242,41,91,0)","background_hover_transition":{"unit":"px","size":0.5},"border_hover_color":"#2d2d2d","animation":"fadeIn","animation_delay":1000},"elements":[{"id":"19819409","settings":{"image":{"url":"https:\/\/www.cssigniter.com\/elementor\/wp-content\/uploads\/2017\/10\/shades05.png","id":3262},"align":"center","align_tablet":"center","align_mobile":"center"},"elements":[],"isInner":false,"widgetType":"image","elType":"widget"},{"id":"76d9193c","settings":{"title":"MaskPlus.","align":"center","title_color":"#070707","typography_typography":"custom","typography_font_size":{"unit":"px","size":20},"typography_font_family":"Poppins","typography_line_height":{"unit":"em","size":1},"_margin":{"unit":"px","top":"0","right":"0","bottom":"-10","left":"0","isLinked":false},"header_size":"h3","typography_font_weight":"500","text_shadow_text_shadow_type":"yes","text_shadow_text_shadow":{"horizontal":0,"vertical":0,"blur":10,"color":"rgba(0,0,0,0.26)"},"animation_duration":"fast","align_tablet":"center","align_mobile":"center","typography_font_size_tablet":{"unit":"px","size":20,"sizes":[]},"typography_font_size_mobile":{"unit":"px","size":20,"sizes":[]},"typography_text_transform":"capitalize","typography_font_style":"normal","typography_text_decoration":"none","typography_line_height_tablet":{"unit":"em","size":1,"sizes":[]},"typography_line_height_mobile":{"unit":"em","size":1.1999999999999999555910790149937383830547332763671875,"sizes":[]},"_margin_tablet":{"unit":"px","top":"0","right":"0","bottom":"-10","left":"0","isLinked":false},"_margin_mobile":{"unit":"px","top":"0","right":"0","bottom":"-10","left":"0","isLinked":false}},"elements":[],"isInner":false,"widgetType":"heading","elType":"widget"},{"id":"736380e2","settings":{"title":"<del>$159<\/del> <strong>$119<\/strong>","header_size":"p","align":"center","title_color":"#878787","typography_typography":"custom","typography_font_size":{"unit":"px","size":14},"typography_font_family":"Roboto Condensed","typography_font_weight":"300","typography_text_transform":"uppercase","typography_letter_spacing":{"unit":"px","size":1},"_margin":{"unit":"px","top":"0","right":"0","bottom":"0","left":"0","isLinked":false},"_animation":"fadeIn","align_tablet":"center","align_mobile":"center","typography_font_size_tablet":{"unit":"px","size":14,"sizes":[]},"typography_font_size_mobile":{"unit":"px","size":14,"sizes":[]},"typography_font_style":"normal","typography_text_decoration":"none","typography_line_height":{"unit":"em","size":1.100000000000000088817841970012523233890533447265625,"sizes":[]},"typography_line_height_tablet":{"unit":"em","size":1.100000000000000088817841970012523233890533447265625,"sizes":[]},"typography_line_height_mobile":{"unit":"em","size":1,"sizes":[]},"typography_letter_spacing_tablet":{"unit":"px","size":1,"sizes":[]},"_margin_tablet":{"unit":"px","top":"0","right":"0","bottom":"0","left":"0","isLinked":false},"_margin_mobile":{"unit":"px","top":"0","right":"0","bottom":"0","left":"0","isLinked":false}},"elements":[],"isInner":false,"widgetType":"heading","elType":"widget"},{"id":"2aade1ee","settings":{"text":"Buy Now","align":"center","typography_typography":"custom","typography_font_size":{"unit":"px","size":12},"typography_font_family":"Poppins","typography_line_height":{"unit":"em","size":1.1999999999999999555910790149937383830547332763671875},"button_text_color":"#000000","background_color":"rgba(255,255,255,0)","hover_color":"#ffffff","button_background_hover_color":"#000000","button_hover_border_color":"#000000","border_border":"solid","border_width":{"unit":"px","top":"2","right":"2","bottom":"2","left":"2","isLinked":true},"border_color":"#000000","border_radius":{"unit":"px","top":"0","right":"0","bottom":"0","left":"0","isLinked":true},"button_box_shadow_box_shadow":{"horizontal":0,"vertical":0,"blur":32,"spread":-11,"color":"rgba(0,0,0,0.34)"},"animation_duration":"slow","align_tablet":"center","align_mobile":"center","typography_font_size_tablet":{"unit":"px","size":12,"sizes":[]},"typography_font_size_mobile":{"unit":"px","size":12,"sizes":[]},"typography_font_weight":"500","typography_text_transform":"capitalize","typography_font_style":"normal","typography_text_decoration":"none","typography_line_height_tablet":{"unit":"em","size":1.1999999999999999555910790149937383830547332763671875,"sizes":[]},"typography_line_height_mobile":{"unit":"em","size":1.1999999999999999555910790149937383830547332763671875,"sizes":[]},"border_width_tablet":{"unit":"px","top":"2","right":"2","bottom":"2","left":"2","isLinked":true},"border_width_mobile":{"unit":"px","top":"2","right":"2","bottom":"2","left":"2","isLinked":true}},"elements":[],"isInner":false,"widgetType":"button","elType":"widget"}],"isInner":true,"elType":"column"},{"id":"2e5fd2c8","settings":{"_column_size":33,"_inline_size":null,"background_hover_background":"gradient","background_hover_color_b":"rgba(242,41,91,0)","background_hover_transition":{"unit":"px","size":0.5},"border_hover_color":"#2d2d2d","animation":"fadeIn","animation_delay":1200},"elements":[{"id":"bad8067","settings":{"image":{"url":"https:\/\/www.cssigniter.com\/elementor\/wp-content\/uploads\/2017\/10\/shades06.png","id":3261},"align":"center","align_tablet":"center","align_mobile":"center"},"elements":[],"isInner":false,"widgetType":"image","elType":"widget"},{"id":"4f216506","settings":{"title":"ButterflyRev.","align":"center","title_color":"#070707","typography_typography":"custom","typography_font_size":{"unit":"px","size":20},"typography_font_family":"Poppins","typography_line_height":{"unit":"em","size":1},"_margin":{"unit":"px","top":"0","right":"0","bottom":"-10","left":"0","isLinked":false},"header_size":"h3","typography_font_weight":"500","text_shadow_text_shadow_type":"yes","text_shadow_text_shadow":{"horizontal":0,"vertical":0,"blur":10,"color":"rgba(0,0,0,0.26)"},"animation_duration":"fast","align_tablet":"center","align_mobile":"center","typography_font_size_tablet":{"unit":"px","size":20,"sizes":[]},"typography_font_size_mobile":{"unit":"px","size":20,"sizes":[]},"typography_text_transform":"capitalize","typography_font_style":"normal","typography_text_decoration":"none","typography_line_height_tablet":{"unit":"em","size":1,"sizes":[]},"typography_line_height_mobile":{"unit":"em","size":1.1999999999999999555910790149937383830547332763671875,"sizes":[]},"_margin_tablet":{"unit":"px","top":"0","right":"0","bottom":"-10","left":"0","isLinked":false},"_margin_mobile":{"unit":"px","top":"0","right":"0","bottom":"-10","left":"0","isLinked":false}},"elements":[],"isInner":false,"widgetType":"heading","elType":"widget"},{"id":"4e8a9705","settings":{"title":"<del>$149<\/del> <strong>$119<\/strong>","header_size":"p","align":"center","title_color":"#878787","typography_typography":"custom","typography_font_size":{"unit":"px","size":14},"typography_font_family":"Roboto Condensed","typography_font_weight":"300","typography_text_transform":"uppercase","typography_letter_spacing":{"unit":"px","size":1},"_margin":{"unit":"px","top":"0","right":"0","bottom":"0","left":"0","isLinked":false},"_animation":"fadeIn","align_tablet":"center","align_mobile":"center","typography_font_size_tablet":{"unit":"px","size":14,"sizes":[]},"typography_font_size_mobile":{"unit":"px","size":14,"sizes":[]},"typography_font_style":"normal","typography_text_decoration":"none","typography_line_height":{"unit":"em","size":1.100000000000000088817841970012523233890533447265625,"sizes":[]},"typography_line_height_tablet":{"unit":"em","size":1.100000000000000088817841970012523233890533447265625,"sizes":[]},"typography_line_height_mobile":{"unit":"em","size":1,"sizes":[]},"typography_letter_spacing_tablet":{"unit":"px","size":1,"sizes":[]},"_margin_tablet":{"unit":"px","top":"0","right":"0","bottom":"0","left":"0","isLinked":false},"_margin_mobile":{"unit":"px","top":"0","right":"0","bottom":"0","left":"0","isLinked":false}},"elements":[],"isInner":false,"widgetType":"heading","elType":"widget"},{"id":"6c74a610","settings":{"text":"Buy Now","align":"center","typography_typography":"custom","typography_font_size":{"unit":"px","size":12},"typography_font_family":"Poppins","typography_line_height":{"unit":"em","size":1.1999999999999999555910790149937383830547332763671875},"button_text_color":"#000000","background_color":"rgba(255,255,255,0)","hover_color":"#ffffff","button_background_hover_color":"#000000","button_hover_border_color":"#000000","border_border":"solid","border_width":{"unit":"px","top":"2","right":"2","bottom":"2","left":"2","isLinked":true},"border_color":"#000000","border_radius":{"unit":"px","top":"0","right":"0","bottom":"0","left":"0","isLinked":true},"button_box_shadow_box_shadow":{"horizontal":0,"vertical":0,"blur":32,"spread":-11,"color":"rgba(0,0,0,0.34)"},"animation_duration":"slow","align_tablet":"center","align_mobile":"center","typography_font_size_tablet":{"unit":"px","size":12,"sizes":[]},"typography_font_size_mobile":{"unit":"px","size":12,"sizes":[]},"typography_font_weight":"500","typography_text_transform":"capitalize","typography_font_style":"normal","typography_text_decoration":"none","typography_line_height_tablet":{"unit":"em","size":1.1999999999999999555910790149937383830547332763671875,"sizes":[]},"typography_line_height_mobile":{"unit":"em","size":1.1999999999999999555910790149937383830547332763671875,"sizes":[]},"border_width_tablet":{"unit":"px","top":"2","right":"2","bottom":"2","left":"2","isLinked":true},"border_width_mobile":{"unit":"px","top":"2","right":"2","bottom":"2","left":"2","isLinked":true}},"elements":[],"isInner":false,"widgetType":"button","elType":"widget"}],"isInner":true,"elType":"column"}],"isInner":true,"elType":"section"}],"isInner":false,"elType":"column"},{"id":"1a98fe62","settings":{"_column_size":50,"_inline_size":40,"content_position":"top","background_background":"classic","background_color":"#ffffff","box_shadow_box_shadow_type":"yes","box_shadow_box_shadow":{"horizontal":84,"vertical":83,"blur":0,"spread":-70,"color":"#000000"},"box_shadow_box_shadow_position":"inset","margin":{"unit":"px","top":"-60","right":"0","bottom":"0","left":"0","isLinked":false},"padding":{"unit":"px","top":"80","right":"0","bottom":"0","left":"0","isLinked":false},"_inline_size_tablet":100,"margin_tablet":{"unit":"px","top":"0","right":"0","bottom":"0","left":"0","isLinked":true},"padding_mobile":{"unit":"px","top":"0","right":"0","bottom":"0","left":"0","isLinked":true},"margin_mobile":{"unit":"px","top":"0","right":"0","bottom":"0","left":"0","isLinked":false},"padding_tablet":{"unit":"px","top":"80","right":"0","bottom":"0","left":"0","isLinked":false}},"elements":[{"id":"1349ff02","settings":[],"elements":[{"id":"571f8af5","settings":{"_column_size":100,"_inline_size":null,"padding":{"unit":"px","top":"100","right":"100","bottom":"100","left":"100","isLinked":true},"padding_mobile":{"unit":"px","top":"50","right":"40","bottom":"50","left":"40","isLinked":false}},"elements":[{"id":"10a1db5","settings":{"title":"Black Friday Offers.","align":"left","title_color":"#070707","typography_typography":"custom","typography_font_size":{"unit":"px","size":60},"typography_font_family":"Poppins","typography_line_height":{"unit":"em","size":1.100000000000000088817841970012523233890533447265625},"typography_letter_spacing":{"unit":"px","size":-3},"_margin":{"unit":"px","top":"0","right":"0","bottom":"-20","left":"0","isLinked":false},"typography_font_weight":"bold","text_shadow_text_shadow_type":"yes","text_shadow_text_shadow":{"horizontal":0,"vertical":0,"blur":10,"color":"rgba(0,0,0,0.26)"},"_animation":"fadeInDown","animation_duration":"fast","align_tablet":"left","align_mobile":"left","typography_font_size_tablet":{"unit":"px","size":60,"sizes":[]},"typography_font_size_mobile":{"unit":"px","size":46,"sizes":[]},"typography_text_transform":"none","typography_font_style":"normal","typography_text_decoration":"none","typography_line_height_tablet":{"unit":"em","size":1.1999999999999999555910790149937383830547332763671875,"sizes":[]},"typography_line_height_mobile":{"unit":"em","size":1.100000000000000088817841970012523233890533447265625,"sizes":[]},"typography_letter_spacing_tablet":{"unit":"px","size":-3,"sizes":[]},"typography_letter_spacing_mobile":{"unit":"px","size":-3,"sizes":[]},"_margin_tablet":{"unit":"px","top":"0","right":"0","bottom":"-20","left":"0","isLinked":false},"_margin_mobile":{"unit":"px","top":"0","right":"0","bottom":"-20","left":"0","isLinked":false}},"elements":[],"isInner":false,"widgetType":"heading","elType":"widget"},{"id":"4163c855","settings":{"title":"Huge Discounts now available.","header_size":"p","align":"left","title_color":"#878787","typography_typography":"custom","typography_font_size":{"unit":"px","size":14},"typography_font_family":"Roboto Condensed","typography_font_weight":"300","typography_text_transform":"uppercase","typography_letter_spacing":{"unit":"px","size":5.5999999999999996447286321199499070644378662109375},"_margin":{"unit":"px","top":"0","right":"0","bottom":"30","left":"0","isLinked":false},"_animation":"fadeIn","align_tablet":"left","align_mobile":"left","typography_font_size_tablet":{"unit":"px","size":14,"sizes":[]},"typography_font_size_mobile":{"unit":"px","size":14,"sizes":[]},"typography_font_style":"normal","typography_text_decoration":"none","typography_line_height":{"unit":"em","size":1,"sizes":[]},"typography_line_height_tablet":{"unit":"em","size":1,"sizes":[]},"typography_line_height_mobile":{"unit":"em","size":1.3000000000000000444089209850062616169452667236328125,"sizes":[]},"typography_letter_spacing_tablet":{"unit":"px","size":5.5999999999999996447286321199499070644378662109375,"sizes":[]},"typography_letter_spacing_mobile":{"unit":"px","size":5,"sizes":[]},"_margin_tablet":{"unit":"px","top":"0","right":"0","bottom":"30","left":"0","isLinked":false},"_margin_mobile":{"unit":"px","top":"0","right":"0","bottom":"30","left":"0","isLinked":false}},"elements":[],"isInner":false,"widgetType":"heading","elType":"widget"},{"id":"352cdd51","settings":{"editor":"<p>Sed vulputate vitae nulla at auctor. Vestibulum tempor eu risus eu posuere. Vivamus ex augue, tincidunt vel urna vitae, maximus luctus nunc. Vestibulum et tempus sem, eu consequat leo. In pellentesque eleifend augue a viverra. Nulla semper lectus hendrerit magna tristique, et eleifend ipsum euismod.<\/p>","text_color":"#848484","typography_typography":"custom","typography_font_size":{"unit":"px","size":14},"typography_font_family":"Lora","_margin":{"unit":"px","top":"0","right":"0","bottom":"30","left":"0","isLinked":false},"_animation":"fadeInUp","align":"left","align_tablet":"left","align_mobile":"left","typography_font_size_tablet":{"unit":"px","size":14,"sizes":[]},"typography_font_size_mobile":{"unit":"px","size":14,"sizes":[]},"typography_font_weight":"400","typography_text_transform":"none","typography_font_style":"normal","typography_text_decoration":"none","typography_line_height":{"unit":"em","size":1.6999999999999999555910790149937383830547332763671875,"sizes":[]},"typography_line_height_tablet":{"unit":"em","size":1.6999999999999999555910790149937383830547332763671875,"sizes":[]},"typography_line_height_mobile":{"unit":"em","size":1.6999999999999999555910790149937383830547332763671875,"sizes":[]},"_margin_tablet":{"unit":"px","top":"0","right":"0","bottom":"30","left":"0","isLinked":false},"_margin_mobile":{"unit":"px","top":"0","right":"0","bottom":"30","left":"0","isLinked":false}},"elements":[],"isInner":false,"widgetType":"text-editor","elType":"widget"}],"isInner":true,"elType":"column"}],"isInner":true,"elType":"section"}],"isInner":false,"elType":"column"}],"isInner":false,"elType":"section"},{"id":"28c57ad4","settings":{"layout":"full_width","gap":"no","structure":"20","shape_divider_top_height":{"unit":"px","size":14},"shape_divider_top_flip":"yes","margin":{"unit":"px","top":"0","right":0,"bottom":"0","left":0,"isLinked":false}},"elements":[{"id":"26d93d07","settings":{"_column_size":50,"_inline_size":40,"content_position":"center","background_background":"classic","background_color":"#ffffff","box_shadow_box_shadow":{"horizontal":84,"vertical":83,"blur":0,"spread":-70,"color":"#000000"},"box_shadow_box_shadow_position":"inset","margin":{"unit":"px","top":"0","right":"0","bottom":"0","left":"0","isLinked":false},"_inline_size_tablet":100,"border_border":"solid","border_width":{"unit":"px","top":"15","right":"0","bottom":"0","left":"15","isLinked":false},"border_color":"#000000","margin_tablet":{"unit":"px","top":"0","right":"0","bottom":"0","left":"0","isLinked":false},"margin_mobile":{"unit":"px","top":"0","right":"0","bottom":"0","left":"0","isLinked":false}},"elements":[{"id":"121c7eb5","settings":[],"elements":[{"id":"46806af8","settings":{"_column_size":100,"_inline_size":null,"padding":{"unit":"px","top":"100","right":"100","bottom":"100","left":"100","isLinked":true},"padding_mobile":{"unit":"px","top":"60","right":"40","bottom":"60","left":"40","isLinked":false},"padding_tablet":{"unit":"px","top":"100","right":"100","bottom":"100","left":"100","isLinked":true}},"elements":[{"id":"3b67e156","settings":{"title":"Shades.","align":"left","title_color":"#070707","typography_typography":"custom","typography_font_size":{"unit":"px","size":60},"typography_font_family":"Poppins","typography_line_height":{"unit":"em","size":1},"typography_letter_spacing":{"unit":"px","size":-3},"_margin":{"unit":"px","top":"0","right":"0","bottom":"-20","left":"0","isLinked":false},"typography_font_weight":"bold","text_shadow_text_shadow_type":"yes","text_shadow_text_shadow":{"horizontal":0,"vertical":0,"blur":10,"color":"rgba(0,0,0,0.26)"},"_animation":"fadeInDown","animation_duration":"fast","align_tablet":"left","align_mobile":"left","typography_font_size_tablet":{"unit":"px","size":60,"sizes":[]},"typography_font_size_mobile":{"unit":"px","size":46,"sizes":[]},"typography_text_transform":"none","typography_font_style":"normal","typography_text_decoration":"none","typography_line_height_tablet":{"unit":"em","size":1,"sizes":[]},"typography_line_height_mobile":{"unit":"em","size":1.100000000000000088817841970012523233890533447265625,"sizes":[]},"typography_letter_spacing_tablet":{"unit":"px","size":-3,"sizes":[]},"typography_letter_spacing_mobile":{"unit":"px","size":-3,"sizes":[]},"_margin_tablet":{"unit":"px","top":"0","right":"0","bottom":"-20","left":"0","isLinked":false},"_margin_mobile":{"unit":"px","top":"0","right":"0","bottom":"-20","left":"0","isLinked":false}},"elements":[],"isInner":false,"widgetType":"heading","elType":"widget"},{"id":"212f5c6","settings":{"title":"Sunglasses Collection.","header_size":"p","align":"left","title_color":"#878787","typography_typography":"custom","typography_font_size":{"unit":"px","size":14},"typography_font_family":"Roboto Condensed","typography_font_weight":"300","typography_text_transform":"uppercase","typography_letter_spacing":{"unit":"px","size":5.5999999999999996447286321199499070644378662109375},"_margin":{"unit":"px","top":"0","right":"0","bottom":"30","left":"0","isLinked":false},"_animation":"fadeIn","align_tablet":"left","align_mobile":"left","typography_font_size_tablet":{"unit":"px","size":14,"sizes":[]},"typography_font_size_mobile":{"unit":"px","size":14,"sizes":[]},"typography_font_style":"normal","typography_text_decoration":"none","typography_line_height":{"unit":"em","size":1,"sizes":[]},"typography_line_height_tablet":{"unit":"em","size":1,"sizes":[]},"typography_line_height_mobile":{"unit":"em","size":1.3000000000000000444089209850062616169452667236328125,"sizes":[]},"typography_letter_spacing_tablet":{"unit":"px","size":5.5999999999999996447286321199499070644378662109375,"sizes":[]},"typography_letter_spacing_mobile":{"unit":"px","size":5,"sizes":[]},"_margin_tablet":{"unit":"px","top":"0","right":"0","bottom":"30","left":"0","isLinked":false},"_margin_mobile":{"unit":"px","top":"0","right":"0","bottom":"30","left":"0","isLinked":false}},"elements":[],"isInner":false,"widgetType":"heading","elType":"widget"},{"id":"2b6bd11c","settings":{"social_icon_list":[{"social":"fa fa-facebook","_id":"qiyw54v","link":{"url":"","is_external":"true","nofollow":""},"social_icon":{"value":"fab fa-facebook-f","library":"fa-brands"},"item_icon_color":"default","item_icon_primary_color":"","item_icon_secondary_color":"","__fa4_migrated":{"social_icon":true}},{"social":"fa fa-twitter","_id":"el0rcy4","link":{"url":"","is_external":"true","nofollow":""},"social_icon":{"value":"fab fa-twitter","library":"fa-brands"},"item_icon_color":"default","item_icon_primary_color":"","item_icon_secondary_color":"","__fa4_migrated":{"social_icon":true}},{"social":"fa fa-instagram","link":{"is_external":"true"},"_id":"g79z5j6","social_icon":{"value":"fab fa-instagram","library":"fa-brands"},"item_icon_color":"default","item_icon_primary_color":"","item_icon_secondary_color":"","__fa4_migrated":{"social_icon":true}},{"social":"fa fa-youtube","link":{"is_external":"true"},"_id":"0t3lg9g","social_icon":{"value":"fab fa-youtube","library":"fa-brands"},"item_icon_color":"default","item_icon_primary_color":"","item_icon_secondary_color":"","__fa4_migrated":{"social_icon":true}},{"social":"fa fa-wordpress","link":{"is_external":"true"},"_id":"8fg09do","social_icon":{"value":"fab fa-wordpress","library":"fa-brands"},"item_icon_color":"default","item_icon_primary_color":"","item_icon_secondary_color":"","__fa4_migrated":{"social_icon":true}}],"shape":"square","align":"left","icon_color":"custom","icon_primary_color":"#ffffff","icon_secondary_color":"#000000","icon_size":{"unit":"px","size":20},"icon_size_mobile":{"unit":"px","size":13},"icon_padding":{"unit":"em","size":1},"icon_spacing":{"unit":"px","size":3},"image_border_border":"solid","image_border_width":{"unit":"px","top":"2","right":"2","bottom":"2","left":"2","isLinked":true},"image_border_color":"#000000","hover_primary_color":"#000000","hover_secondary_color":"#ffffff","_padding_mobile":{"unit":"px","top":"0","right":"0","bottom":"0","left":"0","isLinked":true},"_animation":"fadeIn","align_tablet":"left","align_mobile":"left","icon_size_tablet":{"unit":"px","size":20,"sizes":[]},"icon_padding_tablet":{"unit":"em","size":1,"sizes":[]},"icon_padding_mobile":{"unit":"em","size":1,"sizes":[]},"icon_spacing_tablet":{"unit":"px","size":3,"sizes":[]},"icon_spacing_mobile":{"unit":"px","size":3,"sizes":[]},"image_border_width_tablet":{"unit":"px","top":"2","right":"2","bottom":"2","left":"2","isLinked":true},"image_border_width_mobile":{"unit":"px","top":"2","right":"2","bottom":"2","left":"2","isLinked":true},"hover_border_color":"#000000"},"elements":[],"isInner":false,"widgetType":"social-icons","elType":"widget"},{"id":"18e6c4c","settings":{"editor":"<p>Sed vulputate vitae nulla at auctor. Vestibulum tempor eu risus eu posuere. Vivamus ex augue, tincidunt vel urna vitae, maximus luctus nunc. Vestibulum et tempus sem, eu consequat leo. In pellentesque eleifend augue a viverra.<\/p>","text_color":"#848484","typography_typography":"custom","typography_font_size":{"unit":"px","size":14},"typography_font_family":"Lora","_margin":{"unit":"px","top":"0","right":"0","bottom":"30","left":"0","isLinked":false},"_animation":"fadeInUp","align":"left","align_tablet":"left","align_mobile":"left","typography_font_size_tablet":{"unit":"px","size":14,"sizes":[]},"typography_font_size_mobile":{"unit":"px","size":14,"sizes":[]},"typography_font_weight":"400","typography_text_transform":"none","typography_font_style":"normal","typography_text_decoration":"none","typography_line_height":{"unit":"em","size":1.6999999999999999555910790149937383830547332763671875,"sizes":[]},"typography_line_height_tablet":{"unit":"em","size":1.6999999999999999555910790149937383830547332763671875,"sizes":[]},"typography_line_height_mobile":{"unit":"em","size":1.6999999999999999555910790149937383830547332763671875,"sizes":[]},"_margin_tablet":{"unit":"px","top":"0","right":"0","bottom":"30","left":"0","isLinked":false},"_margin_mobile":{"unit":"px","top":"0","right":"0","bottom":"30","left":"0","isLinked":false}},"elements":[],"isInner":false,"widgetType":"text-editor","elType":"widget"}],"isInner":true,"elType":"column"}],"isInner":true,"elType":"section"}],"isInner":false,"elType":"column"},{"id":"1ba21dff","settings":{"_column_size":50,"_inline_size":60,"background_background":"classic","background_color":"#000000","box_shadow_box_shadow":{"horizontal":-14,"vertical":-1,"blur":25,"spread":12,"color":"#000000"},"box_shadow_box_shadow_position":"inset","padding":{"unit":"px","top":"200","right":"150","bottom":"200","left":"100","isLinked":false},"_inline_size_tablet":100,"padding_mobile":{"unit":"px","top":"40","right":"40","bottom":"40","left":"40","isLinked":true},"padding_tablet":{"unit":"px","top":"200","right":"150","bottom":"200","left":"100","isLinked":false}},"elements":[{"id":"79c4407","settings":{"title":"Sunglasses straight into your inbox.","align":"left","title_color":"#ffffff","typography_typography":"custom","typography_font_size":{"unit":"px","size":36},"typography_font_family":"Poppins","typography_line_height":{"unit":"em","size":1},"typography_letter_spacing":{"unit":"px","size":0.1000000000000000055511151231257827021181583404541015625},"_margin":{"unit":"px","top":"0","right":"0","bottom":"-15","left":"0","isLinked":false},"typography_font_weight":"bold","text_shadow_text_shadow_type":"yes","text_shadow_text_shadow":{"horizontal":0,"vertical":0,"blur":10,"color":"rgba(0,0,0,0.26)"},"_animation":"fadeInDown","animation_duration":"fast","align_tablet":"left","align_mobile":"left","typography_font_size_tablet":{"unit":"px","size":36,"sizes":[]},"typography_font_size_mobile":{"unit":"px","size":36,"sizes":[]},"typography_text_transform":"none","typography_font_style":"normal","typography_text_decoration":"none","typography_line_height_tablet":{"unit":"em","size":1.1999999999999999555910790149937383830547332763671875,"sizes":[]},"typography_line_height_mobile":{"unit":"em","size":1.1999999999999999555910790149937383830547332763671875,"sizes":[]},"typography_letter_spacing_tablet":{"unit":"px","size":0.1000000000000000055511151231257827021181583404541015625,"sizes":[]},"typography_letter_spacing_mobile":{"unit":"px","size":0.1000000000000000055511151231257827021181583404541015625,"sizes":[]},"_margin_tablet":{"unit":"px","top":"0","right":"0","bottom":"-15","left":"0","isLinked":false},"_margin_mobile":{"unit":"px","top":"0","right":"0","bottom":"-15","left":"0","isLinked":false}},"elements":[],"isInner":false,"widgetType":"heading","elType":"widget"},{"id":"3badf87c","settings":{"title":"We hate spam. We really do.","header_size":"p","align":"left","title_color":"#878787","typography_typography":"custom","typography_font_size":{"unit":"px","size":14},"typography_font_family":"Roboto Condensed","typography_font_weight":"300","typography_text_transform":"uppercase","typography_letter_spacing":{"unit":"px","size":5.5999999999999996447286321199499070644378662109375},"_margin":{"unit":"px","top":"0","right":"0","bottom":"50","left":"0","isLinked":false},"_animation":"fadeIn","align_tablet":"left","align_mobile":"left","typography_font_size_tablet":{"unit":"px","size":14,"sizes":[]},"typography_font_size_mobile":{"unit":"px","size":14,"sizes":[]},"typography_font_style":"normal","typography_text_decoration":"none","typography_line_height":{"unit":"em","size":1,"sizes":[]},"typography_line_height_tablet":{"unit":"em","size":1,"sizes":[]},"typography_line_height_mobile":{"unit":"em","size":1.3000000000000000444089209850062616169452667236328125,"sizes":[]},"typography_letter_spacing_tablet":{"unit":"px","size":5.5999999999999996447286321199499070644378662109375,"sizes":[]},"typography_letter_spacing_mobile":{"unit":"px","size":5,"sizes":[]},"_margin_tablet":{"unit":"px","top":"0","right":"0","bottom":"50","left":"0","isLinked":false},"_margin_mobile":{"unit":"px","top":"0","right":"0","bottom":"50","left":"0","isLinked":false}},"elements":[],"isInner":false,"widgetType":"heading","elType":"widget"},{"id":"4902640b","settings":{"form_name":"New Form","form_fields":[{"_id":"email","field_type":"email","required":"true","field_label":"Email","placeholder":"Email","width":"75","field_value":"","field_options":"","inline_list":"","width_tablet":"66","width_mobile":"100","rows":4,"recaptcha_size":"normal","recaptcha_style":"light","css_classes":"","allow_multiple":"","select_size":"","field_html":"","custom_id":"email","recaptcha_badge":"bottomright"}],"input_size":"lg","show_labels":"","button_text":"Subscribe","button_size":"lg","button_width":"25","email_content":"[all-fields]","email_content_2":"[all-fields]","success_message":"The form was sent successfully!","error_message":"There's something wrong... Please fill in the required fields.","required_field_message":"Required","invalid_message":"There's something wrong... The form is invalid.","column_gap":{"unit":"px","size":0},"field_text_color":"#686868","field_typography_typography":"custom","field_typography_font_size":{"unit":"px","size":14},"field_typography_font_family":"Poppins","field_border_color":"#ffffff","field_border_width":{"unit":"px","top":"2","right":"2","bottom":"2","left":"2","isLinked":true},"field_border_radius":{"unit":"px","top":"0","right":"0","bottom":"0","left":"0","isLinked":true},"button_text_color":"#ffffff","button_typography_typography":"custom","button_typography_font_size":{"unit":"px","size":15},"button_typography_font_family":"Poppins","button_background_color":"#000000","button_border_border":"solid","button_border_width":{"unit":"px","top":"2","right":"2","bottom":"2","left":"2","isLinked":true},"button_border_radius":{"unit":"px","top":"0","right":"0","bottom":"0","left":"0","isLinked":true},"button_text_padding":{"unit":"px","top":"1","right":"1","bottom":"1","left":"1","isLinked":true},"_animation":"fadeIn","button_width_tablet":"33","button_width_mobile":"100","button_align_tablet":"stretch","button_align_mobile":"stretch","field_typography_font_size_tablet":{"unit":"px","size":14,"sizes":[]},"field_typography_font_size_mobile":{"unit":"px","size":14,"sizes":[]},"field_typography_font_weight":"400","field_typography_text_transform":"none","field_typography_font_style":"normal","field_typography_text_decoration":"none","field_typography_line_height":{"unit":"em","size":1.399999999999999911182158029987476766109466552734375,"sizes":[]},"field_typography_line_height_tablet":{"unit":"em","size":1.399999999999999911182158029987476766109466552734375,"sizes":[]},"field_typography_line_height_mobile":{"unit":"em","size":1.399999999999999911182158029987476766109466552734375,"sizes":[]},"button_typography_font_size_tablet":{"unit":"px","size":15,"sizes":[]},"button_typography_font_size_mobile":{"unit":"px","size":15,"sizes":[]},"button_typography_font_weight":"500","button_typography_text_transform":"none","button_typography_font_style":"normal","button_typography_text_decoration":"none","button_typography_line_height":{"unit":"em","size":1.399999999999999911182158029987476766109466552734375,"sizes":[]},"button_typography_line_height_tablet":{"unit":"em","size":1.399999999999999911182158029987476766109466552734375,"sizes":[]},"button_typography_line_height_mobile":{"unit":"em","size":1.399999999999999911182158029987476766109466552734375,"sizes":[]},"button_background_hover_color":"rgba(0,0,0,0.95)","button_hover_color":"rgba(255,255,255,0.95)","button_hover_border_color":"#ffffff"},"elements":[],"isInner":false,"widgetType":"form","elType":"widget"},{"id":"2ffd3263","settings":{"editor":"<p>The form above requires Elementor Pro. You can, of course, use any other free contact form plugins like Contact form 7 or WPForms.<\/p>","text_color":"#a8a8a8","typography_typography":"custom","typography_font_size":{"unit":"px","size":12},"typography_font_family":"Lora","_margin":{"unit":"px","top":"0","right":"0","bottom":"30","left":"0","isLinked":false},"_animation":"fadeInUp","align":"left","align_tablet":"left","align_mobile":"left","typography_font_size_tablet":{"unit":"px","size":12,"sizes":[]},"typography_font_size_mobile":{"unit":"px","size":12,"sizes":[]},"typography_font_weight":"400","typography_text_transform":"none","typography_font_style":"normal","typography_text_decoration":"none","typography_line_height":{"unit":"em","size":1.6999999999999999555910790149937383830547332763671875,"sizes":[]},"typography_line_height_tablet":{"unit":"em","size":1.6999999999999999555910790149937383830547332763671875,"sizes":[]},"typography_line_height_mobile":{"unit":"em","size":1.6999999999999999555910790149937383830547332763671875,"sizes":[]}},"elements":[],"isInner":false,"widgetType":"text-editor","elType":"widget"}],"isInner":false,"elType":"column"}],"isInner":false,"elType":"section"}]}